日期,TWA00,TWA02,TWC50
1994-01-05,6416.84,0.0,0.0
1994-01-06,6454.52,0.0,0.0
1994-01-07,6200.59,0.0,0.0
1994-01-08,6375.15,0.0,0.0
1994-01-10,6343.83,0.0,0.0
1994-01-11,6240.39,0.0,0.0
1994-01-12,6215.21,0.0,0.0
1994-01-13,5851.4,0.0,0.0
1994-01-14,5743.77,0.0,0.0
1994-01-15,6067.12,0.0,0.0
1994-01-17,6054.93,0.0,0.0
1994-01-18,5876.43,0.0,0.0
1994-01-19,5910.33,0.0,0.0
1994-01-20,5809.65,0.0,0.0
1994-01-21,5944.87,0.0,0.0
1994-01-22,5970.03,0.0,0.0
1994-01-24,5957.88,0.0,0.0
1994-01-25,5835.51,0.0,0.0
1994-01-26,5845.5,0.0,0.0
1994-01-27,6022.39,0.0,0.0
1994-01-28,6016.08,0.0,0.0
1994-01-31,6115.12,0.0,0.0
1994-02-01,6176.91,0.0,0.0
1994-02-02,6259.21,0.0,0.0
1994-02-03,6362.08,0.0,0.0
1994-02-04,6256.33,0.0,0.0
1994-02-05,6294.13,0.0,0.0
1994-02-14,6015.26,0.0,0.0
1994-02-15,5985.01,0.0,0.0
1994-02-16,5862.63,0.0,0.0
1994-02-17,5905.49,0.0,0.0
1994-02-18,5845.47,0.0,0.0
1994-02-19,5813.82,0.0,0.0
1994-02-21,5783.89,0.0,0.0
1994-02-22,5733.91,0.0,0.0
1994-02-23,5769.19,0.0,0.0
1994-02-24,5670.71,0.0,0.0
1994-02-25,5666.58,0.0,0.0
1994-02-26,5590.27,0.0,0.0
1994-02-28,5414.64,0.0,0.0
1994-03-01,5452.44,0.0,0.0
1994-03-02,5429.37,0.0,0.0
1994-03-03,5457.74,0.0,0.0
1994-03-04,5672.87,0.0,0.0
1994-03-05,5671.46,0.0,0.0
1994-03-07,5647.59,0.0,0.0
1994-03-08,5456.68,0.0,0.0
1994-03-09,5466.69,0.0,0.0
1994-03-10,5366.03,0.0,0.0
1994-03-11,5327.57,0.0,0.0
1994-03-12,5273.1,0.0,0.0
1994-03-14,5333.87,0.0,0.0
1994-03-15,5274.24,0.0,0.0
1994-03-16,5331.34,0.0,0.0
1994-03-17,5397.06,0.0,0.0
1994-03-18,5274.81,0.0,0.0
1994-03-19,5194.63,0.0,0.0
1994-03-21,5220.73,0.0,0.0
1994-03-22,5261.84,0.0,0.0
1994-03-23,5331.27,0.0,0.0
1994-03-24,5326.99,0.0,0.0
1994-03-25,5352.87,0.0,0.0
1994-03-26,5332.21,0.0,0.0
1994-03-28,5331.9,0.0,0.0
1994-03-30,5320.06,0.0,0.0
1994-03-31,5249.22,0.0,0.0
1994-04-01,5308.87,0.0,0.0
1994-04-02,5420.98,0.0,0.0
1994-04-06,5481.86,0.0,0.0
1994-04-07,5475.68,0.0,0.0
1994-04-08,5528.47,0.0,0.0
1994-04-09,5565.84,0.0,0.0
1994-04-11,5488.48,0.0,0.0
1994-04-12,5475.34,0.0,0.0
1994-04-13,5453.14,0.0,0.0
1994-04-14,5461.99,0.0,0.0
1994-04-15,5592.9,0.0,0.0
1994-04-16,5585.81,0.0,0.0
1994-04-18,5690.13,0.0,0.0
1994-04-19,5675.75,0.0,0.0
1994-04-20,5692.32,0.0,0.0
1994-04-21,5741.47,0.0,0.0
1994-04-22,5837.03,0.0,0.0
1994-04-23,5837.33,0.0,0.0
1994-04-25,5918.55,0.0,0.0
1994-04-26,5851.16,0.0,0.0
1994-04-27,5882.98,0.0,0.0
1994-04-28,5887.86,0.0,0.0
1994-04-29,5729.12,0.0,0.0
1994-04-30,5737.33,0.0,0.0
1994-05-02,5777.48,0.0,0.0
1994-05-03,5800.35,0.0,0.0
1994-05-04,5907.54,0.0,0.0
1994-05-05,5916.77,0.0,0.0
1994-05-06,5953.27,0.0,0.0
1994-05-07,5981.73,0.0,0.0
1994-05-09,5996.8,0.0,0.0
1994-05-10,5937.37,0.0,0.0
1994-05-11,6024.47,0.0,0.0
1994-05-12,6004.38,0.0,0.0
1994-05-13,6061.95,0.0,0.0
1994-05-14,6092.02,0.0,0.0
1994-05-16,6114.78,0.0,0.0
1994-05-17,6015.83,0.0,0.0
1994-05-18,5983.25,0.0,0.0
1994-05-19,5944.61,0.0,0.0
1994-05-20,5905.79,0.0,0.0
1994-05-21,5831.18,0.0,0.0
1994-05-23,5817.68,0.0,0.0
1994-05-24,5769.12,0.0,0.0
1994-05-25,5775.18,0.0,0.0
1994-05-26,5852.36,0.0,0.0
1994-05-27,5806.77,0.0,0.0
1994-05-28,5871.7,0.0,0.0
1994-05-30,5934.5,0.0,0.0
1994-05-31,5891.56,0.0,0.0
1994-06-01,5961.45,0.0,0.0
1994-06-02,5956.62,0.0,0.0
1994-06-03,6023.69,0.0,0.0
1994-06-04,6039.33,0.0,0.0
1994-06-06,6077.25,0.0,0.0
1994-06-07,6069.85,0.0,0.0
1994-06-08,6098.58,0.0,0.0
1994-06-09,5942.38,0.0,0.0
1994-06-10,5994.66,0.0,0.0
1994-06-11,6073.43,0.0,0.0
1994-06-14,6098.94,0.0,0.0
1994-06-15,6115.06,0.0,0.0
1994-06-16,6149.64,0.0,0.0
1994-06-17,6159.74,0.0,0.0
1994-06-20,6038.41,0.0,0.0
1994-06-21,5948.97,0.0,0.0
1994-06-22,5957.61,0.0,0.0
1994-06-23,5871.14,0.0,0.0
1994-06-24,5939.62,0.0,0.0
1994-06-25,5903.35,0.0,0.0
1994-06-27,5866.95,0.0,0.0
1994-06-28,5874.56,0.0,0.0
1994-06-29,5933.15,0.0,0.0
1994-06-30,5932.6,0.0,0.0
1994-07-02,6005.84,0.0,0.0
1994-07-04,6067.63,0.0,0.0
1994-07-05,6064.95,0.0,0.0
1994-07-06,6115.18,0.0,0.0
1994-07-07,6095.34,0.0,0.0
1994-07-08,6191.79,0.0,0.0
1994-07-09,6185.27,0.0,0.0
1994-07-11,6313.0,0.0,0.0
1994-07-12,6331.36,0.0,0.0
1994-07-13,6318.23,0.0,0.0
1994-07-14,6304.61,0.0,0.0
1994-07-15,6407.5,0.0,0.0
1994-07-18,6533.46,0.0,0.0
1994-07-19,6526.39,0.0,0.0
1994-07-20,6474.3,0.0,0.0
1994-07-21,6577.7,0.0,0.0
1994-07-22,6496.6,0.0,0.0
1994-07-23,6556.23,0.0,0.0
1994-07-25,6688.0,0.0,0.0
1994-07-26,6727.22,0.0,0.0
1994-07-27,6661.34,0.0,0.0
1994-07-28,6642.13,0.0,0.0
1994-07-29,6749.4,0.0,0.0
1994-07-30,6720.05,0.0,0.0
1994-08-01,6839.02,0.0,0.0
1994-08-02,6879.56,0.0,0.0
1994-08-03,6723.56,0.0,0.0
1994-08-04,6789.57,0.0,0.0
1994-08-05,6919.21,0.0,0.0
1994-08-06,6940.32,0.0,0.0
1994-08-09,6944.91,0.0,0.0
1994-08-10,6838.01,0.0,0.0
1994-08-11,6692.02,0.0,0.0
1994-08-12,6628.14,0.0,0.0
1994-08-13,6563.91,0.0,0.0
1994-08-15,6543.57,0.0,0.0
1994-08-16,6583.9,0.0,0.0
1994-08-17,6645.9,0.0,0.0
1994-08-18,6586.16,0.0,0.0
1994-08-19,6766.38,0.0,0.0
1994-08-20,6805.84,0.0,0.0
1994-08-22,6838.6,0.0,0.0
1994-08-23,6798.19,0.0,0.0
1994-08-24,6862.14,0.0,0.0
1994-08-25,6858.01,0.0,0.0
1994-08-26,6881.1,0.0,0.0
1994-08-27,6953.04,0.0,0.0
1994-08-29,7040.52,0.0,0.0
1994-08-30,6980.28,0.0,0.0
1994-08-31,7008.11,0.0,0.0
1994-09-01,6974.15,0.0,0.0
1994-09-02,7010.63,0.0,0.0
1994-09-03,6951.25,0.0,0.0
1994-09-05,6866.32,0.0,0.0
1994-09-06,6830.47,0.0,0.0
1994-09-07,6895.93,0.0,0.0
1994-09-08,6928.58,0.0,0.0
1994-09-09,6987.2,0.0,0.0
1994-09-10,6999.82,0.0,0.0
1994-09-12,6967.48,0.0,0.0
1994-09-13,6955.02,0.0,0.0
1994-09-14,7025.18,0.0,0.0
1994-09-15,6989.97,0.0,0.0
1994-09-16,6981.2,0.0,0.0
1994-09-17,7048.24,0.0,0.0
1994-09-21,6999.44,0.0,0.0
1994-09-22,6889.88,0.0,0.0
1994-09-23,6930.28,0.0,0.0
1994-09-24,6922.02,0.0,0.0
1994-09-26,7025.76,0.0,0.0
1994-09-27,7029.1,0.0,0.0
1994-09-29,7101.13,0.0,0.0
1994-09-30,7091.13,0.0,0.0
1994-10-01,7135.12,0.0,0.0
1994-10-03,7183.75,0.0,0.0
1994-10-04,7179.92,0.0,0.0
1994-10-05,6944.59,0.0,0.0
1994-10-06,6653.32,0.0,0.0
1994-10-07,6620.36,0.0,0.0
1994-10-08,6214.48,0.0,0.0
1994-10-11,6124.71,0.0,0.0
1994-10-12,6495.78,0.0,0.0
1994-10-13,6626.39,0.0,0.0
1994-10-14,6567.77,0.0,0.0
1994-10-15,6695.46,0.0,0.0
1994-10-17,6731.23,0.0,0.0
1994-10-18,6755.53,0.0,0.0
1994-10-19,6669.1,0.0,0.0
1994-10-20,6761.37,0.0,0.0
1994-10-21,6839.78,0.0,0.0
1994-10-22,6770.96,0.0,0.0
1994-10-24,6742.39,0.0,0.0
1994-10-26,6685.87,0.0,0.0
1994-10-27,6594.97,0.0,0.0
1994-10-28,6604.98,0.0,0.0
1994-10-29,6526.47,0.0,0.0
1994-11-01,6201.21,0.0,0.0
1994-11-02,6342.66,0.0,0.0
1994-11-03,6306.29,0.0,0.0
1994-11-04,6369.11,0.0,0.0
1994-11-05,6372.21,0.0,0.0
1994-11-07,6320.02,0.0,0.0
1994-11-08,6348.2,0.0,0.0
1994-11-09,6449.99,0.0,0.0
1994-11-10,6444.68,0.0,0.0
1994-11-11,6482.68,0.0,0.0
1994-11-14,6393.27,0.0,0.0
1994-11-15,6381.8,0.0,0.0
1994-11-16,6346.78,0.0,0.0
1994-11-17,6297.88,0.0,0.0
1994-11-18,6350.71,0.0,0.0
1994-11-19,6449.68,0.0,0.0
1994-11-21,6404.62,0.0,0.0
1994-11-22,6345.27,0.0,0.0
1994-11-23,6371.48,0.0,0.0
1994-11-24,6340.02,0.0,0.0
1994-11-25,6421.82,0.0,0.0
1994-11-26,6439.65,0.0,0.0
1994-11-28,6384.2,0.0,0.0
1994-11-29,6388.1,0.0,0.0
1994-11-30,6363.72,0.0,0.0
1994-12-01,6444.05,0.0,0.0
1994-12-02,6479.82,0.0,0.0
1994-12-05,6750.22,0.0,0.0
1994-12-06,6709.47,0.0,0.0
1994-12-07,6777.68,0.0,0.0
1994-12-08,6775.38,0.0,0.0
1994-12-09,6763.01,0.0,0.0
1994-12-10,6722.51,0.0,0.0
1994-12-12,6722.4,0.0,0.0
1994-12-13,6697.57,0.0,0.0
1994-12-14,6681.9,0.0,0.0
1994-12-15,6823.13,0.0,0.0
1994-12-16,6811.99,0.0,0.0
1994-12-17,6937.33,0.0,0.0
1994-12-19,7055.3,0.0,0.0
1994-12-20,6925.28,0.0,0.0
1994-12-21,7010.6,0.0,0.0
1994-12-22,6965.68,0.0,0.0
1994-12-23,6857.95,0.0,0.0
1994-12-24,6994.11,0.0,0.0
1994-12-27,6982.91,0.0,0.0
1994-12-28,6947.83,0.0,0.0
1994-12-29,7027.43,0.0,0.0
1994-12-30,7111.1,0.0,0.0
1994-12-31,7124.66,0.0,0.0
1995-01-05,7051.49,0.0,0.0
1995-01-06,6919.31,0.0,0.0
1995-01-07,6915.4,0.0,0.0
1995-01-09,6869.08,0.0,0.0
1995-01-10,6756.88,0.0,0.0
1995-01-11,6777.24,0.0,0.0
1995-01-12,6609.5,0.0,0.0
1995-01-13,6582.4,0.0,0.0
1995-01-14,6511.3,0.0,0.0
1995-01-16,6536.65,0.0,0.0
1995-01-17,6515.79,0.0,0.0
1995-01-18,6623.52,0.0,0.0
1995-01-19,6598.02,0.0,0.0
1995-01-20,6372.01,0.0,0.0
1995-01-21,6431.99,0.0,0.0
1995-01-23,6295.04,0.0,0.0
1995-01-24,6167.79,0.0,0.0
1995-01-25,6299.62,0.0,0.0
1995-01-26,6307.85,0.0,0.0
1995-02-04,6328.38,0.0,0.0
1995-02-06,6417.28,0.0,0.0
1995-02-07,6531.82,0.0,0.0
1995-02-08,6526.74,0.0,0.0
1995-02-09,6543.42,0.0,0.0
1995-02-10,6554.78,0.0,0.0
1995-02-11,6565.24,0.0,0.0
1995-02-13,6498.21,0.0,0.0
1995-02-14,6504.59,0.0,0.0
1995-02-15,6576.25,0.0,0.0
1995-02-16,6646.55,0.0,0.0
1995-02-17,6646.25,0.0,0.0
1995-02-18,6650.29,0.0,0.0
1995-02-20,6612.97,0.0,0.0
1995-02-21,6633.03,0.0,0.0
1995-02-22,6603.88,0.0,0.0
1995-02-23,6552.95,0.0,0.0
1995-02-24,6596.07,0.0,0.0
1995-02-25,6591.36,0.0,0.0
1995-02-27,6388.57,0.0,0.0
1995-02-28,6509.33,0.0,0.0
1995-03-01,6337.83,0.0,0.0
1995-03-02,6450.39,0.0,0.0
1995-03-03,6516.83,0.0,0.0
1995-03-04,6530.74,0.0,0.0
1995-03-06,6474.94,0.0,0.0
1995-03-07,6480.76,0.0,0.0
1995-03-08,6426.07,0.0,0.0
1995-03-09,6388.36,0.0,0.0
1995-03-10,6453.52,0.0,0.0
1995-03-11,6480.98,0.0,0.0
1995-03-13,6503.18,0.0,0.0
1995-03-14,6480.31,0.0,0.0
1995-03-15,6555.19,0.0,0.0
1995-03-16,6564.66,0.0,0.0
1995-03-17,6594.26,0.0,0.0
1995-03-18,6587.96,0.0,0.0
1995-03-20,6541.58,0.0,0.0
1995-03-21,6524.87,0.0,0.0
1995-03-22,6479.01,0.0,0.0
1995-03-23,6441.85,0.0,0.0
1995-03-24,6433.44,0.0,0.0
1995-03-25,6401.39,0.0,0.0
1995-03-27,6470.28,0.0,0.0
1995-03-28,6464.76,0.0,0.0
1995-03-30,6514.46,0.0,0.0
1995-03-31,6524.0,0.0,0.0
1995-04-01,6573.54,0.0,0.0
1995-04-06,6575.71,0.0,0.0
1995-04-07,6518.83,0.0,0.0
1995-04-08,6552.49,0.0,0.0
1995-04-10,6528.98,0.0,0.0
1995-04-11,6497.06,0.0,0.0
1995-04-12,6462.34,0.0,0.0
1995-04-13,6417.58,0.0,0.0
1995-04-14,6356.55,0.0,0.0
1995-04-15,6247.75,0.0,0.0
1995-04-17,6112.07,0.0,0.0
1995-04-18,6106.56,0.0,0.0
1995-04-19,6109.6,0.0,0.0
1995-04-20,6136.54,0.0,0.0
1995-04-21,5943.21,0.0,0.0
1995-04-22,5987.93,0.0,0.0
1995-04-24,5963.86,0.0,0.0
1995-04-25,5803.14,0.0,0.0
1995-04-26,5735.23,0.0,0.0
1995-04-27,5898.53,0.0,0.0
1995-04-28,5825.99,0.0,0.0
1995-04-29,5803.78,0.0,0.0
1995-05-01,5789.98,0.0,0.0
1995-05-02,5771.81,0.0,0.0
1995-05-03,5779.68,0.0,0.0
1995-05-04,5699.14,0.0,0.0
1995-05-05,5574.99,0.0,0.0
1995-05-06,5642.16,0.0,0.0
1995-05-08,5674.53,0.0,0.0
1995-05-09,5775.15,0.0,0.0
1995-05-10,5765.42,0.0,0.0
1995-05-11,5776.18,0.0,0.0
1995-05-12,5740.02,0.0,0.0
1995-05-13,5844.29,0.0,0.0
1995-05-15,5828.21,0.0,0.0
1995-05-16,5799.88,0.0,0.0
1995-05-17,5771.46,0.0,0.0
1995-05-18,5758.53,0.0,0.0
1995-05-19,5757.65,0.0,0.0
1995-05-20,5730.94,0.0,0.0
1995-05-22,5705.5,0.0,0.0
1995-05-23,5705.03,0.0,0.0
1995-05-24,5645.71,0.0,0.0
1995-05-25,5618.99,0.0,0.0
1995-05-26,5561.15,0.0,0.0
1995-05-27,5524.07,0.0,0.0
1995-05-29,5597.44,0.0,0.0
1995-05-30,5647.07,0.0,0.0
1995-05-31,5674.55,0.0,0.0
1995-06-01,5714.33,0.0,0.0
1995-06-05,5671.18,0.0,0.0
1995-06-06,5678.31,0.0,0.0
1995-06-07,5681.58,0.0,0.0
1995-06-08,5641.02,0.0,0.0
1995-06-09,5609.79,0.0,0.0
1995-06-10,5641.19,0.0,0.0
1995-06-12,5620.94,0.0,0.0
1995-06-13,5513.7,0.0,0.0
1995-06-14,5413.74,0.0,0.0
1995-06-15,5360.09,0.0,0.0
1995-06-16,5443.43,0.0,0.0
1995-06-17,5341.2,0.0,0.0
1995-06-19,5249.88,0.0,0.0
1995-06-20,5317.04,0.0,0.0
1995-06-21,5238.79,0.0,0.0
1995-06-22,5361.21,0.0,0.0
1995-06-23,5490.79,0.0,0.0
1995-06-24,5629.44,0.0,0.0
1995-06-26,5646.83,0.0,0.0
1995-06-27,5593.01,0.0,0.0
1995-06-28,5495.88,0.0,0.0
1995-06-29,5444.63,0.0,0.0
1995-06-30,5444.97,0.0,0.0
1995-07-03,5312.94,0.0,0.0
1995-07-04,5320.25,0.0,0.0
1995-07-05,5482.32,0.0,0.0
1995-07-06,5478.18,0.0,0.0
1995-07-07,5598.74,0.0,0.0
1995-07-08,5591.77,0.0,0.0
1995-07-10,5569.83,0.0,0.0
1995-07-11,5594.87,0.0,0.0
1995-07-12,5624.69,0.0,0.0
1995-07-13,5593.0,0.0,0.0
1995-07-14,5549.7,0.0,0.0
1995-07-15,5505.98,0.0,0.0
1995-07-17,5429.4,0.0,0.0
1995-07-18,5416.94,0.0,0.0
1995-07-19,5187.79,0.0,0.0
1995-07-20,5047.72,0.0,0.0
1995-07-21,5058.7,0.0,0.0
1995-07-22,5116.91,0.0,0.0
1995-07-24,5134.4,0.0,0.0
1995-07-25,4994.7,0.0,0.0
1995-07-26,5001.6,0.0,0.0
1995-07-27,5279.32,0.0,0.0
1995-07-28,5297.11,0.0,0.0
1995-07-29,5218.42,0.0,0.0
1995-07-31,5180.42,0.0,0.0
1995-08-01,5199.63,0.0,0.0
1995-08-02,5042.79,0.0,0.0
1995-08-03,5051.15,0.0,0.0
1995-08-04,5071.89,0.0,0.0
1995-08-05,4823.86,0.0,0.0
1995-08-07,4919.11,0.0,0.0
1995-08-08,4917.09,0.0,0.0
1995-08-09,4729.37,0.0,0.0
1995-08-10,4769.85,0.0,0.0
1995-08-11,4551.89,0.0,0.0
1995-08-12,4648.37,0.0,0.0
1995-08-14,4503.37,0.0,0.0
1995-08-15,4591.41,0.0,0.0
1995-08-16,4792.39,0.0,0.0
1995-08-17,4825.78,0.0,0.0
1995-08-18,4830.34,0.0,0.0
1995-08-19,4742.81,0.0,0.0
1995-08-21,4773.38,0.0,0.0
1995-08-22,4807.21,0.0,0.0
1995-08-23,4753.37,0.0,0.0
1995-08-24,4654.39,0.0,0.0
1995-08-25,4670.61,0.0,0.0
1995-08-26,4650.44,0.0,0.0
1995-08-28,4730.56,0.0,0.0
1995-08-29,4768.4,0.0,0.0
1995-08-30,4832.48,0.0,0.0
1995-08-31,4809.93,0.0,0.0
1995-09-01,4785.29,0.0,0.0
1995-09-02,4860.91,0.0,0.0
1995-09-04,4937.02,0.0,0.0
1995-09-05,4965.27,0.0,0.0
1995-09-06,5111.82,0.0,0.0
1995-09-07,5133.44,0.0,0.0
1995-09-08,5182.51,0.0,0.0
1995-09-11,5063.82,0.0,0.0
1995-09-12,5067.75,0.0,0.0
1995-09-13,4986.99,0.0,0.0
1995-09-14,4956.02,0.0,0.0
1995-09-15,4995.53,0.0,0.0
1995-09-16,4962.54,0.0,0.0
1995-09-18,5040.15,0.0,0.0
1995-09-19,5045.25,0.0,0.0
1995-09-20,4994.39,0.0,0.0
1995-09-21,4980.03,0.0,0.0
1995-09-23,4991.57,0.0,0.0
1995-09-25,5160.16,0.0,0.0
1995-09-26,5094.42,0.0,0.0
1995-09-27,5078.42,0.0,0.0
1995-09-29,5013.43,0.0,0.0
1995-09-30,5033.06,0.0,0.0
1995-10-02,5045.62,0.0,0.0
1995-10-03,5035.79,0.0,0.0
1995-10-04,5086.45,0.0,0.0
1995-10-05,5100.47,0.0,0.0
1995-10-06,5213.73,0.0,0.0
1995-10-07,5207.12,0.0,0.0
1995-10-09,5260.78,0.0,0.0
1995-10-11,5165.36,0.0,0.0
1995-10-12,5108.93,0.0,0.0
1995-10-13,5115.82,0.0,0.0
1995-10-14,5015.61,0.0,0.0
1995-10-16,5038.98,0.0,0.0
1995-10-17,5081.0,0.0,0.0
1995-10-18,5033.07,0.0,0.0
1995-10-19,4941.42,0.0,0.0
1995-10-20,4953.56,0.0,0.0
1995-10-21,4937.98,0.0,0.0
1995-10-23,4975.44,0.0,0.0
1995-10-24,4995.79,0.0,0.0
1995-10-26,4990.57,0.0,0.0
1995-10-27,4936.77,0.0,0.0
1995-10-28,4897.45,0.0,0.0
1995-10-30,4817.04,0.0,0.0
1995-11-01,4801.66,0.0,0.0
1995-11-02,4826.64,0.0,0.0
1995-11-03,4819.99,0.0,0.0
1995-11-04,4814.35,0.0,0.0
1995-11-06,4862.59,0.0,0.0
1995-11-07,4825.19,0.0,0.0
1995-11-08,4773.7,0.0,0.0
1995-11-09,4717.48,0.0,0.0
1995-11-10,4694.96,0.0,0.0
1995-11-11,4718.6,0.0,0.0
1995-11-14,4630.97,0.0,0.0
1995-11-15,4608.7,0.0,0.0
1995-11-16,4639.28,0.0,0.0
1995-11-17,4566.08,0.0,0.0
1995-11-18,4583.49,0.0,0.0
1995-11-20,4565.72,0.0,0.0
1995-11-21,4621.67,0.0,0.0
1995-11-22,4629.27,0.0,0.0
1995-11-23,4574.83,0.0,0.0
1995-11-24,4586.75,0.0,0.0
1995-11-25,4663.81,0.0,0.0
1995-11-27,4769.04,0.0,0.0
1995-11-28,4766.69,0.0,0.0
1995-11-29,4700.88,0.0,0.0
1995-11-30,4777.2,0.0,0.0
1995-12-01,4809.94,0.0,0.0
1995-12-04,4745.89,0.0,0.0
1995-12-05,4772.97,0.0,0.0
1995-12-06,4722.93,0.0,0.0
1995-12-07,4748.64,0.0,0.0
1995-12-08,4836.04,0.0,0.0
1995-12-09,4884.92,0.0,0.0
1995-12-11,4958.13,0.0,0.0
1995-12-12,4959.4,0.0,0.0
1995-12-13,5018.01,0.0,0.0
1995-12-14,5064.99,0.0,0.0
1995-12-15,5053.9,0.0,0.0
1995-12-16,5029.61,0.0,0.0
1995-12-18,5112.92,0.0,0.0
1995-12-19,5082.17,0.0,0.0
1995-12-20,4964.84,0.0,0.0
1995-12-21,5093.85,0.0,0.0
1995-12-22,5091.94,0.0,0.0
1995-12-23,5163.28,0.0,0.0
1995-12-26,5105.37,0.0,0.0
1995-12-27,5071.55,0.0,0.0
1995-12-28,5108.18,0.0,0.0
1995-12-29,5158.65,0.0,0.0
1995-12-30,5173.73,0.0,0.0
1996-01-04,5146.04,0.0,0.0
1996-01-05,4799.3,0.0,0.0
1996-01-06,4847.21,0.0,0.0
1996-01-08,4934.86,0.0,0.0
1996-01-09,4911.99,0.0,0.0
1996-01-10,4862.35,0.0,0.0
1996-01-11,4942.62,0.0,0.0
1996-01-12,4962.8,0.0,0.0
1996-01-13,5025.3,0.0,0.0
1996-01-15,5027.01,0.0,0.0
1996-01-16,5015.36,0.0,0.0
1996-01-17,5017.48,0.0,0.0
1996-01-18,5028.2,0.0,0.0
1996-01-19,5016.76,0.0,0.0
1996-01-20,5037.25,0.0,0.0
1996-01-22,5039.0,0.0,0.0
1996-01-23,5008.25,0.0,0.0
1996-01-24,5013.72,0.0,0.0
1996-01-25,4940.07,0.0,0.0
1996-01-26,4935.09,0.0,0.0
1996-01-27,4861.53,0.0,0.0
1996-01-29,4692.3,0.0,0.0
1996-01-30,4803.8,0.0,0.0
1996-01-31,4763.4,0.0,0.0
1996-02-01,4775.28,0.0,0.0
1996-02-02,4791.32,0.0,0.0
1996-02-03,4790.08,0.0,0.0
1996-02-05,4759.25,0.0,0.0
1996-02-06,4690.22,0.0,0.0
1996-02-07,4758.83,0.0,0.0
1996-02-08,4741.46,0.0,0.0
1996-02-09,4764.95,0.0,0.0
1996-02-10,4776.03,0.0,0.0
1996-02-12,4866.81,0.0,0.0
1996-02-13,4857.27,0.0,0.0
1996-02-14,4836.39,0.0,0.0
1996-02-15,4809.02,0.0,0.0
1996-02-23,4865.0,0.0,0.0
1996-02-24,4837.63,0.0,0.0
1996-02-26,4775.86,0.0,0.0
1996-02-27,4769.64,0.0,0.0
1996-02-28,4751.19,0.0,0.0
1996-02-29,4797.67,0.0,0.0
1996-03-01,4877.38,0.0,0.0
1996-03-02,4854.9,0.0,0.0
1996-03-04,4855.23,0.0,0.0
1996-03-05,4792.74,0.0,0.0
1996-03-06,4725.81,0.0,0.0
1996-03-07,4750.74,0.0,0.0
1996-03-08,4805.09,0.0,0.0
1996-03-09,4809.51,0.0,0.0
1996-03-11,4711.43,0.0,0.0
1996-03-12,4692.4,0.0,0.0
1996-03-13,4751.08,0.0,0.0
1996-03-14,4851.65,0.0,0.0
1996-03-15,4936.31,0.0,0.0
1996-03-16,4940.85,0.0,0.0
1996-03-18,4941.42,0.0,0.0
1996-03-19,4950.32,0.0,0.0
1996-03-20,5040.52,0.0,0.0
1996-03-21,5042.28,0.0,0.0
1996-03-22,5066.55,0.0,0.0
1996-03-25,5067.51,0.0,0.0
1996-03-26,5092.92,0.0,0.0
1996-03-27,5043.11,0.0,0.0
1996-03-28,5032.35,0.0,0.0
1996-04-01,5127.49,0.0,0.0
1996-04-02,5175.75,0.0,0.0
1996-04-05,5377.19,0.0,0.0
1996-04-06,5581.13,0.0,0.0
1996-04-08,5599.8,0.0,0.0
1996-04-09,5589.72,0.0,0.0
1996-04-10,5768.03,0.0,0.0
1996-04-11,5712.5,0.0,0.0
1996-04-12,5945.06,0.0,0.0
1996-04-13,6070.63,0.0,0.0
1996-04-15,6122.46,0.0,0.0
1996-04-16,5938.22,0.0,0.0
1996-04-17,6087.98,0.0,0.0
1996-04-18,5942.8,0.0,0.0
1996-04-19,5945.67,0.0,0.0
1996-04-20,5927.52,0.0,0.0
1996-04-22,6052.85,0.0,0.0
1996-04-23,5907.01,0.0,0.0
1996-04-24,5986.81,0.0,0.0
1996-04-25,5970.15,0.0,0.0
1996-04-26,6051.21,0.0,0.0
1996-04-27,6115.92,0.0,0.0
1996-04-29,6182.7,0.0,0.0
1996-04-30,6134.28,0.0,0.0
1996-05-01,6114.14,0.0,0.0
1996-05-02,6081.71,0.0,0.0
1996-05-03,6131.45,0.0,0.0
1996-05-04,6141.84,0.0,0.0
1996-05-06,6086.37,0.0,0.0
1996-05-07,6025.19,0.0,0.0
1996-05-08,6019.87,0.0,0.0
1996-05-09,5965.02,0.0,0.0
1996-05-10,6035.21,0.0,0.0
1996-05-11,6145.77,0.0,0.0
1996-05-13,6127.19,0.0,0.0
1996-05-14,6155.83,0.0,0.0
1996-05-15,6095.41,0.0,0.0
1996-05-16,6096.93,0.0,0.0
1996-05-17,6022.72,0.0,0.0
1996-05-18,6021.18,0.0,0.0
1996-05-20,5774.89,0.0,0.0
1996-05-21,5729.48,0.0,0.0
1996-05-22,5732.99,0.0,0.0
1996-05-23,5790.76,0.0,0.0
1996-05-24,5934.81,0.0,0.0
1996-05-25,5909.41,0.0,0.0
1996-05-27,5898.45,0.0,0.0
1996-05-28,5859.54,0.0,0.0
1996-05-29,5876.43,0.0,0.0
1996-05-30,5892.92,0.0,0.0
1996-05-31,5966.82,0.0,0.0
1996-06-01,5983.39,0.0,0.0
1996-06-03,5973.49,0.0,0.0
1996-06-04,5921.92,0.0,0.0
1996-06-05,5951.86,0.0,0.0
1996-06-06,6019.05,0.0,0.0
1996-06-07,6096.54,0.0,0.0
1996-06-08,6109.22,0.0,0.0
1996-06-10,6073.09,0.0,0.0
1996-06-11,6125.79,0.0,0.0
1996-06-12,6301.82,0.0,0.0
1996-06-13,6376.1,0.0,0.0
1996-06-14,6314.74,0.0,0.0
1996-06-15,6412.4,0.0,0.0
1996-06-17,6423.11,0.0,0.0
1996-06-18,6323.76,0.0,0.0
1996-06-19,6380.07,0.0,0.0
1996-06-21,6355.66,0.0,0.0
1996-06-22,6401.35,0.0,0.0
1996-06-24,6431.25,0.0,0.0
1996-06-25,6384.07,0.0,0.0
1996-06-26,6380.87,0.0,0.0
1996-06-27,6537.2,0.0,0.0
1996-06-28,6507.05,0.0,0.0
1996-06-29,6560.41,0.0,0.0
1996-07-02,6497.83,0.0,0.0
1996-07-03,6435.41,0.0,0.0
1996-07-04,6428.4,0.0,0.0
1996-07-05,6441.02,0.0,0.0
1996-07-06,6380.75,0.0,0.0
1996-07-08,6327.46,0.0,0.0
1996-07-09,6328.23,0.0,0.0
1996-07-10,6225.59,0.0,0.0
1996-07-11,6247.19,0.0,0.0
1996-07-12,6226.26,0.0,0.0
1996-07-13,6116.88,0.0,0.0
1996-07-15,6062.52,0.0,0.0
1996-07-16,5955.5,0.0,0.0
1996-07-17,6102.73,0.0,0.0
1996-07-18,6122.2,0.0,0.0
1996-07-19,6192.28,0.0,0.0
1996-07-20,6210.61,0.0,0.0
1996-07-22,6159.08,0.0,0.0
1996-07-23,6086.16,0.0,0.0
1996-07-24,6095.74,0.0,0.0
1996-07-25,6034.07,0.0,0.0
1996-07-26,6053.7,0.0,0.0
1996-07-27,6173.95,0.0,0.0
1996-07-29,6123.05,0.0,0.0
1996-07-30,6106.97,0.0,0.0
1996-08-02,6160.99,0.0,0.0
1996-08-03,6106.87,0.0,0.0
1996-08-05,6083.66,0.0,0.0
1996-08-06,6266.98,0.0,0.0
1996-08-07,6261.46,0.0,0.0
1996-08-08,6341.93,0.0,0.0
1996-08-09,6315.66,0.0,0.0
1996-08-10,6314.88,0.0,0.0
1996-08-12,6317.62,0.0,0.0
1996-08-13,6325.16,0.0,0.0
1996-08-14,6373.93,0.0,0.0
1996-08-15,6284.93,0.0,0.0
1996-08-16,6249.61,0.0,0.0
1996-08-17,6228.62,0.0,0.0
1996-08-19,6047.51,0.0,0.0
1996-08-20,6057.44,0.0,0.0
1996-08-21,6177.78,0.0,0.0
1996-08-22,6160.82,0.0,0.0
1996-08-23,6200.22,0.0,0.0
1996-08-24,6190.56,0.0,0.0
1996-08-26,6200.48,0.0,0.0
1996-08-27,6232.53,0.0,0.0
1996-08-28,6256.76,0.0,0.0
1996-08-29,6312.43,0.0,0.0
1996-08-30,6309.82,0.0,0.0
1996-08-31,6324.6,0.0,0.0
1996-09-02,6342.17,0.0,0.0
1996-09-03,6257.97,0.0,0.0
1996-09-04,6228.78,0.0,0.0
1996-09-05,6304.96,0.0,0.0
1996-09-06,6290.23,0.0,0.0
1996-09-07,6371.97,0.0,0.0
1996-09-09,6435.43,0.0,0.0
1996-09-10,6415.76,0.0,0.0
1996-09-11,6455.44,0.0,0.0
1996-09-12,6425.68,0.0,0.0
1996-09-13,6471.63,0.0,0.0
1996-09-14,6464.55,0.0,0.0
1996-09-16,6518.46,0.0,0.0
1996-09-17,6478.44,0.0,0.0
1996-09-18,6499.02,0.0,0.0
1996-09-19,6535.59,0.0,0.0
1996-09-20,6499.52,0.0,0.0
1996-09-21,6490.09,0.0,0.0
1996-09-23,6453.98,0.0,0.0
1996-09-24,6477.85,0.0,0.0
1996-09-25,6438.52,0.0,0.0
1996-09-26,6508.17,0.0,0.0
1996-09-30,6504.68,0.0,0.0
1996-10-01,6513.73,0.0,0.0
1996-10-02,6538.24,0.0,0.0
1996-10-03,6611.58,0.0,0.0
1996-10-04,6616.21,0.0,0.0
1996-10-05,6644.66,0.0,0.0
1996-10-07,6620.42,0.0,0.0
1996-10-08,6584.91,0.0,0.0
1996-10-09,6587.86,0.0,0.0
1996-10-11,6578.36,0.0,0.0
1996-10-12,6625.44,0.0,0.0
1996-10-14,6626.41,0.0,0.0
1996-10-15,6616.38,0.0,0.0
1996-10-16,6551.26,0.0,0.0
1996-10-17,6494.34,0.0,0.0
1996-10-18,6475.42,0.0,0.0
1996-10-19,6431.95,0.0,0.0
1996-10-21,6441.15,0.0,0.0
1996-10-22,6426.3,0.0,0.0
1996-10-23,6437.06,0.0,0.0
1996-10-24,6458.91,0.0,0.0
1996-10-28,6424.72,0.0,0.0
1996-10-29,6359.67,0.0,0.0
1996-10-30,6426.09,0.0,0.0
1996-11-01,6455.11,0.0,0.0
1996-11-02,6562.94,0.0,0.0
1996-11-04,6622.61,0.0,0.0
1996-11-05,6604.14,0.0,0.0
1996-11-06,6653.65,0.0,0.0
1996-11-07,6629.68,0.0,0.0
1996-11-08,6581.96,0.0,0.0
1996-11-09,6583.08,0.0,0.0
1996-11-11,6571.12,0.0,0.0
1996-11-13,6577.29,0.0,0.0
1996-11-14,6601.63,0.0,0.0
1996-11-15,6587.44,0.0,0.0
1996-11-16,6596.1,0.0,0.0
1996-11-18,6659.72,0.0,0.0
1996-11-19,6687.88,0.0,0.0
1996-11-20,6729.36,0.0,0.0
1996-11-21,6692.49,0.0,0.0
1996-11-22,6761.39,0.0,0.0
1996-11-23,6842.16,0.0,0.0
1996-11-25,6938.87,0.0,0.0
1996-11-26,6927.77,0.0,0.0
1996-11-27,6932.96,0.0,0.0
1996-11-28,6876.41,0.0,0.0
1996-11-29,6765.93,0.0,0.0
1996-11-30,6826.06,0.0,0.0
1996-12-02,6982.81,0.0,0.0
1996-12-03,6936.39,0.0,0.0
1996-12-04,6943.64,0.0,0.0
1996-12-05,6919.49,0.0,0.0
1996-12-06,6806.81,0.0,0.0
1996-12-07,6779.61,0.0,0.0
1996-12-09,6808.83,0.0,0.0
1996-12-10,6841.03,0.0,0.0
1996-12-11,6802.74,0.0,0.0
1996-12-12,6825.62,0.0,0.0
1996-12-13,6825.1,0.0,0.0
1996-12-14,6889.19,0.0,0.0
1996-12-16,6891.42,0.0,0.0
1996-12-17,6855.57,0.0,0.0
1996-12-18,6896.52,0.0,0.0
1996-12-19,6859.4,0.0,0.0
1996-12-20,6890.66,0.0,0.0
1996-12-21,6900.49,0.0,0.0
1996-12-23,6932.0,0.0,0.0
1996-12-24,6935.72,0.0,0.0
1996-12-26,6889.03,0.0,0.0
1996-12-27,6863.02,0.0,0.0
1996-12-28,6903.9,0.0,0.0
1996-12-30,6926.27,0.0,0.0
1996-12-31,6933.94,0.0,0.0
1997-01-04,6820.35,0.0,0.0
1997-01-06,6844.75,0.0,0.0
1997-01-07,6875.02,0.0,0.0
1997-01-08,7019.43,0.0,0.0
1997-01-09,7010.76,0.0,0.0
1997-01-10,7094.77,0.0,0.0
1997-01-11,7118.07,0.0,0.0
1997-01-13,7189.47,0.0,0.0
1997-01-14,7137.76,0.0,0.0
1997-01-15,7165.46,0.0,0.0
1997-01-16,7206.42,0.0,0.0
1997-01-17,7173.42,0.0,0.0
1997-01-18,7154.2,0.0,0.0
1997-01-20,7254.32,0.0,0.0
1997-01-21,7251.04,0.0,0.0
1997-01-22,7290.77,0.0,0.0
1997-01-23,7219.55,0.0,0.0
1997-01-24,7248.01,0.0,0.0
1997-01-25,7212.28,0.0,0.0
1997-01-27,7156.96,0.0,0.0
1997-01-28,7146.21,0.0,0.0
1997-01-29,7149.54,0.0,0.0
1997-01-30,7221.98,0.0,0.0
1997-01-31,7283.4,0.0,0.0
1997-02-01,7315.39,0.0,0.0
1997-02-03,7346.88,0.0,0.0
1997-02-11,7410.47,0.0,0.0
1997-02-12,7424.1,0.0,0.0
1997-02-13,7536.28,0.0,0.0
1997-02-14,7499.51,0.0,0.0
1997-02-15,7598.93,0.0,0.0
1997-02-17,7687.18,0.0,0.0
1997-02-18,7642.03,0.0,0.0
1997-02-19,7656.85,0.0,0.0
1997-02-20,7678.04,0.0,0.0
1997-02-21,7791.19,0.0,0.0
1997-02-22,7739.94,0.0,0.0
1997-02-24,7908.61,0.0,0.0
1997-02-25,7887.36,0.0,0.0
1997-02-26,7730.49,0.0,0.0
1997-02-27,7832.07,0.0,0.0
1997-02-28,7875.32,0.0,0.0
1997-03-01,7983.71,0.0,0.0
1997-03-03,7880.45,0.0,0.0
1997-03-04,7956.57,0.0,0.0
1997-03-05,8019.46,0.0,0.0
1997-03-06,8081.0,0.0,0.0
1997-03-07,8162.68,0.0,0.0
1997-03-08,8182.44,0.0,0.0
1997-03-10,8174.18,0.0,0.0
1997-03-11,8246.64,0.0,0.0
1997-03-12,8255.07,0.0,0.0
1997-03-13,8268.15,0.0,0.0
1997-03-14,8275.57,0.0,0.0
1997-03-15,8291.31,0.0,0.0
1997-03-17,8426.42,0.0,0.0
1997-03-18,8526.2,0.0,0.0
1997-03-19,8441.52,0.0,0.0
1997-03-20,8492.67,0.0,0.0
1997-03-21,8230.07,0.0,0.0
1997-03-22,8234.07,0.0,0.0
1997-03-24,7946.88,0.0,0.0
1997-03-25,7843.43,0.0,0.0
1997-03-26,8029.33,0.0,0.0
1997-03-27,8089.71,0.0,0.0
1997-03-28,8119.7,0.0,0.0
1997-03-31,8004.2,0.0,0.0
1997-04-01,8163.41,0.0,0.0
1997-04-02,8203.89,0.0,0.0
1997-04-03,8367.57,0.0,0.0
1997-04-07,8517.7,0.0,0.0
1997-04-08,8460.63,0.0,0.0
1997-04-09,8655.82,0.0,0.0
1997-04-10,8584.12,0.0,0.0
1997-04-11,8593.08,0.0,0.0
1997-04-12,8487.89,0.0,0.0
1997-04-14,8639.37,0.0,0.0
1997-04-15,8616.11,0.0,0.0
1997-04-16,8614.78,0.0,0.0
1997-04-17,8492.1,0.0,0.0
1997-04-18,8326.53,0.0,0.0
1997-04-19,8302.25,0.0,0.0
1997-04-21,8421.87,0.0,0.0
1997-04-22,8430.62,0.0,0.0
1997-04-23,8576.94,0.0,0.0
1997-04-24,8629.23,0.0,0.0
1997-04-25,8654.19,0.0,0.0
1997-04-26,8661.72,0.0,0.0
1997-04-28,8660.76,0.0,0.0
1997-04-29,8592.44,0.0,0.0
1997-04-30,8485.66,0.0,0.0
1997-05-02,8187.0,0.0,0.0
1997-05-03,8314.67,0.0,0.0
1997-05-05,8269.43,0.0,0.0
1997-05-06,8294.27,0.0,0.0
1997-05-07,8427.07,0.0,0.0
1997-05-08,8349.85,0.0,0.0
1997-05-09,8233.37,0.0,0.0
1997-05-10,8274.19,0.0,0.0
1997-05-12,7966.64,0.0,0.0
1997-05-13,7952.12,0.0,0.0
1997-05-14,8181.62,0.0,0.0
1997-05-15,7996.1,0.0,0.0
1997-05-16,8081.79,0.0,0.0
1997-05-17,8141.12,0.0,0.0
1997-05-19,8107.54,0.0,0.0
1997-05-20,7996.75,0.0,0.0
1997-05-21,8022.89,0.0,0.0
1997-05-22,8150.66,0.0,0.0
1997-05-23,8144.38,0.0,0.0
1997-05-24,8178.7,0.0,0.0
1997-05-26,8194.66,0.0,0.0
1997-05-27,8123.26,0.0,0.0
1997-05-28,8058.46,0.0,0.0
1997-05-29,7997.65,0.0,0.0
1997-05-30,8004.49,0.0,0.0
1997-05-31,8163.11,0.0,0.0
1997-06-02,8197.3,0.0,0.0
1997-06-03,8255.78,0.0,0.0
1997-06-04,8282.91,0.0,0.0
1997-06-05,8231.3,0.0,0.0
1997-06-06,8342.94,0.0,0.0
1997-06-07,8367.46,0.0,0.0
1997-06-10,8392.98,0.0,0.0
1997-06-11,8267.0,0.0,0.0
1997-06-12,8259.28,0.0,0.0
1997-06-13,8315.02,0.0,0.0
1997-06-14,8502.18,0.0,0.0
1997-06-16,8640.45,0.0,0.0
1997-06-17,8679.24,0.0,0.0
1997-06-18,8713.49,0.0,0.0
1997-06-19,8636.29,0.0,0.0
1997-06-20,8882.13,0.0,0.0
1997-06-21,8833.83,0.0,0.0
1997-06-23,8925.12,0.0,0.0
1997-06-24,8918.17,0.0,0.0
1997-06-25,8956.41,0.0,0.0
1997-06-26,8871.76,0.0,0.0
1997-06-27,8984.59,0.0,0.0
1997-06-28,9024.48,0.0,0.0
1997-06-30,9030.28,0.0,0.0
1997-07-02,8996.72,0.0,0.0
1997-07-03,9027.63,0.0,0.0
1997-07-04,9192.57,0.0,0.0
1997-07-05,9258.63,0.0,0.0
1997-07-07,9322.84,0.0,0.0
1997-07-08,9305.27,0.0,0.0
1997-07-09,9362.68,0.0,0.0
1997-07-10,9429.74,0.0,0.0
1997-07-11,9394.63,0.0,0.0
1997-07-12,9501.08,0.0,0.0
1997-07-14,9593.54,0.0,0.0
1997-07-15,9555.98,0.0,0.0
1997-07-16,9544.56,0.0,0.0
1997-07-17,9571.8,0.0,0.0
1997-07-18,9677.4,0.0,0.0
1997-07-19,9749.3,0.0,0.0
1997-07-21,9833.77,0.0,0.0
1997-07-22,9550.4,0.0,0.0
1997-07-23,9381.06,0.0,0.0
1997-07-24,9632.42,0.0,0.0
1997-07-25,9808.91,0.0,0.0
1997-07-26,9869.25,0.0,0.0
1997-07-28,9923.05,0.0,0.0
1997-07-29,9892.34,0.0,0.0
1997-07-30,9942.79,0.0,0.0
1997-07-31,10066.35,0.0,0.0
1997-08-01,10001.56,0.0,0.0
1997-08-02,10048.9,0.0,0.0
1997-08-04,10065.76,0.0,0.0
1997-08-05,9919.68,0.0,0.0
1997-08-06,9861.47,0.0,0.0
1997-08-07,9840.88,0.0,0.0
1997-08-08,9923.84,0.0,0.0
1997-08-09,9993.54,0.0,0.0
1997-08-11,9897.27,0.0,0.0
1997-08-12,9807.74,0.0,0.0
1997-08-13,9556.12,0.0,0.0
1997-08-14,9632.34,0.0,0.0
1997-08-15,9770.8,0.0,0.0
1997-08-16,9706.57,0.0,0.0
1997-08-19,9712.45,0.0,0.0
1997-08-20,9855.16,0.0,0.0
1997-08-21,10025.13,0.0,0.0
1997-08-22,10020.55,0.0,0.0
1997-08-23,9965.42,0.0,0.0
1997-08-25,10011.47,0.0,0.0
1997-08-26,10116.84,0.0,0.0
1997-08-27,10050.67,0.0,0.0
1997-08-28,9827.49,0.0,0.0
1997-08-30,9756.47,0.0,0.0
1997-09-01,9504.99,0.0,0.0
1997-09-02,9211.67,0.0,0.0
1997-09-03,9460.76,0.0,0.0
1997-09-04,9147.85,0.0,0.0
1997-09-05,9290.39,0.0,0.0
1997-09-06,9382.73,0.0,0.0
1997-09-08,9149.29,0.0,0.0
1997-09-09,9079.36,0.0,0.0
1997-09-10,9145.18,0.0,0.0
1997-09-11,9115.1,0.0,0.0
1997-09-12,9155.24,0.0,0.0
1997-09-13,9093.84,0.0,0.0
1997-09-15,8932.02,0.0,0.0
1997-09-17,9087.55,0.0,0.0
1997-09-18,9141.33,0.0,0.0
1997-09-19,9243.71,0.0,0.0
1997-09-20,9201.21,0.0,0.0
1997-09-22,9220.99,0.0,0.0
1997-09-23,9073.77,0.0,0.0
1997-09-24,8994.02,0.0,0.0
1997-09-25,8791.81,0.0,0.0
1997-09-26,8719.0,0.0,0.0
1997-09-27,8829.38,0.0,0.0
1997-09-30,8708.83,0.0,0.0
1997-10-01,8695.02,0.0,0.0
1997-10-02,8504.66,0.0,0.0
1997-10-03,8537.18,0.0,0.0
1997-10-04,8380.83,0.0,0.0
1997-10-06,8392.59,0.0,0.0
1997-10-07,8221.35,0.0,0.0
1997-10-08,8255.82,0.0,0.0
1997-10-09,8461.87,0.0,0.0
1997-10-13,8463.16,0.0,0.0
1997-10-14,8429.35,0.0,0.0
1997-10-15,8262.4,0.0,0.0
1997-10-16,7997.81,0.0,0.0
1997-10-17,7832.15,0.0,0.0
1997-10-18,7618.45,0.0,0.0
1997-10-20,7316.78,0.0,0.0
1997-10-21,7734.05,0.0,0.0
1997-10-22,7692.47,0.0,0.0
1997-10-23,7825.01,0.0,0.0
1997-10-24,7719.04,0.0,0.0
1997-10-27,7662.53,0.0,0.0
1997-10-28,7210.01,0.0,0.0
1997-10-29,7089.56,0.0,0.0
1997-10-30,7313.4,0.0,0.0
1997-11-03,7646.35,0.0,0.0
1997-11-04,7785.32,0.0,0.0
1997-11-05,7864.22,0.0,0.0
1997-11-06,8076.77,0.0,0.0
1997-11-07,7860.09,0.0,0.0
1997-11-08,7670.76,0.0,0.0
1997-11-10,7767.14,0.0,0.0
1997-11-11,7712.16,0.0,0.0
1997-11-13,7554.94,0.0,0.0
1997-11-14,7482.92,0.0,0.0
1997-11-15,7492.26,0.0,0.0
1997-11-17,7690.54,0.0,0.0
1997-11-18,7644.97,0.0,0.0
1997-11-19,7705.4,0.0,0.0
1997-11-20,7693.29,0.0,0.0
1997-11-21,7773.35,0.0,0.0
1997-11-22,7907.49,0.0,0.0
1997-11-24,7756.25,0.0,0.0
1997-11-25,7759.97,0.0,0.0
1997-11-26,7698.24,0.0,0.0
1997-11-27,7762.15,0.0,0.0
1997-11-28,7797.19,0.0,0.0
1997-12-01,7400.64,0.0,0.0
1997-12-02,7679.53,0.0,0.0
1997-12-03,7902.51,0.0,0.0
1997-12-04,8050.13,0.0,0.0
1997-12-05,8166.87,0.0,0.0
1997-12-06,8243.76,0.0,0.0
1997-12-08,8402.17,0.0,0.0
1997-12-09,8333.49,0.0,0.0
1997-12-10,8503.55,0.0,0.0
1997-12-11,8270.58,0.0,0.0
1997-12-12,8398.27,0.0,0.0
1997-12-13,8343.88,0.0,0.0
1997-12-15,8241.49,0.0,0.0
1997-12-16,8193.65,0.0,0.0
1997-12-17,8347.2,0.0,0.0
1997-12-18,8255.05,0.0,0.0
1997-12-19,8092.58,0.0,0.0
1997-12-20,8154.27,0.0,0.0
1997-12-22,8104.03,0.0,0.0
1997-12-23,8038.31,0.0,0.0
1997-12-24,8075.05,0.0,0.0
1997-12-26,8132.5,0.0,0.0
1997-12-27,8104.64,0.0,0.0
1997-12-29,8076.65,0.0,0.0
1997-12-30,8145.77,0.0,0.0
1997-12-31,8187.27,0.0,0.0
1998-01-03,8159.11,0.0,0.0
1998-01-05,8028.63,0.0,0.0
1998-01-06,7966.18,0.0,0.0
1998-01-07,7835.56,0.0,0.0
1998-01-08,7778.16,0.0,0.0
1998-01-09,7737.2,0.0,0.0
1998-01-12,7375.14,0.0,0.0
1998-01-13,7513.24,0.0,0.0
1998-01-14,7798.25,0.0,0.0
1998-01-15,7770.77,0.0,0.0
1998-01-16,7799.1,0.0,0.0
1998-01-17,7895.48,0.0,0.0
1998-01-19,7847.62,0.0,0.0
1998-01-20,7907.68,0.0,0.0
1998-01-21,8098.65,0.0,0.0
1998-01-22,8085.47,0.0,0.0
1998-02-02,8405.11,0.0,0.0
1998-02-03,8514.18,0.0,0.0
1998-02-04,8470.61,0.0,0.0
1998-02-05,8621.97,0.0,0.0
1998-02-06,8544.14,0.0,0.0
1998-02-07,8683.46,0.0,0.0
1998-02-09,8634.61,0.0,0.0
1998-02-10,8567.66,0.0,0.0
1998-02-11,8713.42,0.0,0.0
1998-02-12,8800.02,0.0,0.0
1998-02-13,8706.46,0.0,0.0
1998-02-16,8708.29,0.0,0.0
1998-02-17,8782.09,0.0,0.0
1998-02-18,8837.34,0.0,0.0
1998-02-19,8978.51,0.0,0.0
1998-02-20,9037.48,0.0,0.0
1998-02-21,9088.81,0.0,0.0
1998-02-23,9147.0,0.0,0.0
1998-02-24,9066.46,0.0,0.0
1998-02-25,9027.1,0.0,0.0
1998-02-26,9229.19,0.0,0.0
1998-02-27,9202.56,0.0,0.0
1998-03-02,9277.09,0.0,0.0
1998-03-03,9211.83,0.0,0.0
1998-03-04,8977.54,0.0,0.0
1998-03-05,8765.32,0.0,0.0
1998-03-06,8847.65,0.0,0.0
1998-03-07,8850.74,0.0,0.0
1998-03-09,8887.36,0.0,0.0
1998-03-10,8897.27,0.0,0.0
1998-03-11,9030.55,0.0,0.0
1998-03-12,9056.37,0.0,0.0
1998-03-13,9055.51,0.0,0.0
1998-03-16,9065.3,0.0,0.0
1998-03-17,9045.55,0.0,0.0
1998-03-18,8952.66,0.0,0.0
1998-03-19,8859.41,0.0,0.0
1998-03-20,8904.23,0.0,0.0
1998-03-21,8856.06,0.0,0.0
1998-03-23,8757.59,0.0,0.0
1998-03-24,8806.85,0.0,0.0
1998-03-25,9040.75,0.0,0.0
1998-03-26,9014.17,0.0,0.0
1998-03-27,9095.83,0.0,0.0
1998-03-30,9088.96,0.0,0.0
1998-03-31,9091.16,0.0,0.0
1998-04-01,9041.5,0.0,0.0
1998-04-02,9013.1,0.0,0.0
1998-04-03,9134.06,0.0,0.0
1998-04-04,9239.48,0.0,0.0
1998-04-07,9266.68,0.0,0.0
1998-04-08,9263.44,0.0,0.0
1998-04-09,9090.31,0.0,0.0
1998-04-10,9054.02,0.0,0.0
1998-04-13,8863.11,0.0,0.0
1998-04-14,8764.58,0.0,0.0
1998-04-15,8807.31,0.0,0.0
1998-04-16,8780.21,0.0,0.0
1998-04-17,8619.49,0.0,0.0
1998-04-18,8725.94,0.0,0.0
1998-04-20,8508.56,0.0,0.0
1998-04-21,8440.2,0.0,0.0
1998-04-22,8636.51,0.0,0.0
1998-04-23,8613.96,0.0,0.0
1998-04-24,8636.11,0.0,0.0
1998-04-27,8471.62,0.0,0.0
1998-04-28,8434.67,0.0,0.0
1998-04-29,8348.35,0.0,0.0
1998-04-30,8304.21,0.0,0.0
1998-05-02,8293.46,0.0,0.0
1998-05-04,8360.6,0.0,0.0
1998-05-05,8330.15,0.0,0.0
1998-05-06,8325.64,0.0,0.0
1998-05-07,8290.37,0.0,0.0
1998-05-08,8210.84,0.0,0.0
1998-05-11,8378.88,0.0,0.0
1998-05-12,8278.43,0.0,0.0
1998-05-13,8202.9,0.0,0.0
1998-05-14,8193.5,0.0,0.0
1998-05-15,8167.5,0.0,0.0
1998-05-16,8066.16,0.0,0.0
1998-05-18,8134.89,0.0,0.0
1998-05-19,8136.27,0.0,0.0
1998-05-20,8267.49,0.0,0.0
1998-05-21,8369.32,0.0,0.0
1998-05-22,8384.91,0.0,0.0
1998-05-25,8314.09,0.0,0.0
1998-05-26,8178.39,0.0,0.0
1998-05-27,8068.17,0.0,0.0
1998-05-28,8124.5,0.0,0.0
1998-05-29,7903.34,0.0,0.0
1998-06-01,7606.25,0.0,0.0
1998-06-02,7565.64,0.0,0.0
1998-06-03,7643.2,0.0,0.0
1998-06-04,7425.96,0.0,0.0
1998-06-05,7505.58,0.0,0.0
1998-06-06,7636.73,0.0,0.0
1998-06-08,7591.27,0.0,0.0
1998-06-09,7455.63,0.0,0.0
1998-06-10,7223.13,0.0,0.0
1998-06-11,7210.74,0.0,0.0
1998-06-12,7117.11,0.0,0.0
1998-06-15,7283.83,0.0,0.0
1998-06-16,7404.27,0.0,0.0
1998-06-17,7466.38,0.0,0.0
1998-06-18,7768.31,0.0,0.0
1998-06-19,7754.43,0.0,0.0
1998-06-20,7817.27,0.0,0.0
1998-06-22,7692.91,0.0,0.0
1998-06-23,7633.36,0.0,0.0
1998-06-24,7670.71,0.0,0.0
1998-06-25,7722.64,0.0,0.0
1998-06-26,7681.96,0.0,0.0
1998-06-29,7535.73,0.0,0.0
1998-06-30,7548.81,0.0,0.0
1998-07-02,7817.11,0.0,0.0
1998-07-03,7758.63,0.0,0.0
1998-07-04,7876.24,0.0,0.0
1998-07-06,7894.85,0.0,0.0
1998-07-07,7845.97,0.0,0.0
1998-07-08,7936.82,0.0,0.0
1998-07-09,7947.53,0.0,0.0
1998-07-10,7883.16,0.0,0.0
1998-07-13,7815.53,0.0,0.0
1998-07-14,7789.22,0.0,0.0
1998-07-15,7875.91,0.0,0.0
1998-07-16,7924.84,0.0,0.0
1998-07-17,8032.86,0.0,0.0
1998-07-18,8039.8,0.0,0.0
1998-07-20,8047.67,0.0,0.0
1998-07-21,7949.2,0.0,0.0
1998-07-22,7881.06,0.0,0.0
1998-07-23,7879.89,0.0,0.0
1998-07-24,7902.4,0.0,0.0
1998-07-27,7890.3,0.0,0.0
1998-07-28,7830.14,0.0,0.0
1998-07-29,7775.33,0.0,0.0
1998-07-30,7730.43,0.0,0.0
1998-07-31,7653.51,0.0,0.0
1998-08-01,7622.68,0.0,0.0
1998-08-03,7599.04,0.0,0.0
1998-08-04,7593.14,0.0,0.0
1998-08-05,7499.73,0.0,0.0
1998-08-06,7471.74,0.0,0.0
1998-08-07,7530.02,0.0,0.0
1998-08-10,7372.12,0.0,0.0
1998-08-11,7383.98,0.0,0.0
1998-08-12,7351.51,0.0,0.0
1998-08-13,7362.55,0.0,0.0
1998-08-14,7348.04,0.0,0.0
1998-08-15,7371.84,0.0,0.0
1998-08-17,7273.85,0.0,0.0
1998-08-18,7181.59,0.0,0.0
1998-08-19,7293.4,0.0,0.0
1998-08-20,7270.84,0.0,0.0
1998-08-21,7213.37,0.0,0.0
1998-08-24,6957.75,0.0,0.0
1998-08-25,6908.33,0.0,0.0
1998-08-26,6814.33,0.0,0.0
1998-08-27,6813.3,0.0,0.0
1998-08-28,6723.77,0.0,0.0
1998-08-29,6735.92,0.0,0.0
1998-08-31,6550.11,0.0,0.0
1998-09-01,6335.09,0.0,0.0
1998-09-02,6471.68,0.0,0.0
1998-09-03,6251.38,0.0,0.0
1998-09-04,6463.15,0.0,0.0
1998-09-05,6755.71,0.0,0.0
1998-09-07,6800.73,0.0,0.0
1998-09-08,6942.26,0.0,0.0
1998-09-09,6894.57,0.0,0.0
1998-09-10,6803.83,0.0,0.0
1998-09-11,6841.83,0.0,0.0
1998-09-14,6860.17,0.0,0.0
1998-09-15,6857.96,0.0,0.0
1998-09-16,6972.54,0.0,0.0
1998-09-17,7000.52,0.0,0.0
1998-09-18,6961.76,0.0,0.0
1998-09-19,7149.59,0.0,0.0
1998-09-21,7029.4,0.0,0.0
1998-09-22,7033.99,0.0,0.0
1998-09-23,6962.17,0.0,0.0
1998-09-24,6979.95,0.0,0.0
1998-09-25,6979.89,0.0,0.0
1998-09-28,6910.61,0.0,0.0
1998-09-29,6884.5,0.0,0.0
1998-09-30,6833.95,0.0,0.0
1998-10-01,6702.06,0.0,0.0
1998-10-02,6436.0,0.0,0.0
1998-10-03,6619.97,0.0,0.0
1998-10-06,6534.65,0.0,0.0
1998-10-07,6674.89,0.0,0.0
1998-10-08,6970.23,0.0,0.0
1998-10-09,6944.17,0.0,0.0
1998-10-12,6920.45,0.0,0.0
1998-10-13,6909.22,0.0,0.0
1998-10-14,6819.12,0.0,0.0
1998-10-15,6799.88,0.0,0.0
1998-10-17,6901.19,0.0,0.0
1998-10-19,6904.56,0.0,0.0
1998-10-20,6848.72,0.0,0.0
1998-10-21,7021.42,0.0,0.0
1998-10-22,6987.79,0.0,0.0
1998-10-23,7055.46,0.0,0.0
1998-10-26,7050.32,0.0,0.0
1998-10-27,7036.63,0.0,0.0
1998-10-28,6962.09,0.0,0.0
1998-10-29,7016.89,0.0,0.0
1998-10-30,7101.46,0.0,0.0
1998-10-31,7165.98,0.0,0.0
1998-11-02,7218.09,0.0,0.0
1998-11-03,7071.44,0.0,0.0
1998-11-04,6905.32,0.0,0.0
1998-11-05,6957.27,0.0,0.0
1998-11-06,6889.65,0.0,0.0
1998-11-07,6978.72,0.0,0.0
1998-11-09,6957.4,0.0,0.0
1998-11-10,6812.3,0.0,0.0
1998-11-11,6654.79,0.0,0.0
1998-11-13,6829.62,0.0,0.0
1998-11-16,7003.87,0.0,0.0
1998-11-17,7131.9,0.0,0.0
1998-11-18,7100.14,0.0,0.0
1998-11-19,7300.34,0.0,0.0
1998-11-20,7380.53,0.0,0.0
1998-11-21,7366.11,0.0,0.0
1998-11-23,7312.26,0.0,0.0
1998-11-24,7435.84,0.0,0.0
1998-11-25,7213.5,0.0,0.0
1998-11-26,7377.86,0.0,0.0
1998-11-27,7320.12,0.0,0.0
1998-11-30,7177.22,0.0,0.0
1998-12-01,7102.37,0.0,0.0
1998-12-02,7157.22,0.0,0.0
1998-12-03,7140.11,0.0,0.0
1998-12-04,7201.84,0.0,0.0
1998-12-07,7303.34,0.0,0.0
1998-12-08,7212.68,0.0,0.0
1998-12-09,7117.91,0.0,0.0
1998-12-10,7048.57,0.0,0.0
1998-12-11,6939.74,0.0,0.0
1998-12-14,6889.5,0.0,0.0
1998-12-15,6936.82,0.0,0.0
1998-12-16,6769.52,0.0,0.0
1998-12-17,6650.64,0.0,0.0
1998-12-18,6636.66,0.0,0.0
1998-12-19,6478.11,0.0,0.0
1998-12-21,6558.28,0.0,0.0
1998-12-22,6782.68,0.0,0.0
1998-12-23,6688.65,0.0,0.0
1998-12-24,6683.0,0.0,0.0
1998-12-28,6481.65,0.0,0.0
1998-12-29,6478.27,0.0,0.0
1998-12-30,6462.03,0.0,0.0
1998-12-31,6418.43,0.0,0.0
1999-01-05,6152.43,0.0,0.0
1999-01-06,6199.91,0.0,0.0
1999-01-07,6404.31,0.0,0.0
1999-01-08,6421.75,0.0,0.0
1999-01-11,6406.99,0.0,0.0
1999-01-12,6363.89,0.0,0.0
1999-01-13,6319.34,0.0,0.0
1999-01-14,6241.32,0.0,0.0
1999-01-15,6454.6,0.0,0.0
1999-01-16,6483.3,0.0,0.0
1999-01-18,6377.25,0.0,0.0
1999-01-19,6343.36,0.0,0.0
1999-01-20,6310.71,0.0,0.0
1999-01-21,6332.2,0.0,0.0
1999-01-22,6228.95,0.0,0.0
1999-01-25,6033.21,0.0,0.0
1999-01-26,6115.64,0.0,0.0
1999-01-27,6138.87,0.0,0.0
1999-01-28,6063.41,0.0,0.0
1999-01-29,5984.0,0.0,0.0
1999-01-30,5998.32,0.0,0.0
1999-02-01,5862.79,0.0,0.0
1999-02-02,5749.64,0.0,0.0
1999-02-03,5743.86,0.0,0.0
1999-02-04,5514.89,0.0,0.0
1999-02-05,5474.79,0.0,0.0
1999-02-06,5710.18,0.0,0.0
1999-02-08,5822.98,0.0,0.0
1999-02-09,5723.73,0.0,0.0
1999-02-10,5798.0,0.0,0.0
1999-02-20,6072.33,0.0,0.0
1999-02-22,6313.63,0.0,0.0
1999-02-23,6180.94,0.0,0.0
1999-02-24,6238.87,0.0,0.0
1999-02-25,6275.53,0.0,0.0
1999-02-26,6318.52,0.0,0.0
1999-03-01,6312.25,0.0,0.0
1999-03-02,6263.54,0.0,0.0
1999-03-03,6403.14,0.0,0.0
1999-03-04,6393.74,0.0,0.0
1999-03-05,6383.09,0.0,0.0
1999-03-06,6421.73,0.0,0.0
1999-03-08,6431.96,0.0,0.0
1999-03-09,6493.43,0.0,0.0
1999-03-10,6486.61,0.0,0.0
1999-03-11,6436.8,0.0,0.0
1999-03-12,6462.73,0.0,0.0
1999-03-15,6598.32,0.0,0.0
1999-03-16,6672.23,0.0,0.0
1999-03-17,6757.07,0.0,0.0
1999-03-18,6895.01,0.0,0.0
1999-03-19,6997.29,0.0,0.0
1999-03-20,6993.38,0.0,0.0
1999-03-22,7043.23,0.0,0.0
1999-03-23,6945.48,0.0,0.0
1999-03-24,6889.42,0.0,0.0
1999-03-25,6941.38,0.0,0.0
1999-03-26,7033.25,0.0,0.0
1999-03-29,6901.68,0.0,0.0
1999-03-30,6898.66,0.0,0.0
1999-03-31,6881.72,0.0,0.0
1999-04-01,7018.68,0.0,0.0
1999-04-02,7232.51,0.0,0.0
1999-04-03,7182.2,0.0,0.0
1999-04-06,7163.99,0.0,0.0
1999-04-07,7135.89,0.0,0.0
1999-04-08,7273.41,0.0,0.0
1999-04-09,7265.7,0.0,0.0
1999-04-12,7242.4,0.0,0.0
1999-04-13,7337.85,0.0,0.0
1999-04-14,7398.65,0.0,0.0
1999-04-15,7498.17,0.0,0.0
1999-04-16,7466.82,0.0,0.0
1999-04-17,7581.5,0.0,0.0
1999-04-19,7623.18,0.0,0.0
1999-04-20,7627.74,0.0,0.0
1999-04-21,7474.16,0.0,0.0
1999-04-22,7494.6,0.0,0.0
1999-04-23,7612.8,0.0,0.0
1999-04-26,7629.09,0.0,0.0
1999-04-27,7550.13,0.0,0.0
1999-04-28,7496.61,0.0,0.0
1999-04-29,7289.62,0.0,0.0
1999-04-30,7371.17,0.0,0.0
1999-05-03,7383.26,0.0,0.0
1999-05-04,7588.04,0.0,0.0
1999-05-05,7572.16,0.0,0.0
1999-05-06,7560.05,0.0,0.0
1999-05-07,7469.33,0.0,0.0
1999-05-10,7484.37,0.0,0.0
1999-05-11,7474.45,0.0,0.0
1999-05-12,7448.41,0.0,0.0
1999-05-13,7416.2,0.0,0.0
1999-05-14,7592.53,0.0,0.0
1999-05-15,7576.64,0.0,0.0
1999-05-17,7599.76,0.0,0.0
1999-05-18,7585.51,0.0,0.0
1999-05-19,7614.6,0.0,0.0
1999-05-20,7608.88,0.0,0.0
1999-05-21,7606.69,0.0,0.0
1999-05-24,7588.23,0.0,0.0
1999-05-25,7417.03,0.0,0.0
1999-05-26,7426.63,0.0,0.0
1999-05-27,7469.01,0.0,0.0
1999-05-28,7387.37,0.0,0.0
1999-05-29,7419.7,0.0,0.0
1999-05-31,7316.57,0.0,0.0
1999-06-01,7397.62,0.0,0.0
1999-06-02,7488.03,0.0,0.0
1999-06-03,7572.91,0.0,0.0
1999-06-04,7590.44,0.0,0.0
1999-06-05,7639.3,0.0,0.0
1999-06-07,7802.69,0.0,0.0
1999-06-08,7892.13,0.0,0.0
1999-06-09,7957.71,0.0,0.0
1999-06-10,7996.76,0.0,0.0
1999-06-11,7979.4,0.0,0.0
1999-06-14,7973.58,0.0,0.0
1999-06-15,7960.0,0.0,0.0
1999-06-16,8059.02,0.0,0.0
1999-06-17,8274.36,0.0,0.0
1999-06-21,8413.48,0.0,0.0
1999-06-22,8608.91,0.0,0.0
1999-06-23,8492.32,0.0,0.0
1999-06-24,8589.31,0.0,0.0
1999-06-25,8265.96,0.0,0.0
1999-06-28,8281.45,0.0,0.0
1999-06-29,8514.27,0.0,0.0
1999-06-30,8467.37,0.0,0.0
1999-07-02,8572.09,0.0,0.0
1999-07-03,8563.55,0.0,0.0
1999-07-05,8593.35,0.0,0.0
1999-07-06,8454.49,0.0,0.0
1999-07-07,8470.07,0.0,0.0
1999-07-08,8592.43,0.0,0.0
1999-07-09,8550.27,0.0,0.0
1999-07-12,8463.9,0.0,0.0
1999-07-13,8204.5,0.0,0.0
1999-07-14,7888.66,0.0,0.0
1999-07-15,7918.04,0.0,0.0
1999-07-16,7411.58,0.0,0.0
1999-07-17,7366.23,0.0,0.0
1999-07-19,7386.89,0.0,0.0
1999-07-20,7806.85,0.0,0.0
1999-07-21,7786.65,0.0,0.0
1999-07-22,7678.67,0.0,0.0
1999-07-23,7724.52,0.0,0.0
1999-07-26,7595.71,0.0,0.0
1999-07-27,7367.97,0.0,0.0
1999-07-28,7484.5,0.0,0.0
1999-07-29,7359.37,0.0,0.0
1999-07-30,7413.11,0.0,0.0
1999-07-31,7326.75,0.0,0.0
1999-08-02,7195.94,0.0,0.0
1999-08-03,7175.19,0.0,0.0
1999-08-04,7110.8,0.0,0.0
1999-08-05,6959.73,0.0,0.0
1999-08-06,6823.52,0.0,0.0
1999-08-07,7049.74,0.0,0.0
1999-08-09,7028.01,0.0,0.0
1999-08-10,7269.6,0.0,0.0
1999-08-11,7228.68,0.0,0.0
1999-08-12,7330.24,0.0,0.0
1999-08-13,7626.05,0.0,0.0
1999-08-16,8018.47,0.0,0.0
1999-08-17,8083.43,0.0,0.0
1999-08-18,7993.71,0.0,0.0
1999-08-19,7964.67,0.0,0.0
1999-08-20,8117.42,0.0,0.0
1999-08-21,8153.57,0.0,0.0
1999-08-23,8119.98,0.0,0.0
1999-08-24,7984.39,0.0,0.0
1999-08-25,8127.09,0.0,0.0
1999-08-26,8097.57,0.0,0.0
1999-08-27,8053.97,0.0,0.0
1999-08-30,8071.36,0.0,0.0
1999-08-31,8157.73,0.0,0.0
1999-09-01,8273.33,0.0,0.0
1999-09-02,8226.15,0.0,0.0
1999-09-03,8073.97,0.0,0.0
1999-09-04,8065.11,0.0,0.0
1999-09-06,8130.28,0.0,0.0
1999-09-07,7945.76,0.0,0.0
1999-09-08,7973.3,0.0,0.0
1999-09-09,8025.02,0.0,0.0
1999-09-10,8161.46,0.0,0.0
1999-09-13,8178.69,0.0,0.0
1999-09-14,8092.02,0.0,0.0
1999-09-15,7971.04,0.0,0.0
1999-09-16,7968.9,0.0,0.0
1999-09-17,7916.92,0.0,0.0
1999-09-18,8016.93,0.0,0.0
1999-09-20,7972.14,0.0,0.0
1999-09-27,7759.93,0.0,0.0
1999-09-28,7577.85,0.0,0.0
1999-09-29,7615.45,0.0,0.0
1999-09-30,7598.79,0.0,0.0
1999-10-01,7694.99,0.0,0.0
1999-10-02,7659.55,0.0,0.0
1999-10-04,7685.48,0.0,0.0
1999-10-05,7557.01,0.0,0.0
1999-10-06,7501.63,0.0,0.0
1999-10-07,7612.0,0.0,0.0
1999-10-08,7552.98,0.0,0.0
1999-10-11,7607.11,0.0,0.0
1999-10-12,7835.37,0.0,0.0
1999-10-13,7836.94,0.0,0.0
1999-10-14,7879.91,0.0,0.0
1999-10-15,7819.09,0.0,0.0
1999-10-16,7829.39,0.0,0.0
1999-10-18,7745.26,0.0,0.0
1999-10-19,7692.96,0.0,0.0
1999-10-20,7666.64,0.0,0.0
1999-10-21,7654.9,0.0,0.0
1999-10-22,7559.63,0.0,0.0
1999-10-25,7680.87,0.0,0.0
1999-10-26,7700.29,0.0,0.0
1999-10-27,7701.22,0.0,0.0
1999-10-28,7681.85,0.0,0.0
1999-10-29,7706.67,0.0,0.0
1999-10-30,7854.85,0.0,0.0
1999-11-01,7814.89,0.0,0.0
1999-11-02,7721.59,0.0,0.0
1999-11-03,7580.09,0.0,0.0
1999-11-04,7469.23,0.0,0.0
1999-11-05,7488.26,0.0,0.0
1999-11-06,7376.56,0.0,0.0
1999-11-08,7401.49,0.0,0.0
1999-11-09,7362.69,0.0,0.0
1999-11-10,7401.81,0.0,0.0
1999-11-11,7532.22,0.0,0.0
1999-11-15,7545.03,0.0,0.0
1999-11-16,7606.2,0.0,0.0
1999-11-17,7645.78,0.0,0.0
1999-11-18,7718.06,0.0,0.0
1999-11-19,7770.81,0.0,0.0
1999-11-20,7900.34,0.0,0.0
1999-11-22,8052.31,0.0,0.0
1999-11-23,8046.19,0.0,0.0
1999-11-24,7921.85,0.0,0.0
1999-11-25,7904.53,0.0,0.0
1999-11-26,7595.44,0.0,0.0
1999-11-29,7823.9,0.0,0.0
1999-11-30,7720.87,0.0,0.0
1999-12-01,7766.2,0.0,0.0
1999-12-02,7806.26,0.0,0.0
1999-12-03,7933.17,0.0,0.0
1999-12-04,7964.49,0.0,0.0
1999-12-06,7894.46,0.0,0.0
1999-12-07,7827.05,0.0,0.0
1999-12-08,7811.02,0.0,0.0
1999-12-09,7738.84,0.0,0.0
1999-12-10,7733.77,0.0,0.0
1999-12-13,7883.61,0.0,0.0
1999-12-14,7850.14,0.0,0.0
1999-12-15,7859.89,0.0,0.0
1999-12-16,7739.76,0.0,0.0
1999-12-17,7723.22,0.0,0.0
1999-12-18,7797.87,0.0,0.0
1999-12-20,7782.94,0.0,0.0
1999-12-21,7934.26,0.0,0.0
1999-12-22,8002.76,0.0,0.0
1999-12-23,8083.49,0.0,0.0
1999-12-24,8219.45,0.0,0.0
1999-12-27,8415.07,0.0,0.0
1999-12-28,8448.84,0.0,0.0
2000-01-04,8756.55,0.0,0.0
2000-01-05,8849.87,0.0,0.0
2000-01-06,8922.03,0.0,0.0
2000-01-07,8845.47,0.0,0.0
2000-01-10,9102.6,0.0,0.0
2000-01-11,8927.03,0.0,0.0
2000-01-12,9144.65,0.0,0.0
2000-01-13,9107.19,0.0,0.0
2000-01-14,9023.24,0.0,0.0
2000-01-15,9191.37,0.0,0.0
2000-01-17,9315.43,0.0,0.0
2000-01-18,9250.19,0.0,0.0
2000-01-19,9151.44,0.0,0.0
2000-01-20,9136.95,0.0,0.0
2000-01-21,9255.94,0.0,0.0
2000-01-24,9387.07,0.0,0.0
2000-01-25,9372.37,0.0,0.0
2000-01-26,9581.96,0.0,0.0
2000-01-27,9628.98,0.0,0.0
2000-01-28,9696.91,0.0,0.0
2000-01-29,9636.38,0.0,0.0
2000-01-31,9744.89,0.0,0.0
2000-02-01,9856.39,0.0,0.0
2000-02-09,10008.88,0.0,0.0
2000-02-10,10057.67,0.0,0.0
2000-02-11,10128.67,0.0,0.0
2000-02-14,9971.45,0.0,0.0
2000-02-15,9957.74,0.0,0.0
2000-02-16,10064.49,0.0,0.0
2000-02-17,10202.2,0.0,0.0
2000-02-18,10096.38,0.0,0.0
2000-02-19,10161.05,0.0,0.0
2000-02-21,9912.67,0.0,0.0
2000-02-22,9731.93,0.0,0.0
2000-02-23,9642.26,0.0,0.0
2000-02-24,9599.17,0.0,0.0
2000-02-25,9432.49,0.0,0.0
2000-02-29,9435.94,0.0,0.0
2000-03-01,9689.1,0.0,0.0
2000-03-02,9543.82,0.0,0.0
2000-03-03,9588.03,0.0,0.0
2000-03-04,9517.97,0.0,0.0
2000-03-06,9367.91,0.0,0.0
2000-03-07,9380.07,0.0,0.0
2000-03-08,9389.49,0.0,0.0
2000-03-09,9587.27,0.0,0.0
2000-03-10,9429.6,0.0,0.0
2000-03-13,8811.95,0.0,0.0
2000-03-14,8835.58,0.0,0.0
2000-03-15,8640.03,0.0,0.0
2000-03-16,8682.76,0.0,0.0
2000-03-17,8763.27,0.0,0.0
2000-03-20,8536.05,0.0,0.0
2000-03-21,9004.48,0.0,0.0
2000-03-22,9069.39,0.0,0.0
2000-03-23,9533.87,0.0,0.0
2000-03-24,9482.64,0.0,0.0
2000-03-27,9807.57,0.0,0.0
2000-03-28,9856.6,0.0,0.0
2000-03-29,9805.69,0.0,0.0
2000-03-30,9931.94,0.0,0.0
2000-03-31,9854.95,0.0,0.0
2000-04-01,10050.43,0.0,0.0
2000-04-05,10186.17,0.0,0.0
2000-04-06,9969.28,0.0,0.0
2000-04-07,9921.03,0.0,0.0
2000-04-08,9934.57,0.0,0.0
2000-04-10,10127.48,0.0,0.0
2000-04-11,10068.05,0.0,0.0
2000-04-12,9911.39,0.0,0.0
2000-04-13,9662.6,0.0,0.0
2000-04-14,9374.61,0.0,0.0
2000-04-15,8866.8,0.0,0.0
2000-04-17,8993.68,0.0,0.0
2000-04-18,9307.03,0.0,0.0
2000-04-19,9104.4,0.0,0.0
2000-04-20,9109.05,0.0,0.0
2000-04-21,9120.48,0.0,0.0
2000-04-24,8808.09,0.0,0.0
2000-04-25,8921.12,0.0,0.0
2000-04-26,8535.96,0.0,0.0
2000-04-27,8541.95,0.0,0.0
2000-04-28,8824.36,0.0,0.0
2000-04-29,8777.35,0.0,0.0
2000-05-02,8638.75,0.0,0.0
2000-05-03,8420.0,0.0,0.0
2000-05-04,8425.38,0.0,0.0
2000-05-05,8698.53,0.0,0.0
2000-05-06,8657.13,0.0,0.0
2000-05-08,8616.18,0.0,0.0
2000-05-09,8635.84,0.0,0.0
2000-05-10,8559.87,0.0,0.0
2000-05-11,8349.91,0.0,0.0
2000-05-12,8560.44,0.0,0.0
2000-05-15,8465.02,0.0,0.0
2000-05-16,8727.82,0.0,0.0
2000-05-17,9085.74,0.0,0.0
2000-05-18,9087.21,0.0,0.0
2000-05-19,9119.77,0.0,0.0
2000-05-20,8820.35,0.0,0.0
2000-05-22,8807.57,0.0,0.0
2000-05-23,8671.01,0.0,0.0
2000-05-24,8500.41,0.0,0.0
2000-05-25,8438.1,0.0,0.0
2000-05-26,8559.46,0.0,0.0
2000-05-29,8588.25,0.0,0.0
2000-05-30,8764.42,0.0,0.0
2000-05-31,8939.52,0.0,0.0
2000-06-01,8842.63,0.0,0.0
2000-06-02,8883.45,0.0,0.0
2000-06-03,8935.64,0.0,0.0
2000-06-05,8958.21,0.0,0.0
2000-06-07,9115.47,0.0,0.0
2000-06-08,9067.88,0.0,0.0
2000-06-09,9036.66,0.0,0.0
2000-06-12,8955.44,0.0,0.0
2000-06-13,8891.09,0.0,0.0
2000-06-14,8935.23,0.0,0.0
2000-06-15,8844.97,0.0,0.0
2000-06-16,8832.15,0.0,0.0
2000-06-17,8770.8,0.0,0.0
2000-06-19,8751.1,0.0,0.0
2000-06-20,8690.66,0.0,0.0
2000-06-21,8637.6,0.0,0.0
2000-06-22,8771.77,0.0,0.0
2000-06-23,8684.93,0.0,0.0
2000-06-26,8529.56,0.0,0.0
2000-06-27,8424.17,0.0,0.0
2000-06-28,8365.63,0.0,0.0
2000-06-29,8120.89,0.0,0.0
2000-06-30,8265.09,0.0,0.0
2000-07-03,8297.77,0.0,0.0
2000-07-04,8052.54,0.0,0.0
2000-07-05,8421.74,0.0,0.0
2000-07-06,8289.39,0.0,0.0
2000-07-07,8173.08,0.0,0.0
2000-07-10,8154.67,0.0,0.0
2000-07-11,8158.63,0.0,0.0
2000-07-12,8059.75,0.0,0.0
2000-07-13,8267.66,0.0,0.0
2000-07-14,8497.13,0.0,0.0
2000-07-15,8518.13,0.0,0.0
2000-07-17,8585.52,0.0,0.0
2000-07-18,8368.78,0.0,0.0
2000-07-19,8411.88,0.0,0.0
2000-07-20,8219.53,0.0,0.0
2000-07-21,8167.37,0.0,0.0
2000-07-24,8064.2,0.0,0.0
2000-07-25,7900.39,0.0,0.0
2000-07-26,7961.54,0.0,0.0
2000-07-27,7956.28,0.0,0.0
2000-07-28,8122.11,0.0,0.0
2000-07-29,8143.93,0.0,0.0
2000-07-31,8114.92,0.0,0.0
2000-08-01,7984.65,0.0,0.0
2000-08-02,7916.85,0.0,0.0
2000-08-03,7844.93,0.0,0.0
2000-08-04,7925.2,0.0,0.0
2000-08-05,7841.43,0.0,0.0
2000-08-07,7715.99,0.0,0.0
2000-08-08,7797.78,0.0,0.0
2000-08-09,8048.14,0.0,0.0
2000-08-10,8024.69,0.0,0.0
2000-08-11,7974.65,0.0,0.0
2000-08-14,7848.87,0.0,0.0
2000-08-15,7845.69,0.0,0.0
2000-08-16,8003.53,0.0,0.0
2000-08-17,8143.25,0.0,0.0
2000-08-18,8176.82,0.0,0.0
2000-08-19,8209.07,0.0,0.0
2000-08-21,8257.88,0.0,0.0
2000-08-22,8118.05,0.0,0.0
2000-08-24,8098.84,0.0,0.0
2000-08-25,8026.32,0.0,0.0
2000-08-28,7845.87,0.0,0.0
2000-08-29,7817.49,0.0,0.0
2000-08-30,7543.96,0.0,0.0
2000-08-31,7616.98,0.0,0.0
2000-09-01,7420.06,0.0,0.0
2000-09-02,7707.59,0.0,0.0
2000-09-04,7803.02,0.0,0.0
2000-09-05,7785.62,0.0,0.0
2000-09-06,7610.78,0.0,0.0
2000-09-07,7430.93,0.0,0.0
2000-09-08,7367.99,0.0,0.0
2000-09-11,7335.2,0.0,0.0
2000-09-13,7391.66,0.0,0.0
2000-09-14,7152.29,0.0,0.0
2000-09-15,7155.45,0.0,0.0
2000-09-16,7053.29,0.0,0.0
2000-09-18,6910.14,0.0,0.0
2000-09-19,6734.9,0.0,0.0
2000-09-20,6880.09,0.0,0.0
2000-09-21,6920.9,0.0,0.0
2000-09-22,6612.09,0.0,0.0
2000-09-25,6677.46,0.0,0.0
2000-09-26,6749.03,0.0,0.0
2000-09-27,6717.04,0.0,0.0
2000-09-28,6564.87,0.0,0.0
2000-09-29,6432.36,0.0,0.0
2000-09-30,6185.14,0.0,0.0
2000-10-02,6024.07,0.0,0.0
2000-10-03,6143.44,0.0,0.0
2000-10-04,5997.92,0.0,0.0
2000-10-05,6029.65,0.0,0.0
2000-10-06,6353.67,0.0,0.0
2000-10-07,6352.03,0.0,0.0
2000-10-09,6209.42,0.0,0.0
2000-10-11,6040.55,0.0,0.0
2000-10-12,5805.01,0.0,0.0
2000-10-13,5876.11,0.0,0.0
2000-10-16,5630.95,0.0,0.0
2000-10-17,5702.36,0.0,0.0
2000-10-18,5432.23,0.0,0.0
2000-10-19,5081.28,0.0,0.0
2000-10-20,5404.78,0.0,0.0
2000-10-21,5599.74,0.0,0.0
2000-10-23,5680.95,0.0,0.0
2000-10-24,5918.63,0.0,0.0
2000-10-25,6023.78,0.0,0.0
2000-10-26,5941.85,0.0,0.0
2000-10-27,5805.17,0.0,0.0
2000-10-30,5659.08,0.0,0.0
2000-10-31,5544.18,0.0,0.0
2000-11-01,5425.02,0.0,0.0
2000-11-02,5626.08,0.0,0.0
2000-11-03,5796.08,0.0,0.0
2000-11-04,5677.3,0.0,0.0
2000-11-06,5657.48,0.0,0.0
2000-11-07,5877.77,0.0,0.0
2000-11-08,6067.94,0.0,0.0
2000-11-09,6089.55,0.0,0.0
2000-11-10,6088.74,0.0,0.0
2000-11-13,5793.52,0.0,0.0
2000-11-14,5772.51,0.0,0.0
2000-11-15,5737.02,0.0,0.0
2000-11-16,5454.13,0.0,0.0
2000-11-17,5351.36,0.0,0.0
2000-11-18,5167.35,0.0,0.0
2000-11-20,4845.21,0.0,0.0
2000-11-21,5103.0,0.0,0.0
2000-11-22,5130.61,0.0,0.0
2000-11-23,5146.92,0.0,0.0
2000-11-24,5419.99,0.0,0.0
2000-11-27,5433.78,0.0,0.0
2000-11-28,5362.26,0.0,0.0
2000-11-29,5319.46,0.0,0.0
2000-11-30,5256.93,0.0,0.0
2000-12-01,5342.06,0.0,0.0
2000-12-02,5277.35,0.0,0.0
2000-12-04,5174.02,0.0,0.0
2000-12-05,5199.2,0.0,0.0
2000-12-06,5170.62,0.0,0.0
2000-12-07,5212.73,0.0,0.0
2000-12-08,5252.83,0.0,0.0
2000-12-11,5284.41,0.0,0.0
2000-12-12,5380.09,0.0,0.0
2000-12-13,5384.36,0.0,0.0
2000-12-14,5320.16,0.0,0.0
2000-12-15,5224.74,0.0,0.0
2000-12-16,5134.1,0.0,0.0
2000-12-18,5055.2,0.0,0.0
2000-12-19,5040.25,0.0,0.0
2000-12-20,4947.89,0.0,0.0
2000-12-21,4817.22,0.0,0.0
2000-12-22,4811.22,0.0,0.0
2000-12-26,4721.36,0.0,0.0
2000-12-27,4614.63,0.0,0.0
2000-12-28,4797.14,0.0,0.0
2000-12-29,4743.94,0.0,0.0
2000-12-30,4739.09,0.0,0.0
2001-01-02,4935.28,0.0,0.0
2001-01-03,4894.79,0.0,0.0
2001-01-04,5136.13,0.0,0.0
2001-01-05,5295.53,0.0,0.0
2001-01-08,5188.51,0.0,0.0
2001-01-09,5376.12,0.0,0.0
2001-01-10,5436.78,0.0,0.0
2001-01-11,5369.24,0.0,0.0
2001-01-12,5339.4,0.0,0.0
2001-01-15,5379.66,0.0,0.0
2001-01-16,5662.94,0.0,0.0
2001-01-17,5769.95,0.0,0.0
2001-01-18,5847.91,0.0,0.0
2001-01-29,5680.06,0.0,0.0
2001-01-30,5792.5,0.0,0.0
2001-01-31,5936.2,0.0,0.0
2001-02-01,5897.93,0.0,0.0
2001-02-02,6049.26,0.0,0.0
2001-02-05,5932.42,0.0,0.0
2001-02-06,5849.06,0.0,0.0
2001-02-07,5693.58,0.0,0.0
2001-02-08,5758.6,0.0,0.0
2001-02-09,5809.84,0.0,0.0
2001-02-12,5847.07,0.0,0.0
2001-02-13,6027.49,0.0,0.0
2001-02-14,5887.68,0.0,0.0
2001-02-15,6104.24,0.0,0.0
2001-02-16,6045.67,0.0,0.0
2001-02-19,5937.3,0.0,0.0
2001-02-20,5971.29,0.0,0.0
2001-02-21,5949.96,0.0,0.0
2001-02-22,5759.04,0.0,0.0
2001-02-23,5726.93,0.0,0.0
2001-02-26,5716.02,0.0,0.0
2001-02-27,5674.69,0.0,0.0
2001-03-01,5499.86,0.0,0.0
2001-03-02,5499.54,0.0,0.0
2001-03-05,5609.74,0.0,0.0
2001-03-06,5635.06,0.0,0.0
2001-03-07,5777.13,0.0,0.0
2001-03-08,5711.02,0.0,0.0
2001-03-09,5680.43,0.0,0.0
2001-03-12,5582.67,0.0,0.0
2001-03-13,5610.4,0.0,0.0
2001-03-14,5658.21,0.0,0.0
2001-03-15,5742.74,0.0,0.0
2001-03-16,5783.93,0.0,0.0
2001-03-19,5641.89,0.0,0.0
2001-03-20,5642.7,0.0,0.0
2001-03-21,5623.42,0.0,0.0
2001-03-22,5730.95,0.0,0.0
2001-03-23,5800.55,0.0,0.0
2001-03-26,5896.32,0.0,0.0
2001-03-27,5884.33,0.0,0.0
2001-03-28,5819.39,0.0,0.0
2001-03-29,5833.88,0.0,0.0
2001-03-30,5797.92,0.0,0.0
2001-04-02,5607.73,0.0,0.0
2001-04-03,5446.82,0.0,0.0
2001-04-04,5405.85,0.0,0.0
2001-04-06,5515.13,0.0,0.0
2001-04-09,5401.83,0.0,0.0
2001-04-10,5353.5,0.0,0.0
2001-04-11,5467.75,0.0,0.0
2001-04-12,5533.22,0.0,0.0
2001-04-13,5495.47,0.0,0.0
2001-04-16,5432.28,0.0,0.0
2001-04-17,5431.95,0.0,0.0
2001-04-18,5508.61,0.0,0.0
2001-04-19,5608.5,0.0,0.0
2001-04-20,5596.63,0.0,0.0
2001-04-23,5597.7,0.0,0.0
2001-04-24,5589.34,0.0,0.0
2001-04-25,5516.2,0.0,0.0
2001-04-26,5518.73,0.0,0.0
2001-04-27,5416.67,0.0,0.0
2001-04-30,5381.67,0.0,0.0
2001-05-02,5304.24,0.0,0.0
2001-05-03,5405.54,0.0,0.0
2001-05-04,5244.05,0.0,0.0
2001-05-07,5229.93,0.0,0.0
2001-05-08,5176.71,0.0,0.0
2001-05-09,5232.64,0.0,0.0
2001-05-10,5122.17,0.0,0.0
2001-05-11,5232.72,0.0,0.0
2001-05-14,5176.45,0.0,0.0
2001-05-15,5158.79,0.0,0.0
2001-05-16,5082.02,0.0,0.0
2001-05-17,5143.44,0.0,0.0
2001-05-18,5111.67,0.0,0.0
2001-05-21,4958.61,0.0,0.0
2001-05-22,4991.48,0.0,0.0
2001-05-23,5209.97,0.0,0.0
2001-05-24,5226.79,0.0,0.0
2001-05-25,5170.08,0.0,0.0
2001-05-28,5079.72,0.0,0.0
2001-05-29,5095.26,0.0,0.0
2001-05-30,5057.07,0.0,0.0
2001-05-31,5048.86,0.0,0.0
2001-06-01,5013.96,0.0,0.0
2001-06-04,4985.11,0.0,0.0
2001-06-05,5065.06,0.0,0.0
2001-06-06,5220.44,0.0,0.0
2001-06-07,5153.35,0.0,0.0
2001-06-08,5226.28,0.0,0.0
2001-06-11,5271.3,0.0,0.0
2001-06-12,5266.24,0.0,0.0
2001-06-13,5209.71,0.0,0.0
2001-06-14,5119.19,0.0,0.0
2001-06-15,5158.63,0.0,0.0
2001-06-18,5070.52,0.0,0.0
2001-06-19,5039.98,0.0,0.0
2001-06-20,5029.64,0.0,0.0
2001-06-21,4984.88,0.0,0.0
2001-06-22,4904.34,0.0,0.0
2001-06-26,4785.12,0.0,0.0
2001-06-27,4825.28,0.0,0.0
2001-06-28,4768.55,0.0,0.0
2001-06-29,4883.43,0.0,0.0
2001-07-02,4886.86,0.0,0.0
2001-07-03,4843.82,0.0,0.0
2001-07-04,4739.16,0.0,0.0
2001-07-05,4709.2,0.0,0.0
2001-07-06,4707.01,0.0,0.0
2001-07-09,4657.3,0.0,0.0
2001-07-10,4616.71,0.0,0.0
2001-07-11,4548.29,0.0,0.0
2001-07-12,4633.54,0.0,0.0
2001-07-13,4485.68,0.0,0.0
2001-07-16,4368.69,0.0,0.0
2001-07-17,4371.99,0.0,0.0
2001-07-18,4219.89,0.0,0.0
2001-07-19,4190.78,0.0,0.0
2001-07-20,4220.33,0.0,0.0
2001-07-23,4151.93,0.0,0.0
2001-07-24,4040.77,0.0,0.0
2001-07-25,4136.39,0.0,0.0
2001-07-26,4300.41,0.0,0.0
2001-07-27,4320.59,0.0,0.0
2001-07-31,4352.98,0.0,0.0
2001-08-01,4354.52,0.0,0.0
2001-08-02,4490.19,0.0,0.0
2001-08-03,4530.68,0.0,0.0
2001-08-06,4470.73,0.0,0.0
2001-08-07,4404.0,0.0,0.0
2001-08-08,4514.1,0.0,0.0
2001-08-09,4448.52,0.0,0.0
2001-08-10,4476.91,0.0,0.0
2001-08-13,4520.76,0.0,0.0
2001-08-14,4589.6,0.0,0.0
2001-08-15,4623.11,0.0,0.0
2001-08-16,4687.33,0.0,0.0
2001-08-17,4638.36,0.0,0.0
2001-08-20,4550.36,0.0,0.0
2001-08-21,4562.73,0.0,0.0
2001-08-22,4487.52,0.0,0.0
2001-08-23,4459.76,0.0,0.0
2001-08-24,4310.32,0.0,0.0
2001-08-27,4384.55,0.0,0.0
2001-08-28,4368.38,0.0,0.0
2001-08-29,4508.69,0.0,0.0
2001-08-30,4503.86,0.0,0.0
2001-08-31,4509.44,0.0,0.0
2001-09-03,4454.77,0.0,0.0
2001-09-04,4493.53,0.0,0.0
2001-09-05,4424.91,0.0,0.0
2001-09-06,4338.26,0.0,0.0
2001-09-07,4302.16,0.0,0.0
2001-09-10,4289.1,0.0,0.0
2001-09-11,4176.93,0.0,0.0
2001-09-13,3952.49,0.0,0.0
2001-09-14,3774.62,0.0,0.0
2001-09-19,3781.17,0.0,0.0
2001-09-20,3698.84,0.0,0.0
2001-09-21,3591.85,0.0,0.0
2001-09-24,3533.51,0.0,0.0
2001-09-25,3493.78,0.0,0.0
2001-09-26,3625.53,0.0,0.0
2001-09-27,3567.63,0.0,0.0
2001-09-28,3636.94,0.0,0.0
2001-10-02,3492.12,0.0,0.0
2001-10-03,3446.26,0.0,0.0
2001-10-04,3493.66,0.0,0.0
2001-10-05,3585.46,0.0,0.0
2001-10-08,3520.35,0.0,0.0
2001-10-09,3618.93,0.0,0.0
2001-10-11,3789.93,0.0,0.0
2001-10-12,3801.5,0.0,0.0
2001-10-15,3712.82,0.0,0.0
2001-10-16,3794.86,0.0,0.0
2001-10-17,3817.13,0.0,0.0
2001-10-18,3811.2,0.0,0.0
2001-10-19,3845.62,0.0,0.0
2001-10-22,3900.62,0.0,0.0
2001-10-23,3874.42,0.0,0.0
2001-10-24,3986.67,0.0,0.0
2001-10-25,4012.2,0.0,0.0
2001-10-26,4043.57,0.0,0.0
2001-10-29,4065.1,0.0,0.0
2001-10-30,3915.61,0.0,0.0
2001-10-31,3903.49,0.0,0.0
2001-11-01,3929.69,0.0,0.0
2001-11-02,3998.48,0.0,0.0
2001-11-05,4080.51,0.0,0.0
2001-11-06,4082.92,0.0,0.0
2001-11-07,4158.15,0.0,0.0
2001-11-08,4135.03,0.0,0.0
2001-11-09,4123.78,0.0,0.0
2001-11-12,4172.63,0.0,0.0
2001-11-13,4136.54,0.0,0.0
2001-11-14,4277.7,0.0,0.0
2001-11-15,4403.59,0.0,0.0
2001-11-16,4446.62,0.0,0.0
2001-11-19,4548.63,0.0,0.0
2001-11-20,4455.8,0.0,0.0
2001-11-21,4533.37,0.0,0.0
2001-11-22,4450.02,0.0,0.0
2001-11-23,4519.08,0.0,0.0
2001-11-26,4608.32,0.0,0.0
2001-11-27,4580.33,0.0,0.0
2001-11-28,4447.58,0.0,0.0
2001-11-29,4465.83,0.0,0.0
2001-11-30,4441.12,0.0,0.0
2001-12-03,4646.61,0.0,0.0
2001-12-04,4766.43,0.0,0.0
2001-12-05,4924.56,0.0,0.0
2001-12-06,5208.86,0.0,0.0
2001-12-07,5333.93,0.0,0.0
2001-12-10,5321.28,0.0,0.0
2001-12-11,5273.97,0.0,0.0
2001-12-12,5539.31,0.0,0.0
2001-12-13,5407.54,0.0,0.0
2001-12-14,5486.73,0.0,0.0
2001-12-17,5456.15,0.0,0.0
2001-12-18,5329.19,0.0,0.0
2001-12-19,5221.96,0.0,0.0
2001-12-20,5309.1,0.0,0.0
2001-12-21,5109.24,0.0,0.0
2001-12-24,5164.73,0.0,0.0
2001-12-25,5372.81,0.0,0.0
2001-12-26,5392.43,0.0,0.0
2001-12-27,5332.98,0.0,0.0
2001-12-28,5398.28,0.0,0.0
2001-12-31,5551.24,0.0,0.0
2002-01-02,5600.05,0.0,0.0
2002-01-03,5526.32,0.0,0.0
2002-01-04,5638.53,0.0,0.0
2002-01-07,5834.89,0.0,0.0
2002-01-08,5810.08,0.0,0.0
2002-01-09,5865.54,0.0,0.0
2002-01-10,5871.28,0.0,0.0
2002-01-11,5687.59,0.0,0.0
2002-01-14,5611.86,0.0,0.0
2002-01-15,5592.74,0.0,0.0
2002-01-16,5488.33,0.0,0.0
2002-01-17,5501.13,0.0,0.0
2002-01-18,5522.8,0.0,0.0
2002-01-21,5798.05,0.0,0.0
2002-01-22,5804.1,0.0,0.0
2002-01-23,5769.78,0.0,0.0
2002-01-24,5801.92,0.0,0.0
2002-01-25,5950.64,0.0,0.0
2002-01-28,6007.33,0.0,0.0
2002-01-29,5846.19,0.0,0.0
2002-01-30,5812.67,0.0,0.0
2002-01-31,5872.14,0.0,0.0
2002-02-01,5857.93,0.0,0.0
2002-02-04,5849.85,0.0,0.0
2002-02-05,5844.25,0.0,0.0
2002-02-06,5926.08,0.0,0.0
2002-02-18,5968.61,0.0,0.0
2002-02-19,5861.66,0.0,0.0
2002-02-20,5692.18,0.0,0.0
2002-02-21,5656.1,0.0,0.0
2002-02-22,5609.83,0.0,0.0
2002-02-25,5510.71,0.0,0.0
2002-02-26,5499.79,0.0,0.0
2002-02-27,5696.11,0.0,0.0
2002-03-01,5680.78,0.0,0.0
2002-03-04,5874.48,0.0,0.0
2002-03-05,5957.75,0.0,0.0
2002-03-06,6097.57,0.0,0.0
2002-03-07,6048.15,0.0,0.0
2002-03-08,6011.65,0.0,0.0
2002-03-11,6196.26,0.0,0.0
2002-03-12,6122.54,0.0,0.0
2002-03-13,6088.34,0.0,0.0
2002-03-14,6070.5,0.0,0.0
2002-03-15,5951.45,0.0,0.0
2002-03-18,5972.11,0.0,0.0
2002-03-19,5906.73,0.0,0.0
2002-03-20,6059.06,0.0,0.0
2002-03-21,6046.52,0.0,0.0
2002-03-22,6140.42,0.0,0.0
2002-03-25,6219.17,0.0,0.0
2002-03-26,6242.64,0.0,0.0
2002-03-27,6147.75,0.0,0.0
2002-03-28,6209.92,0.0,0.0
2002-03-29,6167.47,0.0,0.0
2002-04-01,6186.44,0.0,0.0
2002-04-02,6243.46,0.0,0.0
2002-04-03,6294.66,0.0,0.0
2002-04-04,6207.09,0.0,0.0
2002-04-08,6190.83,0.0,0.0
2002-04-09,6069.85,0.0,0.0
2002-04-10,6059.21,0.0,0.0
2002-04-11,6073.76,0.0,0.0
2002-04-12,6182.59,0.0,0.0
2002-04-15,6196.0,0.0,0.0
2002-04-16,6257.73,0.0,0.0
2002-04-17,6390.68,0.0,0.0
2002-04-18,6387.21,0.0,0.0
2002-04-19,6448.12,0.0,0.0
2002-04-22,6462.3,0.0,0.0
2002-04-23,6390.62,0.0,0.0
2002-04-24,6455.39,0.0,0.0
2002-04-25,6355.59,0.0,0.0
2002-04-26,6306.93,0.0,0.0
2002-04-29,6205.09,0.0,0.0
2002-04-30,6065.73,0.0,0.0
2002-05-02,5867.83,0.0,0.0
2002-05-03,5910.32,0.0,0.0
2002-05-06,5642.48,0.0,0.0
2002-05-07,5663.98,0.0,0.0
2002-05-08,5711.53,0.0,0.0
2002-05-09,5739.28,0.0,0.0
2002-05-10,5807.3,0.0,0.0
2002-05-13,5742.66,0.0,0.0
2002-05-14,5755.92,0.0,0.0
2002-05-15,5910.69,0.0,0.0
2002-05-16,5801.47,0.0,0.0
2002-05-17,5789.84,0.0,0.0
2002-05-20,5574.71,0.0,0.0
2002-05-21,5443.18,0.0,0.0
2002-05-22,5541.64,0.0,0.0
2002-05-23,5549.96,0.0,0.0
2002-05-24,5706.4,0.0,0.0
2002-05-27,5729.9,0.0,0.0
2002-05-28,5669.53,0.0,0.0
2002-05-29,5623.23,0.0,0.0
2002-05-30,5736.19,0.0,0.0
2002-05-31,5675.65,0.0,0.0
2002-06-03,5571.08,0.0,0.0
2002-06-04,5527.8,0.0,0.0
2002-06-05,5599.42,0.0,0.0
2002-06-06,5591.02,0.0,0.0
2002-06-07,5433.02,0.0,0.0
2002-06-10,5499.33,0.0,0.0
2002-06-11,5405.42,0.0,0.0
2002-06-12,5399.96,0.0,0.0
2002-06-13,5562.23,0.0,0.0
2002-06-14,5562.12,0.0,0.0
2002-06-17,5537.81,0.0,0.0
2002-06-18,5536.42,0.0,0.0
2002-06-19,5399.5,0.0,0.0
2002-06-20,5445.77,0.0,0.0
2002-06-21,5460.53,0.0,0.0
2002-06-24,5384.89,0.0,0.0
2002-06-25,5316.04,0.0,0.0
2002-06-26,5123.04,0.0,0.0
2002-06-27,5071.76,0.0,0.0
2002-06-28,5153.71,0.0,0.0
2002-07-01,4969.32,0.0,0.0
2002-07-02,4995.08,0.0,0.0
2002-07-03,5047.82,0.0,0.0
2002-07-04,5130.8,0.0,0.0
2002-07-05,5255.23,0.0,0.0
2002-07-08,5377.86,0.0,0.0
2002-07-09,5388.52,0.0,0.0
2002-07-10,5262.01,0.0,0.0
2002-07-11,5202.59,0.0,0.0
2002-07-12,5416.5,0.0,0.0
2002-07-15,5393.01,0.0,0.0
2002-07-16,5318.01,0.0,0.0
2002-07-17,5250.82,0.0,0.0
2002-07-18,5242.11,0.0,0.0
2002-07-19,5161.92,0.0,0.0
2002-07-22,5043.5,0.0,0.0
2002-07-23,5159.23,0.0,0.0
2002-07-24,5039.48,0.0,0.0
2002-07-25,5045.07,0.0,0.0
2002-07-26,4855.34,0.0,0.0
2002-07-29,4858.44,0.0,0.0
2002-07-30,5005.04,0.0,0.0
2002-07-31,4940.38,0.0,0.0
2002-08-01,4916.59,0.0,0.0
2002-08-02,4920.89,0.0,0.0
2002-08-05,4636.67,0.0,0.0
2002-08-06,4572.35,0.0,0.0
2002-08-07,4720.73,0.0,0.0
2002-08-08,4700.23,0.0,0.0
2002-08-09,4851.44,0.0,0.0
2002-08-12,4852.07,0.0,0.0
2002-08-13,4817.93,0.0,0.0
2002-08-14,4887.43,0.0,0.0
2002-08-15,4931.47,0.0,0.0
2002-08-16,4919.02,0.0,0.0
2002-08-19,4888.0,0.0,0.0
2002-08-20,4919.26,0.0,0.0
2002-08-21,4887.79,0.0,0.0
2002-08-22,4956.49,0.0,0.0
2002-08-23,4968.85,0.0,0.0
2002-08-26,4935.92,0.0,0.0
2002-08-27,4878.85,0.0,0.0
2002-08-28,4789.63,0.0,0.0
2002-08-29,4800.63,0.0,0.0
2002-08-30,4764.94,0.0,0.0
2002-09-02,4644.58,0.0,0.0
2002-09-03,4588.06,0.0,0.0
2002-09-04,4534.15,0.0,0.0
2002-09-05,4459.37,0.0,0.0
2002-09-09,4533.27,0.0,0.0
2002-09-10,4668.01,0.0,0.0
2002-09-11,4660.53,0.0,0.0
2002-09-12,4647.37,0.0,0.0
2002-09-13,4580.17,0.0,0.0
2002-09-16,4457.16,0.0,0.0
2002-09-17,4633.86,0.0,0.0
2002-09-18,4482.65,0.0,0.0
2002-09-19,4491.31,0.0,0.0
2002-09-20,4429.25,0.0,0.0
2002-09-23,4328.4,0.0,0.0
2002-09-24,4286.94,0.0,0.0
2002-09-25,4185.95,0.0,0.0
2002-09-26,4222.22,0.0,0.0
2002-09-27,4208.8,0.0,0.0
2002-09-30,4191.81,0.0,0.0
2002-10-01,4162.77,0.0,0.0
2002-10-02,4171.76,0.0,0.0
2002-10-03,4075.98,0.0,0.0
2002-10-04,4067.79,0.0,0.0
2002-10-07,3924.04,0.0,0.0
2002-10-08,3964.28,0.0,0.0
2002-10-09,3947.61,0.0,0.0
2002-10-11,3850.04,0.0,0.0
2002-10-14,3910.98,0.0,0.0
2002-10-15,4131.47,0.0,0.0
2002-10-16,4223.32,0.0,0.0
2002-10-17,4280.81,0.0,0.0
2002-10-18,4458.17,0.0,0.0
2002-10-21,4463.52,0.0,0.0
2002-10-22,4386.46,0.0,0.0
2002-10-23,4589.88,0.0,0.0
2002-10-24,4574.8,0.0,0.0
2002-10-25,4564.06,0.0,0.0
2002-10-28,4601.37,0.0,0.0
2002-10-29,4554.13,0.0,0.0
2002-10-30,4498.73,0.0,0.0
2002-10-31,4579.14,0.0,0.0
2002-11-01,4500.55,0.0,0.0
2002-11-04,4583.68,0.0,0.0
2002-11-05,4566.1,0.0,0.0
2002-11-06,4725.34,0.0,0.0
2002-11-07,4757.98,0.0,0.0
2002-11-08,4811.01,0.0,0.0
2002-11-11,4664.65,0.0,0.0
2002-11-12,4676.47,0.0,0.0
2002-11-13,4671.77,0.0,0.0
2002-11-14,4665.56,0.0,0.0
2002-11-15,4813.53,0.0,0.0
2002-11-18,4790.61,0.0,0.0
2002-11-19,4726.5,0.0,0.0
2002-11-20,4653.5,0.0,0.0
2002-11-21,4579.45,0.0,0.0
2002-11-22,4707.61,0.0,0.0
2002-11-25,4723.16,0.0,0.0
2002-11-26,4677.89,0.0,0.0
2002-11-27,4633.03,0.0,0.0
2002-11-28,4612.6,0.0,0.0
2002-11-29,4646.69,0.0,0.0
2002-12-02,4683.18,0.0,0.0
2002-12-03,4793.93,0.0,0.0
2002-12-04,4727.49,0.0,0.0
2002-12-05,4755.4,0.0,0.0
2002-12-06,4738.98,0.0,0.0
2002-12-09,4823.67,0.0,0.0
2002-12-10,4755.01,0.0,0.0
2002-12-11,4699.41,0.0,0.0
2002-12-12,4669.7,0.0,0.0
2002-12-13,4588.14,0.0,0.0
2002-12-16,4582.05,0.0,0.0
2002-12-17,4545.62,0.0,0.0
2002-12-18,4535.93,0.0,0.0
2002-12-19,4549.23,0.0,0.0
2002-12-20,4595.67,0.0,0.0
2002-12-23,4572.77,0.0,0.0
2002-12-24,4544.5,0.0,0.0
2002-12-25,4484.43,0.0,0.0
2002-12-26,4567.37,0.0,0.0
2002-12-27,4547.32,0.0,0.0
2002-12-30,4457.75,0.0,0.0
2002-12-31,4452.45,0.0,0.0
2003-01-02,4524.87,4524.92,0.0
2003-01-03,4626.32,4626.36,0.0
2003-01-06,4689.86,4690.26,0.0
2003-01-07,4701.08,4701.48,0.0
2003-01-08,4836.93,4837.35,0.0
2003-01-09,4813.73,4814.24,0.0
2003-01-10,4850.8,4851.31,0.0
2003-01-13,4991.26,4991.79,0.0
2003-01-14,4992.42,4992.95,0.0
2003-01-15,5017.7,5018.23,0.0
2003-01-16,4943.29,4943.81,0.0
2003-01-17,4907.78,4908.3,0.0
2003-01-20,4951.03,4951.56,0.0
2003-01-21,4945.87,4946.39,0.0
2003-01-22,4993.27,4993.8,0.0
2003-01-23,5078.8,5079.34,0.0
2003-01-24,5057.32,5057.86,0.0
2003-01-27,4972.59,4973.12,0.0
2003-01-28,5015.16,5015.69,0.0
2003-02-06,4833.58,4834.09,0.0
2003-02-07,4735.37,4735.87,0.0
2003-02-10,4643.87,4644.36,0.0
2003-02-11,4618.98,4619.47,0.0
2003-02-12,4624.87,4625.36,0.0
2003-02-13,4507.96,4508.43,0.0
2003-02-14,4493.99,4494.46,0.0
2003-02-17,4705.08,4705.58,0.0
2003-02-18,4605.31,4605.8,0.0
2003-02-19,4550.83,4551.32,0.0
2003-02-20,4550.7,4551.19,0.0
2003-02-21,4548.35,4548.83,0.0
2003-02-24,4609.2,4609.69,0.0
2003-02-25,4454.35,4454.82,0.0
2003-02-26,4456.69,4457.16,0.0
2003-02-27,4432.46,4432.93,0.0
2003-03-03,4526.69,4527.17,0.0
2003-03-04,4499.69,4500.17,0.0
2003-03-05,4418.11,4418.58,0.0
2003-03-06,4397.44,4397.91,0.0
2003-03-07,4350.59,4351.05,0.0
2003-03-10,4319.99,4320.45,0.0
2003-03-11,4260.45,4260.9,0.0
2003-03-12,4328.15,4328.61,0.0
2003-03-13,4378.99,4379.45,0.0
2003-03-14,4476.17,4476.64,0.0
2003-03-17,4357.99,4358.45,0.0
2003-03-18,4539.72,4540.2,0.0
2003-03-19,4515.07,4515.55,0.0
2003-03-20,4599.25,4599.74,0.0
2003-03-21,4586.92,4587.41,0.0
2003-03-24,4570.68,4571.16,0.0
2003-03-25,4498.83,4499.3,0.0
2003-03-26,4496.05,4496.53,0.0
2003-03-27,4514.24,4514.72,0.0
2003-03-28,4477.01,4477.49,0.0
2003-03-31,4321.22,4321.68,0.0
2003-04-01,4337.61,4338.07,0.0
2003-04-02,4311.56,4312.02,0.0
2003-04-03,4358.39,4358.86,0.0
2003-04-04,4499.18,4499.65,0.0
2003-04-07,4575.83,4576.31,0.0
2003-04-08,4552.45,4552.93,0.0
2003-04-09,4537.39,4537.87,0.0
2003-04-10,4541.36,4541.84,0.0
2003-04-11,4530.4,4530.88,0.0
2003-04-14,4459.81,4460.29,0.0
2003-04-15,4487.59,4488.07,0.0
2003-04-16,4609.32,4609.81,0.0
2003-04-17,4566.66,4567.58,0.0
2003-04-18,4658.3,4659.24,0.0
2003-04-21,4648.12,4649.06,0.0
2003-04-22,4556.1,4557.02,0.0
2003-04-23,4564.93,4565.86,0.0
2003-04-24,4374.94,4375.83,0.0
2003-04-25,4233.54,4234.4,0.0
2003-04-28,4139.5,4140.34,0.0
2003-04-29,4200.32,4201.17,0.0
2003-04-30,4148.07,4148.91,0.0
2003-05-02,4187.82,4188.67,0.0
2003-05-05,4202.12,4202.99,0.0
2003-05-06,4220.45,4221.72,0.0
2003-05-07,4275.91,4277.2,0.0
2003-05-08,4191.25,4192.52,0.0
2003-05-09,4244.18,4245.46,0.0
2003-05-12,4261.02,4262.3,0.0
2003-05-13,4334.59,4335.9,0.0
2003-05-14,4341.1,4342.41,0.0
2003-05-15,4331.24,4332.54,0.0
2003-05-16,4283.77,4285.06,0.0
2003-05-19,4255.8,4257.08,0.0
2003-05-20,4251.59,4253.66,0.0
2003-05-21,4216.64,4218.7,0.0
2003-05-22,4271.3,4273.53,0.0
2003-05-23,4349.52,4351.79,0.0
2003-05-26,4465.57,4467.9,0.0
2003-05-27,4451.11,4453.43,0.0
2003-05-28,4474.41,4476.75,0.0
2003-05-29,4543.04,4545.61,0.0
2003-05-30,4555.9,4558.47,0.0
2003-06-02,4692.94,4696.37,0.0
2003-06-03,4678.08,4681.5,0.0
2003-06-05,4738.34,4741.81,0.0
2003-06-06,4740.45,4744.03,0.0
2003-06-09,4826.94,4830.86,0.0
2003-06-10,4832.2,4836.72,0.0
2003-06-11,4804.65,4809.13,0.0
2003-06-12,4878.43,4885.75,0.0
2003-06-13,4881.9,4889.4,0.0
2003-06-16,4892.36,4899.87,0.0
2003-06-17,4973.19,4980.94,0.0
2003-06-18,4999.07,5006.85,0.0
2003-06-19,5048.91,5061.21,0.0
2003-06-20,5002.58,5016.5,0.0
2003-06-23,4921.72,4936.68,0.0
2003-06-24,4909.31,4924.38,0.0
2003-06-25,4933.79,4949.43,0.0
2003-06-26,4894.01,4914.01,0.0
2003-06-27,4877.9,4898.51,0.0
2003-06-30,4872.15,4893.09,0.0
2003-07-01,5017.78,5039.5,0.0
2003-07-02,5095.24,5118.63,0.0
2003-07-03,5095.31,5127.98,0.0
2003-07-04,5151.85,5184.93,0.0
2003-07-07,5322.26,5358.12,0.0
2003-07-08,5367.97,5405.35,0.0
2003-07-09,5358.91,5397.29,0.0
2003-07-10,5282.38,5320.67,0.0
2003-07-11,5239.96,5281.05,0.0
2003-07-14,5349.94,5392.41,0.0
2003-07-15,5335.86,5379.52,0.0
2003-07-16,5413.87,5458.43,0.0
2003-07-17,5299.51,5344.72,0.0
2003-07-18,5287.38,5333.57,0.0
2003-07-21,5219.3,5264.97,0.0
2003-07-22,5261.01,5312.5,0.0
2003-07-23,5287.89,5340.36,0.0
2003-07-24,5402.75,5471.64,0.0
2003-07-25,5394.75,5463.95,0.0
2003-07-28,5451.8,5522.17,0.0
2003-07-29,5342.46,5412.91,0.0
2003-07-30,5307.18,5397.33,0.0
2003-07-31,5318.34,5410.09,0.0
2003-08-01,5390.51,5485.0,0.0
2003-08-04,5377.19,5474.0,0.0
2003-08-05,5259.45,5356.63,0.0
2003-08-06,5225.83,5323.03,0.0
2003-08-07,5259.07,5359.72,0.0
2003-08-08,5232.55,5332.94,0.0
2003-08-11,5214.6,5315.29,0.0
2003-08-12,5255.24,5358.0,0.0
2003-08-13,5442.27,5549.25,0.0
2003-08-14,5436.75,5544.46,0.0
2003-08-15,5488.74,5601.92,0.0
2003-08-18,5516.8,5631.38,0.0
2003-08-19,5512.16,5628.52,0.0
2003-08-20,5543.61,5661.22,0.0
2003-08-21,5611.86,5731.82,0.0
2003-08-22,5646.62,5767.41,0.0
2003-08-25,5686.85,5808.6,0.0
2003-08-26,5558.25,5677.25,0.0
2003-08-27,5553.43,5672.49,0.0
2003-08-28,5523.12,5642.65,0.0
2003-08-29,5650.83,5773.21,0.0
2003-09-01,5691.79,5815.18,0.0
2003-09-02,5715.95,5839.97,0.0
2003-09-03,5673.18,5796.57,0.0
2003-09-04,5625.63,5748.07,0.0
2003-09-05,5639.03,5762.31,0.0
2003-09-08,5727.01,5852.28,0.0
2003-09-09,5680.69,5805.09,0.0
2003-09-10,5623.43,5747.19,0.0
2003-09-12,5645.28,5769.52,0.0
2003-09-15,5623.22,5747.37,0.0
2003-09-16,5699.26,5825.12,0.0
2003-09-17,5747.14,5874.21,0.0
2003-09-18,5750.81,5877.97,0.0
2003-09-19,5757.91,5885.31,0.0
2003-09-22,5675.75,5801.33,0.0
2003-09-23,5684.01,5809.77,0.0
2003-09-24,5722.36,5848.98,0.0
2003-09-25,5688.23,5814.08,0.0
2003-09-26,5650.11,5775.12,0.0
2003-09-29,5643.5,5768.37,0.0
2003-09-30,5611.41,5735.57,0.0
2003-10-01,5581.66,5705.16,0.0
2003-10-02,5699.86,5826.0,0.0
2003-10-03,5747.79,5874.99,0.0
2003-10-06,5851.2,5980.69,0.0
2003-10-07,5856.68,5986.29,0.0
2003-10-08,5821.8,5950.64,0.0
2003-10-09,5869.88,5999.79,0.0
2003-10-13,5972.47,6104.94,0.0
2003-10-14,5938.42,6070.14,0.0
2003-10-15,5924.38,6055.78,0.0
2003-10-16,6035.74,6169.64,0.0
2003-10-17,6042.71,6176.78,0.0
2003-10-20,6077.89,6212.75,0.0
2003-10-21,6061.46,6195.95,0.0
2003-10-22,6041.86,6175.92,0.0
2003-10-23,5952.23,6084.3,0.0
2003-10-24,5918.14,6049.45,0.0
2003-10-27,5958.55,6090.76,0.0
2003-10-28,6075.45,6210.25,0.0
2003-10-29,6095.87,6231.13,0.0
2003-10-30,6108.13,6243.68,0.0
2003-10-31,6045.12,6179.34,0.0
2003-11-03,6087.45,6222.66,0.0
2003-11-04,6108.99,6244.68,0.0
2003-11-05,6142.32,6278.76,0.0
2003-11-06,6013.4,6146.98,0.0
2003-11-07,6056.83,6191.38,0.0
2003-11-10,6059.03,6193.63,0.0
2003-11-11,6022.08,6155.86,0.0
2003-11-12,5982.75,6115.65,0.0
2003-11-13,6035.44,6169.52,0.0
2003-11-14,6044.77,6179.05,0.0
2003-11-17,5952.32,6084.55,0.0
2003-11-18,5939.47,6071.41,0.0
2003-11-19,5865.51,5995.8,0.0
2003-11-20,5834.24,5963.84,0.0
2003-11-21,5830.06,5959.57,0.0
2003-11-24,5821.58,5950.9,0.0
2003-11-25,5861.18,5991.38,0.0
2003-11-26,5860.61,5990.8,0.0
2003-11-27,5740.57,5868.09,0.0
2003-11-28,5771.77,5899.99,0.0
2003-12-01,5870.17,6000.57,0.0
2003-12-02,5911.45,6042.77,0.0
2003-12-03,5884.97,6015.7,0.0
2003-12-04,5920.46,6051.97,0.0
2003-12-05,5900.05,6031.12,0.0
2003-12-08,5847.15,5977.03,0.0
2003-12-09,5859.56,5989.73,0.0
2003-12-10,5803.42,5932.34,0.0
2003-12-11,5867.05,5997.39,0.0
2003-12-12,5858.32,5988.46,0.0
2003-12-15,5924.24,6055.84,0.0
2003-12-16,5887.23,6018.0,0.0
2003-12-17,5752.01,5879.79,0.0
2003-12-18,5768.76,5896.91,0.0
2003-12-19,5759.23,5887.16,0.0
2003-12-22,5835.11,5964.73,0.0
2003-12-23,5845.51,5975.37,0.0
2003-12-24,5857.87,5988.02,0.0
2003-12-25,5853.7,5983.76,0.0
2003-12-26,5857.21,5987.34,0.0
2003-12-29,5804.89,5933.87,0.0
2003-12-30,5866.75,5997.1,0.0
2003-12-31,5890.69,6021.57,0.0
2004-01-02,6041.56,6175.79,0.0
2004-01-05,6125.42,6261.52,0.0
2004-01-06,6144.01,6280.51,0.0
2004-01-07,6141.25,6277.7,0.0
2004-01-08,6169.17,6306.23,0.0
2004-01-09,6226.98,6365.33,0.0
2004-01-12,6219.71,6357.9,0.0
2004-01-13,6210.22,6348.28,0.0
2004-01-14,6274.97,6414.47,0.0
2004-01-15,6264.37,6403.62,0.0
2004-01-16,6269.71,6409.09,0.0
2004-01-27,6384.63,6526.56,0.0
2004-01-28,6386.25,6528.22,0.0
2004-01-29,6312.65,6452.98,0.0
2004-01-30,6375.38,6517.11,0.0
2004-02-02,6319.96,6460.46,0.0
2004-02-03,6252.23,6391.22,0.0
2004-02-04,6241.39,6380.14,0.0
2004-02-05,6268.14,6407.48,0.0
2004-02-06,6353.35,6494.59,0.0
2004-02-09,6463.09,6606.76,0.0
2004-02-10,6488.34,6632.58,0.0
2004-02-11,6454.39,6597.88,0.0
2004-02-12,6436.95,6580.04,0.0
2004-02-13,6549.18,6694.77,0.0
2004-02-16,6565.37,6711.32,0.0
2004-02-17,6600.47,6747.2,0.0
2004-02-18,6605.85,6752.7,0.0
2004-02-19,6681.52,6830.05,0.0
2004-02-20,6665.54,6813.72,0.0
2004-02-23,6665.89,6814.07,0.0
2004-02-24,6589.23,6735.71,0.0
2004-02-25,6644.28,6791.99,0.0
2004-02-26,6693.25,6842.04,0.0
2004-02-27,6750.54,6900.61,0.0
2004-03-01,6888.43,7041.56,0.0
2004-03-02,6975.26,7130.32,0.0
2004-03-03,6932.17,7086.28,0.0
2004-03-04,7034.1,7190.47,0.0
2004-03-05,6943.68,7098.04,0.0
2004-03-08,6901.48,7054.9,0.0
2004-03-09,6973.9,7128.94,0.0
2004-03-10,6874.91,7027.75,0.0
2004-03-11,6879.11,7032.04,0.0
2004-03-12,6800.24,6951.41,0.0
2004-03-15,6635.98,6783.5,0.0
2004-03-16,6589.72,6736.22,0.0
2004-03-17,6577.98,6724.21,0.0
2004-03-18,6787.03,6937.91,0.0
2004-03-19,6815.09,6966.59,0.0
2004-03-22,6359.92,6501.3,0.0
2004-03-23,6172.89,6310.12,0.0
2004-03-24,6213.56,6351.69,0.0
2004-03-25,6156.73,6293.6,0.0
2004-03-26,6132.62,6268.95,0.0
2004-03-29,6474.11,6618.03,0.0
2004-03-30,6494.71,6639.09,0.0
2004-03-31,6522.19,6667.18,0.0
2004-04-01,6523.49,6668.51,0.0
2004-04-02,6545.54,6691.05,0.0
2004-04-05,6682.73,6831.29,0.0
2004-04-06,6635.54,6783.05,0.0
2004-04-07,6646.74,6794.5,0.0
2004-04-08,6672.86,6821.2,0.0
2004-04-09,6620.36,6767.53,0.0
2004-04-12,6777.78,6928.45,0.0
2004-04-13,6794.33,6945.38,0.0
2004-04-14,6880.18,7033.13,0.0
2004-04-15,6736.79,6886.55,0.0
2004-04-16,6818.2,6969.77,0.0
2004-04-19,6779.18,6929.88,0.0
2004-04-20,6799.97,6951.13,0.0
2004-04-21,6810.25,6961.64,0.0
2004-04-22,6732.09,6881.75,0.0
2004-04-23,6748.1,6898.11,0.0
2004-04-26,6710.7,6859.88,0.0
2004-04-27,6646.8,6794.56,0.0
2004-04-28,6574.75,6720.91,0.0
2004-04-29,6402.21,6544.53,0.0
2004-04-30,6117.81,6253.81,0.0
2004-05-03,6029.77,6163.81,0.0
2004-05-04,6188.15,6326.0,0.0
2004-05-05,5854.23,5984.64,0.0
2004-05-06,5909.79,6041.43,0.0
2004-05-07,6040.26,6174.81,0.0
2004-05-10,5825.05,5954.81,0.0
2004-05-11,5886.36,6017.49,0.0
2004-05-12,5958.79,6091.53,0.0
2004-05-13,5918.09,6049.92,0.0
2004-05-14,5777.32,5906.02,0.0
2004-05-17,5482.96,5605.38,0.0
2004-05-18,5557.68,5681.77,0.0
2004-05-19,5860.58,5991.6,0.0
2004-05-20,5815.33,5946.21,0.0
2004-05-21,5964.94,6099.2,0.0
2004-05-24,5942.08,6075.82,0.0
2004-05-25,5958.38,6092.81,0.0
2004-05-26,6027.27,6163.28,0.0
2004-05-27,6033.05,6171.62,0.0
2004-05-28,6137.26,6278.22,0.0
2004-05-31,5977.84,6115.32,0.0
2004-06-01,5986.2,6123.97,0.0
2004-06-02,5875.67,6010.89,0.0
2004-06-03,5671.45,5801.97,0.0
2004-06-04,5724.89,5856.9,0.0
2004-06-07,5935.82,6072.69,0.0
2004-06-08,5986.76,6125.23,0.0
2004-06-09,5965.7,6103.78,0.0
2004-06-10,5867.51,6004.72,0.0
2004-06-11,5735.07,5869.47,0.0
2004-06-14,5574.08,5710.29,0.0
2004-06-15,5646.49,5789.22,0.0
2004-06-16,5560.16,5700.8,0.0
2004-06-17,5664.35,5811.1,0.0
2004-06-18,5569.29,5713.58,0.0
2004-06-21,5556.54,5701.61,0.0
2004-06-23,5729.3,5879.15,0.0
2004-06-24,5779.09,5936.62,0.0
2004-06-25,5802.55,5960.87,0.0
2004-06-28,5709.84,5867.7,0.0
2004-06-29,5741.52,5900.69,0.0
2004-06-30,5839.44,6002.11,0.0
2004-07-01,5836.91,6014.17,0.0
2004-07-02,5746.7,5921.45,0.0
2004-07-05,5659.78,5832.1,0.0
2004-07-06,5733.57,5908.49,0.0
2004-07-07,5727.78,5905.33,0.0
2004-07-08,5713.39,5899.31,0.0
2004-07-09,5777.72,5965.76,0.0
2004-07-12,5758.74,5949.53,0.0
2004-07-13,5685.57,5896.52,0.0
2004-07-14,5623.65,5833.42,0.0
2004-07-15,5542.8,5753.47,0.0
2004-07-16,5502.14,5711.43,0.0
2004-07-19,5489.1,5698.25,0.0
2004-07-20,5325.68,5531.04,0.0
2004-07-21,5409.13,5624.88,0.0
2004-07-22,5387.96,5608.95,0.0
2004-07-23,5373.85,5608.45,0.0
2004-07-26,5331.71,5565.06,0.0
2004-07-27,5398.61,5636.08,0.0
2004-07-28,5383.57,5623.98,0.0
2004-07-29,5349.66,5593.94,0.0
2004-07-30,5420.57,5670.9,0.0
2004-08-02,5350.4,5601.67,0.0
2004-08-03,5367.22,5620.96,0.0
2004-08-04,5316.87,5577.1,0.0
2004-08-05,5427.61,5697.83,0.0
2004-08-06,5399.16,5668.99,0.0
2004-08-09,5399.45,5672.17,0.0
2004-08-10,5393.73,5668.81,0.0
2004-08-11,5367.34,5644.54,0.0
2004-08-12,5368.02,5648.25,0.0
2004-08-13,5389.93,5671.35,0.0
2004-08-16,5352.01,5631.73,0.0
2004-08-17,5342.49,5623.75,0.0
2004-08-18,5427.75,5713.9,0.0
2004-08-19,5602.99,5898.75,0.0
2004-08-20,5622.86,5920.15,0.0
2004-08-23,5660.97,5962.91,0.0
2004-08-26,5813.39,6128.36,0.0
2004-08-27,5797.71,6111.83,0.0
2004-08-30,5788.94,6104.11,0.0
2004-08-31,5765.54,6079.49,0.0
2004-09-01,5858.14,6177.14,0.0
2004-09-02,5852.85,6172.19,0.0
2004-09-03,5761.14,6075.48,0.0
2004-09-06,5775.99,6091.14,0.0
2004-09-07,5846.83,6165.96,0.0
2004-09-08,5846.02,6165.11,0.0
2004-09-09,5842.93,6162.97,0.0
2004-09-10,5846.19,6166.41,0.0
2004-09-13,5928.22,6253.0,0.0
2004-09-14,5919.77,6244.74,0.0
2004-09-15,5871.07,6193.54,0.0
2004-09-16,5891.05,6214.71,0.0
2004-09-17,5818.39,6138.08,0.0
2004-09-20,5864.54,6186.86,0.0
2004-09-21,5949.26,6276.24,0.0
2004-09-22,5970.18,6298.32,0.0
2004-09-23,5937.25,6263.58,0.0
2004-09-24,5892.21,6216.06,0.0
2004-09-27,5849.22,6170.71,0.0
2004-09-29,5809.75,6129.25,0.0
2004-09-30,5845.69,6167.3,0.0
2004-10-01,5945.35,6272.47,0.0
2004-10-04,6077.96,6412.42,0.0
2004-10-05,6081.01,6415.65,0.0
2004-10-06,6060.61,6394.27,0.0
2004-10-07,6103.0,6438.99,0.0
2004-10-08,6102.16,6438.1,0.0
2004-10-11,6089.28,6424.51,0.0
2004-10-12,5979.56,6308.75,0.0
2004-10-13,5963.07,6291.36,0.0
2004-10-14,5831.07,6152.17,0.0
2004-10-15,5820.82,6141.36,0.0
2004-10-18,5772.12,6089.97,0.0
2004-10-19,5807.79,6127.61,0.0
2004-10-20,5788.34,6107.09,0.0
2004-10-21,5797.24,6116.68,0.0
2004-10-22,5774.67,6092.86,0.0
2004-10-26,5662.88,5974.92,0.0
2004-10-27,5650.97,5962.35,0.0
2004-10-28,5695.56,6009.4,0.0
2004-10-29,5705.93,6020.34,0.0
2004-11-01,5656.17,5967.84,0.0
2004-11-02,5759.61,6076.98,0.0
2004-11-03,5862.85,6185.91,0.0
2004-11-04,5860.73,6183.67,0.0
2004-11-05,5931.31,6258.13,0.0
2004-11-08,5937.46,6264.72,0.0
2004-11-09,5945.2,6272.89,0.0
2004-11-10,5948.49,6276.36,0.0
2004-11-11,5874.52,6198.31,0.0
2004-11-12,5917.16,6243.31,0.0
2004-11-15,5906.69,6232.26,0.0
2004-11-16,5910.85,6236.64,0.0
2004-11-17,6028.68,6360.97,0.0
2004-11-18,6049.49,6382.93,0.0
2004-11-19,6026.55,6358.72,0.0
2004-11-22,5838.42,6160.22,0.0
2004-11-23,5851.1,6173.6,0.0
2004-11-24,5911.31,6237.13,0.0
2004-11-25,5855.24,6177.97,0.0
2004-11-26,5778.65,6097.16,0.0
2004-11-29,5785.26,6104.13,0.0
2004-11-30,5844.76,6166.92,0.0
2004-12-01,5798.62,6118.23,0.0
2004-12-02,5867.95,6191.38,0.0
2004-12-03,5893.27,6218.1,0.0
2004-12-06,5919.17,6245.43,0.0
2004-12-07,5925.28,6251.87,0.0
2004-12-08,5892.51,6217.3,0.0
2004-12-09,5913.97,6239.94,0.0
2004-12-10,5911.63,6237.47,0.0
2004-12-13,5878.89,6202.92,0.0
2004-12-14,5909.65,6235.38,0.0
2004-12-15,6002.58,6333.44,0.0
2004-12-16,6019.23,6351.0,0.0
2004-12-17,6009.32,6340.54,0.0
2004-12-20,5985.94,6315.87,0.0
2004-12-21,5987.85,6317.89,0.0
2004-12-22,6001.52,6332.32,0.0
2004-12-23,5997.67,6328.94,0.0
2004-12-24,6019.42,6351.89,0.0
2004-12-27,5985.94,6316.56,0.0
2004-12-28,6000.57,6331.99,0.0
2004-12-29,6088.49,6424.77,0.0
2004-12-30,6100.86,6437.82,0.0
2004-12-31,6139.69,6478.8,0.0
2005-01-03,6143.12,6482.42,0.0
2005-01-04,6060.46,6395.19,0.0
2005-01-05,5988.37,6319.12,0.0
2005-01-06,5982.12,6312.52,0.0
2005-01-07,5935.99,6263.85,0.0
2005-01-10,5942.85,6271.09,0.0
2005-01-11,5975.66,6305.71,0.0
2005-01-12,5879.08,6203.8,0.0
2005-01-13,5853.94,6177.27,0.0
2005-01-14,5889.52,6214.81,0.0
2005-01-17,5945.27,6273.64,0.0
2005-01-18,5933.57,6261.3,0.0
2005-01-19,5895.35,6220.97,0.0
2005-01-20,5888.1,6213.31,0.0
2005-01-21,5848.91,6171.96,0.0
2005-01-24,5771.48,6090.25,0.0
2005-01-25,5782.75,6102.14,0.0
2005-01-26,5835.37,6157.67,0.0
2005-01-27,5842.76,6165.47,0.0
2005-01-28,5879.93,6204.69,0.0
2005-01-31,5994.23,6325.31,0.0
2005-02-01,5981.54,6311.91,0.0
2005-02-02,6018.69,6351.11,0.0
2005-02-03,6034.6,6367.9,0.0
2005-02-14,6112.4,6450.0,0.0
2005-02-15,6122.39,6460.54,0.0
2005-02-16,6143.49,6482.81,0.0
2005-02-17,6072.16,6407.67,0.0
2005-02-18,6115.43,6453.34,0.0
2005-02-21,6142.78,6482.19,0.0
2005-02-22,6107.17,6444.61,0.0
2005-02-23,6121.52,6459.75,0.0
2005-02-24,6128.34,6466.95,0.0
2005-02-25,6207.83,6550.84,0.0
2005-03-01,6259.69,6605.56,0.0
2005-03-02,6225.25,6569.22,0.0
2005-03-03,6202.38,6545.08,0.0
2005-03-04,6193.62,6535.84,0.0
2005-03-07,6220.52,6564.23,0.0
2005-03-08,6173.34,6514.44,0.0
2005-03-09,6213.28,6556.59,0.0
2005-03-10,6192.53,6534.69,0.0
2005-03-11,6204.23,6547.04,0.0
2005-03-14,6155.51,6495.62,0.0
2005-03-15,6063.48,6398.51,0.0
2005-03-16,6072.36,6407.88,0.0
2005-03-17,6032.47,6365.78,0.0
2005-03-18,6043.95,6377.9,0.0
2005-03-21,6058.96,6393.74,0.0
2005-03-22,6018.79,6351.35,0.0
2005-03-23,6019.49,6352.09,0.0
2005-03-24,6001.0,6332.57,0.0
2005-03-25,6065.91,6401.07,0.0
2005-03-28,6048.74,6382.95,0.0
2005-03-29,5961.24,6290.62,0.0
2005-03-30,5957.98,6287.18,0.0
2005-03-31,6005.88,6337.73,0.0
2005-04-01,6028.75,6361.87,0.0
2005-04-04,6019.93,6352.55,0.0
2005-04-06,6013.49,6345.76,0.0
2005-04-07,5971.76,6301.72,0.0
2005-04-08,6024.07,6356.92,0.0
2005-04-11,5979.42,6309.8,0.0
2005-04-12,5993.89,6325.07,0.0
2005-04-13,5998.08,6329.5,0.0
2005-04-14,5976.68,6306.91,0.0
2005-04-15,5888.37,6213.72,0.0
2005-04-18,5715.16,6030.95,0.0
2005-04-19,5748.35,6065.96,0.0
2005-04-20,5693.01,6007.57,0.0
2005-04-21,5721.99,6038.15,0.0
2005-04-22,5747.09,6064.64,0.0
2005-04-25,5758.31,6076.48,0.0
2005-04-26,5805.25,6126.02,0.0
2005-04-27,5778.27,6097.54,0.0
2005-04-28,5842.27,6165.29,0.0
2005-04-29,5818.07,6139.75,0.0
2005-05-03,5818.22,6139.92,0.0
2005-05-04,5803.68,6124.57,0.0
2005-05-05,5927.5,6255.23,0.0
2005-05-06,5967.96,6297.93,0.0
2005-05-09,5966.85,6296.76,0.0
2005-05-10,5949.8,6278.76,0.0
2005-05-11,5917.13,6244.29,0.0
2005-05-12,5934.6,6262.73,0.0
2005-05-13,5981.48,6312.2,0.0
2005-05-16,5925.88,6253.52,0.0
2005-05-17,5894.01,6219.9,0.0
2005-05-18,5890.83,6216.54,0.0
2005-05-19,5970.71,6301.76,0.0
2005-05-20,5954.69,6284.85,0.0
2005-05-23,5885.45,6211.84,0.0
2005-05-24,5909.1,6236.9,0.0
2005-05-25,5888.53,6215.18,0.0
2005-05-26,5939.42,6268.91,0.0
2005-05-27,5991.55,6323.92,0.0
2005-05-30,6009.52,6342.89,0.0
2005-05-31,6011.56,6345.05,0.0
2005-06-01,5971.62,6302.88,0.0
2005-06-02,6039.48,6376.76,0.0
2005-06-03,6107.95,6449.09,0.0
2005-06-06,6137.57,6480.36,0.0
2005-06-07,6105.79,6447.19,0.0
2005-06-08,6161.66,6506.18,0.0
2005-06-09,6145.92,6489.56,0.0
2005-06-10,6192.35,6538.6,0.0
2005-06-13,6231.05,6601.03,0.0
2005-06-14,6205.76,6574.74,0.0
2005-06-15,6252.1,6623.87,0.0
2005-06-16,6282.41,6656.84,0.0
2005-06-17,6293.56,6669.0,0.0
2005-06-20,6296.89,6672.68,0.0
2005-06-21,6278.46,6653.15,0.0
2005-06-22,6357.83,6747.98,0.0
2005-06-23,6373.86,6767.18,0.0
2005-06-24,6340.69,6732.27,0.0
2005-06-27,6302.99,6692.49,0.0
2005-06-28,6316.84,6707.68,0.0
2005-06-29,6231.65,6617.4,0.0
2005-06-30,6241.94,6630.72,0.0
2005-07-01,6272.14,6663.24,0.0
2005-07-04,6271.2,6662.99,0.0
2005-07-05,6232.04,6632.64,0.0
2005-07-06,6222.05,6634.97,0.0
2005-07-07,6212.6,6628.57,0.0
2005-07-08,6201.4,6617.65,0.0
2005-07-11,6298.86,6723.77,0.0
2005-07-12,6358.81,6789.57,0.0
2005-07-13,6377.09,6821.6,0.0
2005-07-14,6418.35,6880.15,0.0
2005-07-15,6410.59,6872.33,0.0
2005-07-19,6416.34,6895.75,0.0
2005-07-20,6423.81,6905.16,0.0
2005-07-21,6394.03,6885.72,0.0
2005-07-22,6380.73,6874.13,0.0
2005-07-25,6420.45,6917.34,0.0
2005-07-26,6366.16,6878.01,0.0
2005-07-27,6327.25,6838.38,0.0
2005-07-28,6375.64,6897.52,0.0
2005-07-29,6311.98,6830.34,0.0
2005-08-01,6307.93,6826.38,0.0
2005-08-02,6343.54,6868.94,0.0
2005-08-03,6455.57,6995.11,0.0
2005-08-04,6446.01,6992.07,0.0
2005-08-08,6380.03,6923.03,0.0
2005-08-09,6380.0,6927.89,0.0
2005-08-10,6356.84,6910.08,0.0
2005-08-11,6353.71,6928.63,0.0
2005-08-12,6350.9,6928.18,0.0
2005-08-15,6245.13,6813.51,0.0
2005-08-16,6242.4,6812.83,0.0
2005-08-17,6241.92,6814.63,0.0
2005-08-18,6205.09,6779.83,0.0
2005-08-19,6158.94,6729.65,0.0
2005-08-22,6206.65,6781.88,0.0
2005-08-23,6195.18,6770.29,0.0
2005-08-24,6127.24,6697.38,0.0
2005-08-25,6109.66,6685.44,0.0
2005-08-26,6136.55,6714.87,0.0
2005-08-29,6049.44,6620.31,0.0
2005-08-30,6032.12,6602.38,0.0
2005-08-31,6033.47,6605.52,0.0
2005-09-02,6116.05,6700.7,0.0
2005-09-05,6098.78,6681.91,0.0
2005-09-06,6140.14,6727.25,0.0
2005-09-07,6141.14,6728.76,0.0
2005-09-08,6149.88,6738.51,0.0
2005-09-09,6119.06,6704.74,0.0
2005-09-12,6164.98,6755.21,0.0
2005-09-13,6169.08,6759.74,0.0
2005-09-14,6148.7,6737.64,0.0
2005-09-15,6082.56,6665.23,0.0
2005-09-16,6031.24,6609.24,0.0
2005-09-19,6035.59,6615.4,0.0
2005-09-20,6105.35,6691.92,0.0
2005-09-21,6067.34,6650.43,0.0
2005-09-22,5972.06,6546.06,0.0
2005-09-23,5925.54,6495.1,0.0
2005-09-26,5930.2,6500.21,0.0
2005-09-27,5945.05,6516.48,0.0
2005-09-28,5931.38,6501.5,0.0
2005-09-29,6009.99,6596.0,0.0
2005-09-30,6118.61,6715.21,0.0
2005-10-03,6123.92,6721.04,0.0
2005-10-04,6142.12,6741.05,0.0
2005-10-05,6135.01,6733.25,0.0
2005-10-06,6095.81,6690.52,0.0
2005-10-07,6081.84,6675.2,0.0
2005-10-11,6066.59,6658.46,0.0
2005-10-12,5987.4,6571.54,0.0
2005-10-13,5960.11,6541.6,0.0
2005-10-14,5969.07,6551.45,0.0
2005-10-17,5826.27,6394.71,0.0
2005-10-18,5830.79,6399.67,0.0
2005-10-19,5694.16,6249.77,0.0
2005-10-20,5748.0,6308.87,0.0
2005-10-21,5738.76,6298.72,0.0
2005-10-24,5717.28,6275.17,0.0
2005-10-25,5721.31,6279.6,0.0
2005-10-26,5700.72,6257.09,0.0
2005-10-27,5661.18,6213.69,0.0
2005-10-28,5632.97,6182.73,0.0
2005-10-31,5764.3,6326.87,0.0
2005-11-01,5798.41,6364.31,0.0
2005-11-02,5870.37,6443.29,0.0
2005-11-03,5858.01,6429.73,0.0
2005-11-04,5911.74,6488.71,0.0
2005-11-07,5860.39,6432.34,0.0
2005-11-08,5849.63,6420.53,0.0
2005-11-09,5971.06,6553.81,0.0
2005-11-10,5988.37,6572.82,0.0
2005-11-11,6075.26,6668.19,0.0
2005-11-14,6083.62,6677.35,0.0
2005-11-15,6030.74,6619.32,0.0
2005-11-16,6046.2,6636.29,0.0
2005-11-17,6020.94,6608.61,0.0
2005-11-18,6106.74,6702.79,0.0
2005-11-21,6103.42,6699.14,0.0
2005-11-22,6059.19,6650.59,0.0
2005-11-23,6123.52,6721.23,0.0
2005-11-24,6111.89,6708.47,0.0
2005-11-25,6128.2,6726.38,0.0
2005-11-28,6203.84,6809.39,0.0
2005-11-29,6139.51,6738.79,0.0
2005-11-30,6203.47,6808.99,0.0
2005-12-01,6179.82,6783.03,0.0
2005-12-02,6228.95,6836.96,0.0
2005-12-05,6348.31,6967.97,0.0
2005-12-06,6350.52,6970.39,0.0
2005-12-07,6329.52,6947.35,0.0
2005-12-08,6249.19,6859.18,0.0
2005-12-09,6264.36,6875.82,0.0
2005-12-12,6266.29,6877.95,0.0
2005-12-13,6261.18,6872.34,0.0
2005-12-14,6235.35,6843.99,0.0
2005-12-15,6258.47,6869.36,0.0
2005-12-16,6350.69,6970.58,0.0
2005-12-19,6431.42,7059.2,0.0
2005-12-20,6427.84,7055.27,0.0
2005-12-21,6471.89,7103.61,0.0
2005-12-22,6417.2,7043.59,0.0
2005-12-23,6512.63,7148.49,0.0
2005-12-26,6534.77,7172.8,0.0
2005-12-27,6531.59,7169.31,0.0
2005-12-28,6524.4,7161.42,0.0
2005-12-29,6575.53,7217.54,0.0
2005-12-30,6548.34,7187.69,0.0
2006-01-02,6462.06,7092.99,0.0
2006-01-03,6591.77,7235.36,0.0
2006-01-04,6616.44,7262.44,0.0
2006-01-05,6709.87,7365.0,0.0
2006-01-06,6694.82,7348.47,0.0
2006-01-09,6742.39,7400.69,0.0
2006-01-10,6707.4,7362.28,0.0
2006-01-11,6735.89,7393.55,0.0
2006-01-12,6725.61,7382.27,0.0
2006-01-13,6682.35,7334.78,0.0
2006-01-16,6724.18,7380.7,0.0
2006-01-17,6711.04,7366.28,0.0
2006-01-18,6498.92,7133.45,0.0
2006-01-19,6512.29,7148.13,0.0
2006-01-20,6486.63,7119.96,0.0
2006-01-23,6381.97,7005.08,0.0
2006-01-24,6451.94,7081.88,0.0
2006-01-25,6532.18,7169.96,0.0
2006-02-03,6594.6,7238.47,0.0
2006-02-06,6719.96,7376.07,0.0
2006-02-07,6720.08,7376.2,0.0
2006-02-08,6624.11,7270.87,0.0
2006-02-09,6630.13,7277.47,0.0
2006-02-10,6594.92,7238.82,0.0
2006-02-13,6562.29,7203.01,0.0
2006-02-14,6612.97,7258.63,0.0
2006-02-15,6598.49,7242.74,0.0
2006-02-16,6683.93,7336.52,0.0
2006-02-17,6673.75,7325.35,0.0
2006-02-20,6686.55,7339.4,0.0
2006-02-21,6631.51,7278.99,0.0
2006-02-22,6530.7,7168.34,0.0
2006-02-23,6474.69,7106.85,0.0
2006-02-24,6538.22,7176.59,0.0
2006-02-27,6561.63,7202.28,0.0
2006-03-01,6613.39,7259.09,0.0
2006-03-02,6642.96,7291.55,0.0
2006-03-03,6553.66,7193.53,0.0
2006-03-06,6575.78,7217.82,0.0
2006-03-07,6494.15,7128.22,0.0
2006-03-08,6459.57,7090.26,0.0
2006-03-09,6486.47,7119.79,0.0
2006-03-10,6490.68,7124.4,0.0
2006-03-13,6544.63,7183.62,0.0
2006-03-14,6460.01,7090.74,0.0
2006-03-15,6518.7,7155.16,0.0
2006-03-16,6504.98,7140.1,0.0
2006-03-17,6528.57,7165.99,0.0
2006-03-20,6516.52,7152.76,0.0
2006-03-21,6458.03,7088.57,0.0
2006-03-22,6391.26,7015.27,0.0
2006-03-23,6364.6,6986.01,0.0
2006-03-24,6376.62,6999.2,0.0
2006-03-27,6421.85,7048.85,0.0
2006-03-28,6453.85,7083.98,0.0
2006-03-29,6498.03,7132.47,0.0
2006-03-30,6546.06,7185.19,0.0
2006-03-31,6613.97,7259.73,0.0
2006-04-03,6660.76,7311.09,0.0
2006-04-04,6665.6,7316.4,0.0
2006-04-06,6760.82,7420.92,0.0
2006-04-07,6781.94,7444.1,0.0
2006-04-10,6780.64,7442.67,0.0
2006-04-11,6757.17,7416.92,0.0
2006-04-12,6808.5,7473.25,0.0
2006-04-13,6855.74,7525.11,0.0
2006-04-14,6952.54,7631.36,0.0
2006-04-17,7000.09,7683.55,0.0
2006-04-18,6989.46,7671.88,0.0
2006-04-19,7038.78,7726.02,0.0
2006-04-20,7102.74,7796.22,0.0
2006-04-21,7093.05,7785.59,0.0
2006-04-24,7096.04,7788.86,0.0
2006-04-25,7059.94,7749.24,0.0
2006-04-26,7168.98,7868.93,0.0
2006-04-27,7136.21,7832.96,0.0
2006-04-28,7171.77,7872.0,0.0
2006-05-02,7199.6,7902.54,0.0
2006-05-03,7242.37,7949.49,0.0
2006-05-04,7345.04,8062.18,0.0
2006-05-05,7370.44,8090.05,0.0
2006-05-08,7474.05,8203.78,0.0
2006-05-09,7388.94,8110.37,0.0
2006-05-10,7324.71,8039.86,0.0
2006-05-11,7361.45,8080.19,0.0
2006-05-12,7278.96,7989.65,0.0
2006-05-15,7176.35,7877.02,0.0
2006-05-16,7069.9,7760.18,0.0
2006-05-17,7116.83,7811.69,0.0
2006-05-18,7034.03,7721.62,0.0
2006-05-19,7074.15,7765.66,0.0
2006-05-22,6938.26,7616.48,0.0
2006-05-23,6843.98,7512.99,0.0
2006-05-24,6877.01,7549.25,0.0
2006-05-25,6861.65,7532.61,0.0
2006-05-26,6879.51,7552.21,0.0
2006-05-29,6878.88,7551.52,0.0
2006-05-30,6846.95,7516.47,0.0
2006-06-01,6872.84,7545.03,0.0
2006-06-02,6959.64,7640.32,0.0
2006-06-05,6715.27,7372.05,0.0
2006-06-06,6730.27,7388.52,0.0
2006-06-07,6612.74,7259.5,0.0
2006-06-08,6331.81,6951.25,0.0
2006-06-09,6444.63,7075.1,0.0
2006-06-12,6442.9,7073.58,0.0
2006-06-13,6337.21,6962.88,0.0
2006-06-14,6469.01,7107.76,0.0
2006-06-15,6426.39,7061.75,0.0
2006-06-16,6575.77,7228.56,0.0
2006-06-19,6583.04,7236.56,0.0
2006-06-20,6363.55,7022.5,0.0
2006-06-21,6299.59,6952.85,0.0
2006-06-22,6485.15,7158.8,0.0
2006-06-23,6452.31,7122.55,0.0
2006-06-26,6523.68,7201.73,0.0
2006-06-27,6572.39,7256.56,0.0
2006-06-28,6540.93,7222.54,0.0
2006-06-29,6607.39,7299.02,0.0
2006-06-30,6704.41,7406.68,0.0
2006-07-03,6718.5,7422.82,0.0
2006-07-04,6734.51,7443.03,0.0
2006-07-05,6659.96,7373.22,0.0
2006-07-06,6659.07,7376.61,0.0
2006-07-07,6660.61,7378.61,0.0
2006-07-10,6682.46,7403.56,0.0
2006-07-11,6639.13,7364.36,0.0
2006-07-12,6634.09,7360.18,0.0
2006-07-13,6567.6,7295.53,0.0
2006-07-14,6428.03,7140.77,0.0
2006-07-17,6257.8,6952.55,0.0
2006-07-18,6285.31,7004.4,0.0
2006-07-19,6277.24,6997.04,0.0
2006-07-20,6443.74,7195.13,0.0
2006-07-21,6420.01,7169.42,0.0
2006-07-24,6359.63,7104.49,0.0
2006-07-25,6390.99,7161.35,0.0
2006-07-26,6376.39,7166.49,0.0
2006-07-27,6459.25,7262.52,0.0
2006-07-28,6480.07,7288.26,0.0
2006-07-31,6454.58,7260.48,0.0
2006-08-01,6441.46,7263.98,0.0
2006-08-02,6471.42,7312.58,0.0
2006-08-03,6462.32,7313.03,0.0
2006-08-04,6442.61,7291.55,0.0
2006-08-07,6416.61,7266.14,0.0
2006-08-08,6502.14,7370.27,0.0
2006-08-09,6573.22,7454.19,0.0
2006-08-10,6578.61,7481.92,0.0
2006-08-11,6571.1,7474.43,0.0
2006-08-14,6611.9,7524.54,0.0
2006-08-15,6615.13,7529.13,0.0
2006-08-16,6696.63,7623.59,0.0
2006-08-17,6733.46,7675.58,0.0
2006-08-18,6721.08,7662.14,0.0
2006-08-21,6505.92,7418.51,0.0
2006-08-22,6590.2,7515.91,0.0
2006-08-23,6556.33,7477.51,0.0
2006-08-24,6550.64,7476.85,0.0
2006-08-25,6526.22,7451.15,0.0
2006-08-28,6444.76,7358.15,0.0
2006-08-29,6479.91,7398.41,0.0
2006-08-30,6587.12,7521.04,0.0
2006-08-31,6611.77,7550.08,0.0
2006-09-01,6651.46,7595.79,0.0
2006-09-04,6750.78,7709.54,0.0
2006-09-05,6734.73,7691.43,0.0
2006-09-06,6688.4,7638.64,0.0
2006-09-07,6685.23,7635.45,0.0
2006-09-08,6693.11,7644.58,0.0
2006-09-11,6693.88,7645.87,0.0
2006-09-12,6625.73,7568.23,0.0
2006-09-13,6664.87,7613.17,0.0
2006-09-14,6598.87,7539.6,0.0
2006-09-15,6681.09,7633.8,0.0
2006-09-18,6882.48,7867.13,0.0
2006-09-19,6881.87,7866.52,0.0
2006-09-20,6877.77,7861.97,0.0
2006-09-21,6889.89,7875.82,0.0
2006-09-22,6885.6,7871.14,0.0
2006-09-25,6911.21,7900.41,0.0
2006-09-26,6901.75,7889.6,0.0
2006-09-27,6946.27,7940.49,0.0
2006-09-28,6885.12,7870.61,0.0
2006-09-29,6883.05,7868.25,0.0
2006-10-02,6960.95,7957.37,0.0
2006-10-03,6956.88,7952.72,0.0
2006-10-04,6874.98,7859.47,0.0
2006-10-05,6997.24,7999.33,0.0
2006-10-11,7006.67,8010.1,0.0
2006-10-12,6984.58,7984.85,0.0
2006-10-13,7068.8,8081.13,0.0
2006-10-14,7076.85,8090.34,0.0
2006-10-16,7151.42,8175.6,0.0
2006-10-17,7075.13,8088.39,0.0
2006-10-18,7017.6,8022.62,0.0
2006-10-19,6995.83,7997.75,0.0
2006-10-20,7039.37,8047.53,0.0
2006-10-23,7040.26,8048.59,0.0
2006-10-24,7097.42,8113.94,0.0
2006-10-25,7059.89,8071.04,0.0
2006-10-26,7080.84,8095.06,0.0
2006-10-27,7086.74,8101.81,0.0
2006-10-30,6995.2,7997.15,0.0
2006-10-31,7021.32,8027.01,0.0
2006-11-01,7013.99,8018.63,0.0
2006-11-02,7078.1,8091.96,0.0
2006-11-03,7161.61,8187.43,0.0
2006-11-06,7120.44,8140.36,0.0
2006-11-07,7184.65,8213.77,0.0
2006-11-08,7178.34,8206.55,0.0
2006-11-09,7151.13,8175.45,0.0
2006-11-10,7174.2,8201.82,0.0
2006-11-13,7136.06,8158.22,0.0
2006-11-14,7204.04,8235.93,0.0
2006-11-15,7236.85,8273.45,0.0
2006-11-16,7257.48,8297.03,0.0
2006-11-17,7259.54,8299.38,0.0
2006-11-20,7261.48,8301.6,0.0
2006-11-21,7309.69,8356.72,0.0
2006-11-22,7348.77,8401.4,0.0
2006-11-23,7384.69,8442.46,0.0
2006-11-24,7427.36,8491.24,0.0
2006-11-27,7498.15,8572.17,0.0
2006-11-28,7444.94,8511.34,0.0
2006-11-29,7474.19,8544.78,0.0
2006-11-30,7567.72,8651.7,0.0
2006-12-01,7613.57,8704.13,0.0
2006-12-04,7647.01,8742.35,0.0
2006-12-05,7609.9,8699.93,0.0
2006-12-06,7693.33,8795.31,0.0
2006-12-07,7686.52,8787.52,0.0
2006-12-08,7636.3,8730.11,0.0
2006-12-11,7612.12,8702.47,0.0
2006-12-12,7458.56,8526.92,0.0
2006-12-13,7450.3,8517.51,0.0
2006-12-14,7480.41,8551.93,0.0
2006-12-15,7538.82,8618.71,0.0
2006-12-18,7624.62,8716.8,0.0
2006-12-19,7598.88,8687.38,0.0
2006-12-20,7648.35,8743.93,0.0
2006-12-21,7620.94,8712.6,0.0
2006-12-22,7652.47,8748.65,0.0
2006-12-25,7646.81,8742.17,0.0
2006-12-26,7727.59,8834.52,0.0
2006-12-27,7733.18,8840.91,0.0
2006-12-28,7732.93,8840.63,0.0
2006-12-29,7823.72,8944.43,0.0
2007-01-02,7920.8,9055.41,0.0
2007-01-03,7917.3,9051.41,0.0
2007-01-04,7934.51,9071.09,0.0
2007-01-05,7835.57,8957.97,0.0
2007-01-08,7736.71,8844.95,0.0
2007-01-09,7790.01,8905.89,0.0
2007-01-10,7698.52,8801.28,0.0
2007-01-11,7618.55,8709.87,0.0
2007-01-12,7761.71,8873.54,0.0
2007-01-15,7783.5,8898.44,0.0
2007-01-16,7792.08,8908.25,0.0
2007-01-17,7833.98,8956.15,0.0
2007-01-18,7895.18,9026.12,0.0
2007-01-19,7840.08,8963.13,0.0
2007-01-22,7842.47,8965.86,0.0
2007-01-23,7852.36,8977.17,0.0
2007-01-24,7935.54,9072.26,0.0
2007-01-25,7923.77,9058.81,0.0
2007-01-26,7821.32,8941.68,0.0
2007-01-29,7751.79,8862.19,0.0
2007-01-30,7739.91,8848.61,0.0
2007-01-31,7699.64,8802.58,0.0
2007-02-01,7701.54,8804.75,0.0
2007-02-02,7777.03,8891.05,0.0
2007-02-05,7783.12,8898.0,0.0
2007-02-06,7875.75,9003.91,0.0
2007-02-07,7850.06,8974.54,0.0
2007-02-08,7842.22,8965.58,0.0
2007-02-09,7859.53,8985.36,0.0
2007-02-12,7776.36,8890.29,0.0
2007-02-13,7736.83,8845.09,0.0
2007-02-14,7809.45,8928.11,0.0
2007-02-26,7900.2,9031.86,0.0
2007-02-27,7901.96,9033.88,0.0
2007-03-01,7678.67,8778.6,0.0
2007-03-02,7670.77,8769.56,0.0
2007-03-03,7630.15,8723.13,0.0
2007-03-05,7344.56,8396.63,0.0
2007-03-06,7451.06,8518.38,0.0
2007-03-07,7480.89,8552.49,0.0
2007-03-08,7573.87,8658.79,0.0
2007-03-09,7568.2,8652.3,0.0
2007-03-12,7629.15,8721.98,0.0
2007-03-13,7684.0,8784.69,0.0
2007-03-14,7570.27,8654.67,0.0
2007-03-15,7695.96,8798.36,0.0
2007-03-16,7719.8,8825.62,0.0
2007-03-19,7737.46,8845.81,0.0
2007-03-20,7736.2,8844.37,0.0
2007-03-21,7757.03,8868.18,0.0
2007-03-22,7823.67,8944.37,0.0
2007-03-23,7859.32,8985.12,0.0
2007-03-26,7877.82,9006.27,0.0
2007-03-27,7845.17,8968.94,0.0
2007-03-28,7788.14,8903.75,0.0
2007-03-29,7848.33,8972.56,0.0
2007-03-30,7884.41,9013.81,0.0
2007-04-02,7884.99,9014.47,0.0
2007-04-03,7932.91,9069.26,0.0
2007-04-04,8004.61,9151.23,0.0
2007-04-09,8056.56,9210.61,0.0
2007-04-10,8048.39,9201.28,0.0
2007-04-11,8084.45,9242.5,0.0
2007-04-12,8075.2,9231.93,0.0
2007-04-13,8002.3,9148.59,0.0
2007-04-14,8045.12,9197.54,0.0
2007-04-16,8043.54,9195.73,0.0
2007-04-17,7959.29,9099.41,0.0
2007-04-18,8003.31,9149.74,0.0
2007-04-19,7888.63,9018.63,0.0
2007-04-20,7942.67,9080.41,0.0
2007-04-23,8010.46,9157.91,0.0
2007-04-24,8045.01,9197.41,0.0
2007-04-25,7984.65,9128.41,0.0
2007-04-26,8000.04,9146.0,0.0
2007-04-27,7949.42,9088.13,0.0
2007-04-30,7875.42,9003.53,0.0
2007-05-02,7903.04,9035.11,0.0
2007-05-03,7926.66,9062.11,0.0
2007-05-04,8066.06,9221.48,0.0
2007-05-07,8115.27,9277.74,0.0
2007-05-08,8095.84,9255.53,0.0
2007-05-09,8052.7,9206.2,0.0
2007-05-10,8096.86,9256.69,0.0
2007-05-11,8031.54,9182.01,0.0
2007-05-14,8030.56,9180.9,0.0
2007-05-15,7975.03,9117.41,0.0
2007-05-16,7988.57,9132.89,0.0
2007-05-17,8037.96,9189.35,0.0
2007-05-18,8034.14,9185.19,0.0
2007-05-21,8141.59,9308.04,0.0
2007-05-22,8188.63,9362.28,0.0
2007-05-23,8221.79,9400.2,0.0
2007-05-24,8216.41,9394.05,0.0
2007-05-25,8159.97,9329.52,0.0
2007-05-28,8156.82,9325.92,0.0
2007-05-29,8181.49,9354.12,0.0
2007-05-30,8147.34,9315.08,0.0
2007-05-31,8144.95,9312.34,0.0
2007-06-01,8249.9,9432.33,0.0
2007-06-04,8294.79,9483.66,0.0
2007-06-05,8303.99,9494.18,0.0
2007-06-06,8314.68,9506.41,0.0
2007-06-07,8355.26,9552.8,0.0
2007-06-08,8300.71,9526.19,0.0
2007-06-11,8338.88,9570.09,0.0
2007-06-12,8370.26,9606.1,0.0
2007-06-13,8346.39,9578.7,0.0
2007-06-14,8450.72,9698.44,0.0
2007-06-15,8573.64,9839.88,0.0
2007-06-20,8755.88,10068.45,0.0
2007-06-21,8851.99,10178.96,0.0
2007-06-22,8846.39,10172.7,0.0
2007-06-23,8812.91,10134.22,0.0
2007-06-25,8939.19,10279.43,0.0
2007-06-26,8865.75,10194.98,0.0
2007-06-27,8844.22,10183.42,0.0
2007-06-28,8892.83,10239.63,0.0
2007-06-29,8883.21,10228.66,0.0
2007-07-02,8939.49,10296.83,0.0
2007-07-03,8996.2,10376.97,0.0
2007-07-04,9068.98,10462.04,0.0
2007-07-05,9148.78,10562.59,0.0
2007-07-06,9188.31,10609.09,0.0
2007-07-09,9369.84,10819.44,0.0
2007-07-10,9384.73,10844.28,0.0
2007-07-11,9290.95,10758.76,0.0
2007-07-12,9354.41,10842.35,0.0
2007-07-13,9471.3,10977.98,0.0
2007-07-16,9417.32,10921.03,0.0
2007-07-17,9509.73,11034.05,0.0
2007-07-18,9485.35,11013.77,0.0
2007-07-19,9473.31,11012.99,0.0
2007-07-20,9585.9,11147.16,0.0
2007-07-23,9621.57,11189.64,0.0
2007-07-24,9744.06,11340.5,0.0
2007-07-25,9740.13,11345.06,0.0
2007-07-26,9566.42,11178.5,0.0
2007-07-27,9162.28,10711.87,0.0
2007-07-30,9072.57,10615.37,0.0
2007-07-31,9287.25,10873.3,0.0
2007-08-01,8891.88,10414.62,0.0
2007-08-02,8950.57,10501.24,0.0
2007-08-03,9057.82,10627.94,0.0
2007-08-06,8941.73,10492.07,0.0
2007-08-07,8862.31,10401.06,0.0
2007-08-08,9099.46,10685.63,0.0
2007-08-09,9182.6,10791.39,0.0
2007-08-10,8931.31,10501.58,0.0
2007-08-13,8938.96,10511.62,0.0
2007-08-14,8910.99,10491.77,0.0
2007-08-15,8593.04,10119.26,0.0
2007-08-16,8201.37,9663.04,0.0
2007-08-17,8090.29,9534.77,0.0
2007-08-20,8515.6,10039.73,0.0
2007-08-21,8479.08,9999.32,0.0
2007-08-22,8493.46,10017.56,0.0
2007-08-23,8732.84,10305.38,0.0
2007-08-24,8690.09,10255.01,0.0
2007-08-27,8718.31,10296.28,0.0
2007-08-28,8727.55,10308.17,0.0
2007-08-29,8643.32,10208.93,0.0
2007-08-30,8771.21,10361.7,0.0
2007-08-31,8982.16,10610.91,0.0
2007-09-03,8979.96,10609.35,0.0
2007-09-04,8922.98,10545.41,0.0
2007-09-05,8913.85,10534.9,0.0
2007-09-06,9017.08,10657.26,0.0
2007-09-07,9018.08,10659.47,0.0
2007-09-10,8937.58,10565.99,0.0
2007-09-11,9003.12,10644.35,0.0
2007-09-12,9018.12,10662.18,0.0
2007-09-13,8927.42,10555.41,0.0
2007-09-14,9031.63,10678.64,0.0
2007-09-17,8899.91,10523.01,0.0
2007-09-19,8926.38,10554.4,0.0
2007-09-20,8983.03,10621.84,0.0
2007-09-21,9105.28,10768.53,0.0
2007-09-26,9257.47,10948.52,0.0
2007-09-27,9413.65,11133.24,0.0
2007-09-28,9411.95,11131.63,0.0
2007-09-29,9476.52,11208.0,0.0
2007-10-01,9488.5,11222.16,0.0
2007-10-02,9623.25,11381.85,0.0
2007-10-03,9700.07,11472.82,0.0
2007-10-04,9627.39,11386.85,0.0
2007-10-05,9617.26,11374.87,0.0
2007-10-08,9717.17,11493.26,0.0
2007-10-09,9639.83,11401.78,0.0
2007-10-11,9697.67,11470.21,0.0
2007-10-12,9496.47,11232.23,0.0
2007-10-15,9518.45,11258.51,0.0
2007-10-16,9592.47,11346.06,0.0
2007-10-17,9562.16,11310.33,0.0
2007-10-18,9637.07,11398.93,0.0
2007-10-19,9611.72,11368.95,0.0
2007-10-22,9360.63,11071.95,0.0
2007-10-23,9502.39,11239.63,0.0
2007-10-24,9442.62,11168.93,0.0
2007-10-25,9568.26,11317.84,0.0
2007-10-26,9631.51,11392.65,0.0
2007-10-29,9809.88,11603.63,0.0
2007-10-30,9757.93,11542.18,0.0
2007-10-31,9711.37,11487.1,0.0
2007-11-01,9598.23,11353.28,0.0
2007-11-02,9273.09,10968.69,0.0
2007-11-05,9308.6,11010.69,0.0
2007-11-06,9292.8,10992.0,0.0
2007-11-07,9300.22,11000.78,0.0
2007-11-08,8937.58,10571.83,0.0
2007-11-09,8970.92,10611.26,0.0
2007-11-12,8670.61,10256.04,0.0
2007-11-13,8727.21,10322.99,0.0
2007-11-14,8942.93,10578.16,0.0
2007-11-15,8905.41,10533.78,0.0
2007-11-16,8764.82,10367.47,0.0
2007-11-19,8680.71,10267.99,0.0
2007-11-20,8680.86,10268.16,0.0
2007-11-21,8484.11,10035.44,0.0
2007-11-22,8499.37,10053.64,0.0
2007-11-23,8342.2,9867.72,0.0
2007-11-26,8528.33,10087.9,0.0
2007-11-27,8375.76,9907.42,0.0
2007-11-28,8276.26,9789.73,0.0
2007-11-29,8447.03,9991.73,0.0
2007-11-30,8586.4,10156.58,0.0
2007-12-03,8583.84,10153.55,0.0
2007-12-04,8651.28,10233.69,0.0
2007-12-05,8676.95,10264.05,0.0
2007-12-06,8694.41,10284.71,0.0
2007-12-07,8722.38,10317.8,0.0
2007-12-10,8598.03,10170.69,0.0
2007-12-11,8638.33,10218.37,0.0
2007-12-12,8490.84,10043.9,0.0
2007-12-13,8187.95,9685.62,0.0
2007-12-14,8118.08,9602.96,0.0
2007-12-17,7830.85,9263.19,0.0
2007-12-18,7807.39,9235.44,0.0
2007-12-19,8014.31,9480.21,0.0
2007-12-20,7857.08,9294.22,0.0
2007-12-21,7941.44,9394.01,0.0
2007-12-24,8135.48,9623.54,0.0
2007-12-25,8167.07,9660.91,0.0
2007-12-26,8156.39,9648.28,0.0
2007-12-27,8313.72,9834.39,0.0
2007-12-28,8396.95,9932.84,0.0
2007-12-31,8506.28,10062.16,0.0
2008-01-02,8323.05,9845.42,0.0
2008-01-03,8184.2,9681.17,0.0
2008-01-04,8221.1,9724.82,0.0
2008-01-07,7883.37,9325.32,0.0
2008-01-08,7962.91,9419.41,0.0
2008-01-09,8085.06,9563.9,0.0
2008-01-10,8057.27,9531.03,0.0
2008-01-11,8029.31,9497.95,0.0
2008-01-14,8173.41,9668.41,0.0
2008-01-15,8428.84,9970.57,0.0
2008-01-16,8179.54,9675.66,0.0
2008-01-17,8101.63,9583.5,0.0
2008-01-18,8184.65,9681.71,0.0
2008-01-21,8110.2,9593.64,0.0
2008-01-22,7581.96,8968.78,0.0
2008-01-23,7408.4,8763.48,0.0
2008-01-24,7517.05,8892.0,0.0
2008-01-25,7739.59,9155.24,0.0
2008-01-28,7485.79,8855.02,0.0
2008-01-29,7576.42,8962.22,0.0
2008-01-30,7543.5,8923.28,0.0
2008-01-31,7521.13,8896.82,0.0
2008-02-01,7673.99,9077.64,0.0
2008-02-12,7553.3,8934.87,0.0
2008-02-13,7550.55,8931.62,0.0
2008-02-14,7865.28,9303.92,0.0
2008-02-15,7876.37,9317.04,0.0
2008-02-18,7890.9,9334.23,0.0
2008-02-19,8024.41,9492.16,0.0
2008-02-20,7894.47,9338.45,0.0
2008-02-21,8085.93,9564.93,0.0
2008-02-22,8108.71,9591.87,0.0
2008-02-25,8286.31,9801.96,0.0
2008-02-26,8307.67,9827.23,0.0
2008-02-27,8462.08,10009.88,0.0
2008-02-29,8412.76,9951.54,0.0
2008-03-03,8262.87,9774.24,0.0
2008-03-04,8470.11,10019.38,0.0
2008-03-05,8483.95,10035.75,0.0
2008-03-06,8658.64,10242.39,0.0
2008-03-07,8531.38,10091.86,0.0
2008-03-10,8299.37,9817.41,0.0
2008-03-11,8381.6,9914.68,0.0
2008-03-12,8435.3,9978.2,0.0
2008-03-13,8210.99,9712.86,0.0
2008-03-14,8161.39,9654.2,0.0
2008-03-17,8005.46,9469.74,0.0
2008-03-18,8057.82,9531.68,0.0
2008-03-19,8179.35,9675.44,0.0
2008-03-20,8337.62,9862.66,0.0
2008-03-21,8524.99,10084.3,0.0
2008-03-24,8865.35,10486.91,0.0
2008-03-25,8795.09,10403.8,0.0
2008-03-26,8768.02,10371.78,0.0
2008-03-27,8605.95,10180.07,0.0
2008-03-28,8623.48,10200.8,0.0
2008-03-31,8572.59,10140.6,0.0
2008-04-01,8419.72,9959.77,0.0
2008-04-02,8605.32,10179.32,0.0
2008-04-03,8596.34,10168.7,0.0
2008-04-07,8729.79,10326.56,0.0
2008-04-08,8672.85,10259.2,0.0
2008-04-09,8667.93,10253.39,0.0
2008-04-10,8829.4,10444.39,0.0
2008-04-11,8909.58,10539.23,0.0
2008-04-14,8892.68,10519.24,0.0
2008-04-15,8924.78,10557.21,0.0
2008-04-16,9066.04,10724.32,0.0
2008-04-17,9090.43,10753.16,0.0
2008-04-18,9074.34,10734.14,0.0
2008-04-21,9083.32,10744.76,0.0
2008-04-22,9037.25,10690.26,0.0
2008-04-23,9008.49,10656.23,0.0
2008-04-24,8990.33,10634.76,0.0
2008-04-25,8947.83,10584.48,0.0
2008-04-28,9079.6,10740.35,0.0
2008-04-29,8891.74,10518.13,0.0
2008-04-30,8919.92,10551.47,0.0
2008-05-02,8963.63,10603.17,0.0
2008-05-05,8837.07,10453.46,0.0
2008-05-06,8857.37,10477.48,0.0
2008-05-07,8926.34,10559.06,0.0
2008-05-08,8866.62,10488.41,0.0
2008-05-09,8792.39,10400.61,0.0
2008-05-12,8830.05,10445.15,0.0
2008-05-13,8989.53,10633.81,0.0
2008-05-14,9018.42,10667.99,0.0
2008-05-15,9157.18,10832.12,0.0
2008-05-16,9197.41,10879.71,0.0
2008-05-19,9295.2,10995.39,0.0
2008-05-20,9068.89,10727.91,0.0
2008-05-21,9015.57,10664.84,0.0
2008-05-22,9008.03,10655.92,0.0
2008-05-23,8834.73,10450.96,0.0
2008-05-26,8707.83,10300.85,0.0
2008-05-27,8778.39,10384.32,0.0
2008-05-28,8665.73,10251.05,0.0
2008-05-29,8684.92,10273.75,0.0
2008-05-30,8619.08,10195.86,0.0
2008-06-02,8724.47,10320.53,0.0
2008-06-03,8579.43,10148.96,0.0
2008-06-04,8627.8,10206.18,0.0
2008-06-05,8738.46,10337.09,0.0
2008-06-06,8745.35,10345.23,0.0
2008-06-09,8587.96,10159.05,0.0
2008-06-10,8370.0,9901.21,0.0
2008-06-11,8345.59,9873.22,0.0
2008-06-12,8062.31,9538.54,0.0
2008-06-13,8105.59,9589.79,0.0
2008-06-16,8169.77,9665.74,0.0
2008-06-17,8201.79,9703.74,0.0
2008-06-18,8217.58,9751.49,0.0
2008-06-19,8047.74,9550.14,0.0
2008-06-20,7902.44,9377.82,0.0
2008-06-23,7876.49,9347.43,0.0
2008-06-24,7738.12,9183.22,0.0
2008-06-25,7855.06,9341.25,0.0
2008-06-26,7811.8,9290.2,0.0
2008-06-27,7548.76,8977.5,0.0
2008-06-30,7523.54,8947.68,0.0
2008-07-01,7407.98,8815.7,0.0
2008-07-02,7353.86,8786.49,0.0
2008-07-03,7394.1,8843.71,0.0
2008-07-04,7228.41,8647.72,0.0
2008-07-07,7341.11,8784.09,0.0
2008-07-08,7051.85,8457.04,0.0
2008-07-09,7048.25,8456.96,0.0
2008-07-10,7075.65,8497.62,0.0
2008-07-11,7244.76,8703.19,0.0
2008-07-14,7156.96,8607.81,0.0
2008-07-15,6834.24,8234.1,0.0
2008-07-16,6710.64,8133.16,0.0
2008-07-17,6974.51,8462.26,0.0
2008-07-18,6815.32,8270.43,0.0
2008-07-21,7085.67,8601.31,0.0
2008-07-22,7065.65,8585.46,0.0
2008-07-23,7309.83,8884.67,0.0
2008-07-24,7368.08,8988.56,0.0
2008-07-25,7233.62,8830.33,0.0
2008-07-29,7014.47,8575.77,0.0
2008-07-30,7070.35,8648.44,0.0
2008-07-31,7024.06,8604.98,0.0
2008-08-01,7002.54,8580.11,0.0
2008-08-04,6977.36,8550.44,0.0
2008-08-05,6813.4,8354.34,0.0
2008-08-06,7026.24,8626.51,0.0
2008-08-07,7024.58,8629.74,0.0
2008-08-08,7209.04,8867.23,0.0
2008-08-11,7325.62,9012.3,0.0
2008-08-12,7293.8,8986.13,0.0
2008-08-13,7292.34,8993.53,0.0
2008-08-14,7326.07,9042.6,0.0
2008-08-15,7196.5,8884.94,0.0
2008-08-18,7000.74,8643.91,0.0
2008-08-19,6978.6,8620.35,0.0
2008-08-20,7040.9,8698.68,0.0
2008-08-21,6918.48,8555.09,0.0
2008-08-22,6911.64,8548.18,0.0
2008-08-25,7030.72,8703.07,0.0
2008-08-26,6964.6,8624.82,0.0
2008-08-27,7080.97,8769.15,0.0
2008-08-28,7033.37,8711.51,0.0
2008-08-29,7046.11,8733.88,0.0
2008-09-01,6813.09,8445.3,0.0
2008-09-02,6699.82,8305.89,0.0
2008-09-03,6584.93,8163.48,0.0
2008-09-04,6412.63,7954.26,0.0
2008-09-05,6307.28,7824.88,0.0
2008-09-08,6658.69,8261.01,0.0
2008-09-09,6424.77,7971.31,0.0
2008-09-10,6458.01,8012.68,0.0
2008-09-11,6251.95,7757.26,0.0
2008-09-12,6310.68,7830.33,0.0
2008-09-15,6052.45,7510.76,0.0
2008-09-16,5756.59,7154.17,0.0
2008-09-17,5800.87,7209.74,0.0
2008-09-18,5641.95,7013.18,0.0
2008-09-19,5970.38,7421.54,0.0
2008-09-22,6110.6,7596.37,0.0
2008-09-23,6182.21,7685.43,0.0
2008-09-24,6132.6,7624.09,0.0
2008-09-25,6060.83,7534.86,0.0
2008-09-26,5929.63,7371.75,0.0
2008-09-30,5719.28,7110.57,0.0
2008-10-01,5764.01,7166.19,0.0
2008-10-02,5703.72,7091.23,0.0
2008-10-03,5742.23,7139.36,0.0
2008-10-06,5505.7,6845.28,0.0
2008-10-07,5524.66,6869.06,0.0
2008-10-08,5206.4,6474.41,0.0
2008-10-09,5130.71,6380.29,0.0
2008-10-13,5020.44,6243.16,0.0
2008-10-14,5291.56,6580.37,0.0
2008-10-15,5246.26,6524.03,0.0
2008-10-16,5075.97,6312.41,0.0
2008-10-17,4960.4,6188.21,0.0
2008-10-20,4931.84,6152.58,0.0
2008-10-21,4942.72,6166.15,0.0
2008-10-22,4862.59,6066.19,0.0
2008-10-23,4730.51,5901.63,0.0
2008-10-24,4579.62,5713.39,0.0
2008-10-27,4366.87,5448.55,0.0
2008-10-28,4399.97,5489.85,0.0
2008-10-29,4406.52,5498.02,0.0
2008-10-30,4683.64,5843.77,0.0
2008-10-31,4870.66,6077.13,0.0
2008-11-03,4995.06,6232.33,0.0
2008-11-04,4992.63,6229.36,0.0
2008-11-05,4978.26,6211.42,0.0
2008-11-06,4694.12,5856.91,0.0
2008-11-07,4742.33,5917.06,0.0
2008-11-10,4740.27,5914.48,0.0
2008-11-11,4638.57,5787.6,0.0
2008-11-12,4615.57,5758.89,0.0
2008-11-13,4437.83,5537.13,0.0
2008-11-14,4452.7,5555.67,0.0
2008-11-17,4439.8,5539.59,0.0
2008-11-18,4305.18,5371.62,0.0
2008-11-19,4284.09,5345.31,0.0
2008-11-20,4089.93,5103.05,0.0
2008-11-21,4171.1,5204.32,0.0
2008-11-24,4160.54,5191.15,0.0
2008-11-25,4266.49,5323.34,0.0
2008-11-26,4271.8,5329.97,0.0
2008-11-27,4453.75,5556.99,0.0
2008-11-28,4460.49,5565.4,0.0
2008-12-01,4518.43,5637.69,0.0
2008-12-02,4356.98,5436.25,0.0
2008-12-03,4307.26,5374.21,0.0
2008-12-04,4254.96,5308.96,0.0
2008-12-05,4225.07,5271.67,0.0
2008-12-08,4418.33,5512.8,0.0
2008-12-09,4472.66,5580.58,0.0
2008-12-10,4658.87,5812.92,0.0
2008-12-11,4655.57,5808.81,0.0
2008-12-12,4481.27,5591.32,0.0
2008-12-15,4613.72,5756.59,0.0
2008-12-16,4616.89,5760.54,0.0
2008-12-17,4648.02,5799.38,0.0
2008-12-18,4694.81,5857.76,0.0
2008-12-19,4694.52,5857.41,0.0
2008-12-22,4535.54,5659.04,0.0
2008-12-23,4405.86,5497.24,0.0
2008-12-24,4423.09,5518.73,0.0
2008-12-25,4413.45,5506.7,0.0
2008-12-26,4425.08,5521.22,0.0
2008-12-29,4416.16,5510.09,0.0
2008-12-30,4589.04,5725.79,0.0
2008-12-31,4591.22,5728.51,0.0
2009-01-05,4698.31,5862.14,99.99
2009-01-06,4727.26,5898.25,102.61
2009-01-07,4789.84,5976.34,103.16
2009-01-08,4535.79,5659.35,104.03
2009-01-09,4502.74,5618.12,98.27
2009-01-10,4467.53,5574.18,98.41
2009-01-12,4453.9,5557.18,96.97
2009-01-13,4532.36,5655.08,96.62
2009-01-14,4521.47,5641.48,97.02
2009-01-15,4320.77,5391.07,97.75
2009-01-16,4353.7,5432.16,93.48
2009-01-17,4366.1,5447.63,94.22
2009-01-19,4366.76,5448.46,94.06
2009-01-20,4242.61,5293.55,93.45
2009-01-21,4247.97,5300.24,90.56
2009-02-02,4259.98,5315.22,90.73
2009-02-03,4372.81,5456.0,91.64
2009-02-04,4389.97,5477.42,95.42
2009-02-05,4363.25,5444.07,96.85
2009-02-06,4471.25,5578.83,95.69
2009-02-09,4494.59,5607.95,97.79
2009-02-10,4526.1,5647.26,98.17
2009-02-11,4575.95,5709.45,99.75
2009-02-12,4466.42,5572.8,101.29
2009-02-13,4592.5,5730.11,97.98
2009-02-16,4591.26,5728.56,101.18
2009-02-17,4491.78,5604.44,102.56
2009-02-18,4498.37,5612.66,99.3
2009-02-19,4528.87,5650.72,97.6
2009-02-20,4436.94,5536.01,98.84
2009-02-23,4477.78,5586.97,96.43
2009-02-24,4430.18,5527.58,96.73
2009-02-25,4493.74,5606.89,99.21
2009-02-26,4518.56,5637.86,99.54
2009-02-27,4557.15,5686.01,101.77
2009-03-02,4425.83,5522.15,98.35
2009-03-03,4435.34,5534.02,98.02
2009-03-04,4541.42,5666.37,99.95
2009-03-05,4637.2,5785.88,101.55
2009-03-06,4653.63,5806.38,101.63
2009-03-09,4628.24,5774.7,101.11
2009-03-10,4671.02,5828.09,102.36
2009-03-11,4759.96,5939.05,102.47
2009-03-12,4754.65,5932.43,102.21
2009-03-13,4897.39,6110.52,105.27
2009-03-16,4971.32,6202.77,107.13
2009-03-17,5041.39,6290.19,108.49
2009-03-18,5047.54,6297.87,109.7
2009-03-19,5035.93,6283.39,108.87
2009-03-20,4961.62,6190.66,108.13
2009-03-23,5124.18,6393.5,111.13
2009-03-24,5242.18,6540.72,112.55
2009-03-25,5346.38,6670.73,115.79
2009-03-26,5386.56,6720.86,118.04
2009-03-27,5390.7,6726.04,120.22
2009-03-30,5206.05,6495.64,116.5
2009-03-31,5210.84,6501.61,115.66
2009-04-01,5314.45,6630.9,120.06
2009-04-02,5473.78,6829.7,122.39
2009-04-03,5529.63,6899.38,123.41
2009-04-06,5556.22,6932.56,123.64
2009-04-07,5576.85,6958.3,125.88
2009-04-08,5443.56,6791.99,124.22
2009-04-09,5667.8,7071.77,129.78
2009-04-10,5781.96,7214.21,130.63
2009-04-13,5857.64,7308.64,133.34
2009-04-14,5892.68,7352.36,134.75
2009-04-15,5875.19,7330.54,137.24
2009-04-16,5997.17,7482.73,140.26
2009-04-17,5755.38,7181.05,133.93
2009-04-20,5781.66,7213.84,134.45
2009-04-21,5881.41,7338.3,138.46
2009-04-22,5886.11,7344.16,140.91
2009-04-23,5875.24,7330.6,141.13
2009-04-24,5880.77,7337.49,143.57
2009-04-27,5705.05,7118.26,137.73
2009-04-28,5596.73,6983.1,131.67
2009-04-29,5614.06,7004.73,127.69
2009-04-30,5992.57,7476.99,135.97
2009-05-04,6330.4,7898.5,140.71
2009-05-05,6379.94,7960.31,141.72
2009-05-06,6566.7,8193.35,146.86
2009-05-07,6572.87,8201.28,149.04
2009-05-08,6583.87,8215.01,151.73
2009-05-11,6647.5,8294.4,153.91
2009-05-12,6432.55,8026.19,149.9
2009-05-13,6485.14,8091.81,152.89
2009-05-14,6364.17,7940.87,152.65
2009-05-15,6489.09,8096.74,155.99
2009-05-18,6577.81,8207.44,157.98
2009-05-19,6655.59,8304.49,160.21
2009-05-20,6703.62,8364.42,164.27
2009-05-21,6718.81,8383.38,168.12
2009-05-22,6737.29,8406.43,172.96
2009-05-25,6734.46,8402.9,174.76
2009-05-26,6683.11,8338.83,167.9
2009-05-27,6890.44,8597.52,175.58
2009-06-01,6954.1,8676.96,175.04
2009-06-02,6949.08,8674.75,169.21
2009-06-03,6893.14,8604.92,165.21
2009-06-04,6786.06,8471.25,167.56
2009-06-05,6767.1,8447.6,168.04
2009-06-06,6856.74,8559.49,170.44
2009-06-08,6628.02,8274.45,163.84
2009-06-09,6414.39,8007.74,154.94
2009-06-10,6462.27,8067.52,151.53
2009-06-11,6567.37,8198.72,156.94
2009-06-12,6448.23,8049.99,155.54
2009-06-15,6225.56,7772.01,146.56
2009-06-16,6220.81,7766.32,146.47
2009-06-17,6195.91,7735.29,145.63
2009-06-18,6144.53,7671.14,144.79
2009-06-19,6231.15,7780.05,147.3
2009-06-22,6341.21,7917.47,150.2
2009-06-23,6197.47,7738.05,148.33
2009-06-24,6380.08,7966.06,150.08
2009-06-25,6457.61,8063.91,155.74
2009-06-26,6463.56,8071.86,157.69
2009-06-29,6391.15,7982.45,154.27
2009-06-30,6432.16,8034.47,153.74
2009-07-01,6578.97,8218.63,158.33
2009-07-02,6667.53,8329.8,161.77
2009-07-03,6665.4,8327.47,165.17
2009-07-06,6649.91,8317.28,166.04
2009-07-07,6715.22,8408.14,168.82
2009-07-08,6668.14,8355.19,167.68
2009-07-09,6748.18,8457.48,170.01
2009-07-10,6769.86,8485.33,168.71
2009-07-13,6530.82,8188.71,161.92
2009-07-14,6639.41,8329.52,167.5
2009-07-15,6738.6,8497.82,171.65
2009-07-16,6780.3,8557.91,172.59
2009-07-17,6850.99,8655.67,177.53
2009-07-20,6938.86,8774.34,181.25
2009-07-21,6953.34,8792.94,179.69
2009-07-22,6985.32,8833.5,182.35
2009-07-23,6980.88,8838.14,181.1
2009-07-24,6973.28,8836.98,180.8
2009-07-27,7028.43,8908.67,181.17
2009-07-28,7142.63,9057.63,185.27
2009-07-29,7083.63,8985.09,182.08
2009-07-30,7027.11,8923.3,179.41
2009-07-31,7077.71,8988.47,179.95
2009-08-03,7056.71,8991.43,178.28
2009-08-04,6955.87,8866.14,174.32
2009-08-05,6848.24,8730.76,169.88
2009-08-06,6868.65,8760.57,172.91
2009-08-10,6882.87,8781.89,172.41
2009-08-11,6909.02,8815.48,175.31
2009-08-12,6898.9,8808.84,175.42
2009-08-13,7034.96,8985.41,178.7
2009-08-14,7069.51,9030.25,177.57
2009-08-17,6931.8,8858.29,172.99
2009-08-18,6789.77,8687.22,167.7
2009-08-19,6788.58,8686.47,167.79
2009-08-20,6733.23,8616.63,163.73
2009-08-21,6654.8,8517.72,160.95
2009-08-24,6838.25,8756.29,165.09
2009-08-25,6809.41,8722.7,165.1
2009-08-26,6719.21,8612.07,162.74
2009-08-27,6690.75,8576.16,161.21
2009-08-28,6809.86,8728.95,163.47
2009-08-31,6825.95,8749.83,165.16
2009-09-01,7019.75,8998.62,172.02
2009-09-02,7039.77,9024.34,175.82
2009-09-03,7104.65,9108.77,177.61
2009-09-04,7153.13,9171.03,177.65
2009-09-07,7224.59,9262.75,178.74
2009-09-08,7313.99,9377.61,178.22
2009-09-09,7250.72,9297.04,175.8
2009-09-10,7332.08,9401.77,174.47
2009-09-11,7337.14,9408.57,175.93
2009-09-14,7256.95,9306.47,174.17
2009-09-15,7346.26,9421.38,177.27
2009-09-16,7440.24,9542.13,181.45
2009-09-17,7477.3,9589.65,180.69
2009-09-18,7526.55,9652.82,185.49
2009-09-21,7502.46,9622.49,188.96
2009-09-22,7469.03,9580.23,188.48
2009-09-23,7376.76,9461.88,184.77
2009-09-24,7324.22,9394.67,184.24
2009-09-25,7345.22,9421.6,185.76
2009-09-28,7284.61,9343.86,181.68
2009-09-29,7429.98,9530.34,182.98
2009-09-30,7509.17,9631.91,186.45
2009-10-01,7545.29,9678.24,186.64
2009-10-02,7411.88,9507.11,184.9
2009-10-05,7437.98,9540.6,186.91
2009-10-06,7536.05,9666.39,187.72
2009-10-07,7608.66,9759.64,188.6
2009-10-08,7503.31,9624.5,184.17
2009-10-09,7571.96,9712.55,185.66
2009-10-12,7599.88,9748.37,186.89
2009-10-13,7596.6,9744.17,186.89
2009-10-14,7695.75,9871.34,188.47
2009-10-15,7710.4,9890.13,187.15
2009-10-16,7715.1,9896.17,188.79
2009-10-19,7751.32,9942.63,189.58
2009-10-20,7753.52,9945.44,189.68
2009-10-21,7701.5,9878.72,188.16
2009-10-22,7607.93,9758.7,184.69
2009-10-23,7649.28,9811.74,184.88
2009-10-26,7668.4,9836.29,183.51
2009-10-27,7657.34,9822.11,183.37
2009-10-28,7533.95,9663.83,179.55
2009-10-29,7355.69,9435.17,174.04
2009-10-30,7340.08,9415.16,172.63
2009-11-02,7335.18,9408.87,172.95
2009-11-03,7322.93,9393.15,174.59
2009-11-04,7467.04,9578.0,179.9
2009-11-05,7417.46,9514.4,178.75
2009-11-06,7463.05,9572.89,178.73
2009-11-09,7536.7,9667.36,178.91
2009-11-10,7593.49,9740.2,180.26
2009-11-11,7668.06,9835.86,181.85
2009-11-12,7670.93,9839.54,182.53
2009-11-13,7665.63,9832.73,181.9
2009-11-16,7792.68,9995.7,184.41
2009-11-17,7733.21,9919.43,181.8
2009-11-18,7766.69,9962.37,185.85
2009-11-19,7759.98,9953.78,189.47
2009-11-20,7682.97,9854.99,189.52
2009-11-23,7687.15,9860.35,189.2
2009-11-24,7714.56,9895.51,190.09
2009-11-25,7756.31,9949.06,189.38
2009-11-26,7739.16,9927.07,189.56
2009-11-27,7490.91,9608.63,184.24
2009-11-30,7582.21,9725.74,187.48
2009-12-01,7649.23,9811.71,190.34
2009-12-02,7677.62,9848.12,191.67
2009-12-03,7684.67,9857.17,192.29
2009-12-04,7650.91,9813.86,192.78
2009-12-07,7775.64,9973.85,198.66
2009-12-08,7768.71,9964.97,198.33
2009-12-09,7797.42,10001.8,201.18
2009-12-10,7677.91,9848.5,196.13
2009-12-11,7795.07,9998.78,200.61
2009-12-14,7819.13,10029.64,200.52
2009-12-15,7807.62,10014.88,200.24
2009-12-16,7751.6,9943.02,200.01
2009-12-17,7742.17,9930.92,197.46
2009-12-18,7753.63,9945.63,197.31
2009-12-21,7787.27,9988.78,197.95
2009-12-22,7856.0,10076.93,200.96
2009-12-23,7901.5,10135.29,203.19
2009-12-24,7963.54,10214.87,204.38
2009-12-25,7972.59,10226.49,205.02
2009-12-28,8057.49,10335.39,207.0
2009-12-29,8053.83,10330.69,209.44
2009-12-30,8112.28,10405.67,212.45
2009-12-31,8188.11,10502.93,215.97
2010-01-04,8207.85,10528.26,214.86
2010-01-05,8211.4,10532.82,210.76
2010-01-06,8327.62,10681.89,210.07
2010-01-07,8237.42,10566.19,206.1
2010-01-08,8280.9,10621.96,207.74
2010-01-11,8323.82,10677.01,208.5
2010-01-12,8309.37,10658.48,210.59
2010-01-13,8196.56,10513.77,208.67
2010-01-14,8289.98,10633.6,211.71
2010-01-15,8356.89,10719.43,212.18
2010-01-18,8337.82,10694.97,211.37
2010-01-19,8249.0,10581.04,209.2
2010-01-20,8220.93,10545.03,208.63
2010-01-21,8127.87,10425.66,204.93
2010-01-22,7927.31,10168.41,200.34
2010-01-25,7872.99,10098.72,196.72
2010-01-26,7598.81,9747.03,186.94
2010-01-27,7560.03,9697.3,182.46
2010-01-28,7694.58,9869.89,188.33
2010-01-29,7640.44,9800.44,184.53
2010-02-01,7524.67,9651.94,182.0
2010-02-02,7429.61,9530.0,178.43
2010-02-03,7547.98,9681.84,183.28
2010-02-04,7542.04,9674.22,184.7
2010-02-05,7217.83,9258.35,175.64
2010-02-06,7212.87,9251.99,171.27
2010-02-08,7215.88,9255.85,173.28
2010-02-09,7361.04,9442.05,178.01
2010-02-10,7441.84,9545.69,180.96
2010-02-22,7560.04,9697.31,182.43
2010-02-23,7597.44,9745.29,183.45
2010-02-24,7529.67,9658.35,181.35
2010-02-25,7426.96,9526.61,177.25
2010-02-26,7436.1,9538.32,177.31
2010-03-01,7577.75,9720.03,181.43
2010-03-02,7597.62,9745.51,182.7
2010-03-03,7629.52,9786.42,183.16
2010-03-04,7569.8,9709.83,182.78
2010-03-05,7666.26,9833.56,184.84
2010-03-08,7762.27,9956.71,188.23
2010-03-09,7770.59,9967.38,188.66
2010-03-10,7779.08,9978.27,188.08
2010-03-11,7749.66,9940.53,187.59
2010-03-12,7748.33,9938.82,187.92
2010-03-15,7634.92,9793.35,184.65
2010-03-16,7695.63,9871.23,186.17
2010-03-17,7847.84,10066.46,189.65
2010-03-18,7886.34,10115.85,192.3
2010-03-19,7897.91,10130.7,193.51
2010-03-22,7835.98,10051.25,192.91
2010-03-23,7811.87,10020.33,191.75
2010-03-24,7822.71,10034.24,191.51
2010-03-25,7838.1,10053.98,192.06
2010-03-26,7876.86,10103.69,191.68
2010-03-29,7947.45,10194.23,193.47
2010-03-30,7962.22,10213.19,192.16
2010-03-31,7920.06,10159.11,193.16
2010-04-01,8013.09,10278.44,193.46
2010-04-02,8025.93,10294.9,194.99
2010-04-06,8089.65,10376.64,194.62
2010-04-07,8121.78,10417.86,195.84
2010-04-08,8057.6,10335.53,194.11
2010-04-09,8092.03,10379.69,195.07
2010-04-12,8117.75,10412.68,196.1
2010-04-13,8029.73,10299.78,192.88
2010-04-14,8097.13,10386.24,195.2
2010-04-15,8171.94,10482.19,196.17
2010-04-16,8111.57,10404.75,195.31
2010-04-19,7854.22,10074.66,186.62
2010-04-20,7900.42,10133.91,189.27
2010-04-21,7990.53,10249.5,193.31
2010-04-22,7978.69,10234.32,194.42
2010-04-23,8004.89,10267.92,195.12
2010-04-26,8158.14,10464.5,196.73
2010-04-27,8146.44,10449.48,196.06
2010-04-28,8081.55,10366.25,194.96
2010-04-29,8054.05,10330.97,196.85
2010-04-30,8004.25,10267.1,193.6
2010-05-03,7952.17,10200.29,192.23
2010-05-04,7930.77,10173.04,191.35
2010-05-05,7696.9,9873.05,184.06
2010-05-06,7579.48,9722.42,179.4
2010-05-07,7567.1,9706.55,178.73
2010-05-10,7664.73,9831.78,180.77
2010-05-11,7608.44,9759.57,179.53
2010-05-12,7602.7,9752.21,179.73
2010-05-13,7770.57,9967.54,183.39
2010-05-14,7772.13,9969.55,183.42
2010-05-17,7598.72,9747.75,178.0
2010-05-18,7585.3,9730.53,176.45
2010-05-19,7559.16,9697.01,176.53
2010-05-20,7424.43,9524.17,173.72
2010-05-21,7237.71,9284.78,166.48
2010-05-24,7322.73,9393.84,169.09
2010-05-25,7086.37,9090.63,161.25
2010-05-26,7167.35,9194.52,163.88
2010-05-27,7243.16,9291.93,168.67
2010-05-28,7295.32,9358.84,170.88
2010-05-31,7373.98,9459.76,173.1
2010-06-01,7289.33,9351.15,172.74
2010-06-02,7195.71,9231.06,170.04
2010-06-03,7360.28,9442.18,173.65
2010-06-04,7344.59,9422.05,174.06
2010-06-07,7157.83,9183.05,169.82
2010-06-08,7151.99,9175.56,169.7
2010-06-09,7071.67,9072.71,165.42
2010-06-10,7181.77,9214.46,167.28
2010-06-11,7299.49,9365.5,170.41
2010-06-14,7387.4,9478.29,171.85
2010-06-15,7454.06,9563.84,172.59
2010-06-17,7515.78,9643.02,174.62
2010-06-18,7493.11,9614.06,174.11
2010-06-21,7635.56,9797.15,176.89
2010-06-22,7612.68,9767.78,176.96
2010-06-23,7582.15,9728.62,175.77
2010-06-24,7589.89,9739.19,176.18
2010-06-25,7474.71,9592.15,173.79
2010-06-28,7500.79,9625.88,173.14
2010-06-29,7423.57,9528.6,170.83
2010-06-30,7329.37,9407.98,169.09
2010-07-01,7254.06,9312.52,167.8
2010-07-02,7330.74,9412.01,168.78
2010-07-05,7439.96,9562.28,172.35
2010-07-06,7548.48,9745.07,175.1
2010-07-07,7534.46,9746.88,173.76
2010-07-08,7608.85,9867.2,175.97
2010-07-09,7647.25,9918.32,177.14
2010-07-12,7639.55,9914.49,178.49
2010-07-13,7597.42,9872.73,177.59
2010-07-14,7714.51,10040.0,180.24
2010-07-15,7704.52,10044.24,179.86
2010-07-16,7664.57,9994.63,178.29
2010-07-19,7649.83,9985.49,176.69
2010-07-20,7712.03,10068.56,178.07
2010-07-21,7701.29,10056.14,179.33
2010-07-22,7666.34,10022.97,179.43
2010-07-23,7761.22,10149.24,180.97
2010-07-26,7787.45,10194.85,180.55
2010-07-27,7748.01,10145.86,179.33
2010-07-28,7784.81,10225.4,180.7
2010-07-29,7798.99,10253.48,179.17
2010-07-30,7760.63,10204.08,179.2
2010-08-02,7911.68,10403.74,182.5
2010-08-03,7957.53,10466.03,182.76
2010-08-04,7972.66,10491.17,182.36
2010-08-05,7936.85,10447.09,180.0
2010-08-06,7963.3,10484.02,180.68
2010-08-09,8034.49,10579.15,181.22
2010-08-10,7976.74,10511.27,179.26
2010-08-11,7895.03,10425.29,178.75
2010-08-12,7829.79,10371.68,179.27
2010-08-13,7891.58,10459.25,183.47
2010-08-16,7941.22,10525.19,184.05
2010-08-17,7931.09,10512.11,185.55
2010-08-18,7924.1,10503.26,186.82
2010-08-19,7928.94,10512.38,185.86
2010-08-20,7927.31,10511.27,184.63
2010-08-23,7975.93,10576.78,184.13
2010-08-24,7940.64,10534.41,183.75
2010-08-25,7736.98,10276.99,179.64
2010-08-26,7689.74,10215.22,177.54
2010-08-27,7722.91,10259.49,177.81
2010-08-30,7741.2,10283.78,175.92
2010-08-31,7616.28,10117.87,171.14
2010-09-01,7668.25,10186.9,173.62
2010-09-02,7720.82,10257.18,173.46
2010-09-03,7830.21,10402.7,178.75
2010-09-06,7890.95,10483.58,182.3
2010-09-07,7884.4,10474.89,181.35
2010-09-08,7851.31,10432.23,181.64
2010-09-09,7835.54,10411.7,180.56
2010-09-10,7890.11,10484.47,179.98
2010-09-13,8091.3,10752.83,182.75
2010-09-14,8132.6,10808.45,184.97
2010-09-15,8163.82,10851.23,186.39
2010-09-16,8099.75,10766.63,183.96
2010-09-17,8158.33,10844.54,185.57
2010-09-20,8186.96,10882.68,185.49
2010-09-21,8196.4,10895.23,187.16
2010-09-23,8202.54,10903.94,188.62
2010-09-24,8166.62,10856.19,188.04
2010-09-27,8191.54,10889.46,185.38
2010-09-28,8189.44,10886.89,185.01
2010-09-29,8240.89,10955.28,185.5
2010-09-30,8237.78,10951.4,185.9
2010-10-01,8244.18,10959.91,185.68
2010-10-04,8246.1,10962.45,181.76
2010-10-05,8200.43,10901.75,181.38
2010-10-06,8284.03,11012.88,181.69
2010-10-07,8283.92,11012.76,182.6
2010-10-08,8244.19,10959.95,180.05
2010-10-11,8176.76,10870.3,178.01
2010-10-12,8090.22,10755.26,177.3
2010-10-13,8106.66,10777.12,177.79
2010-10-14,8215.45,10921.74,179.26
2010-10-15,8205.3,10908.25,176.14
2010-10-18,8060.54,10715.9,171.0
2010-10-19,8046.23,10696.89,172.07
2010-10-20,8124.62,10801.1,176.83
2010-10-21,8131.23,10809.89,175.7
2010-10-22,8168.06,10858.85,176.8
2010-10-25,8306.98,11043.53,179.35
2010-10-26,8343.23,11091.72,179.82
2010-10-27,8291.04,11022.34,178.94
2010-10-28,8354.05,11106.11,181.11
2010-10-29,8287.09,11017.16,180.08
2010-11-01,8379.75,11140.36,179.83
2010-11-02,8344.76,11093.83,177.02
2010-11-03,8293.9,11026.22,173.39
2010-11-04,8357.85,11111.24,175.36
2010-11-05,8449.34,11232.86,177.72
2010-11-08,8430.58,11207.93,174.43
2010-11-09,8445.63,11227.94,175.09
2010-11-10,8450.63,11234.58,174.47
2010-11-11,8436.95,11216.4,177.24
2010-11-12,8316.05,11055.66,175.95
2010-11-15,8240.65,10955.42,175.13
2010-11-16,8312.21,11050.56,175.0
2010-11-17,8255.54,10975.22,176.08
2010-11-18,8283.45,11012.32,174.97
2010-11-19,8306.12,11042.47,175.09
2010-11-22,8374.91,11133.92,175.93
2010-11-23,8328.63,11072.4,176.05
2010-11-24,8297.05,11030.41,175.53
2010-11-25,8349.99,11100.8,177.76
2010-11-26,8312.15,11050.5,177.37
2010-11-29,8367.17,11123.65,179.96
2010-11-30,8372.48,11130.71,179.76
2010-12-01,8520.11,11326.96,183.08
2010-12-02,8585.77,11414.25,184.28
2010-12-03,8624.01,11465.1,186.61
2010-12-06,8702.23,11569.08,187.4
2010-12-07,8704.39,11572.12,187.82
2010-12-08,8703.79,11571.33,186.73
2010-12-09,8753.84,11637.87,187.41
2010-12-10,8718.83,11591.33,187.72
2010-12-13,8736.59,11614.93,189.19
2010-12-14,8740.43,11620.04,188.83
2010-12-15,8756.71,11641.68,187.75
2010-12-16,8782.2,11675.57,187.54
2010-12-17,8817.9,11723.03,188.54
2010-12-20,8768.72,11657.65,187.27
2010-12-21,8827.79,11736.18,188.13
2010-12-22,8860.49,11779.65,189.97
2010-12-23,8898.87,11830.68,190.39
2010-12-24,8861.1,11780.46,189.44
2010-12-27,8892.31,11821.96,188.05
2010-12-28,8870.76,11793.31,186.04
2010-12-29,8866.35,11787.44,184.49
2010-12-30,8907.91,11842.7,185.52
2010-12-31,8972.5,11928.56,187.17
2011-01-03,9025.3,11998.76,186.56
2011-01-04,8997.19,11961.39,187.01
2011-01-05,8846.31,11760.8,183.66
2011-01-06,8883.21,11809.86,184.64
2011-01-07,8782.72,11676.27,183.65
2011-01-10,8817.88,11723.0,184.35
2011-01-11,8931.36,11873.88,187.16
2011-01-12,8965.0,11918.59,189.39
2011-01-13,8975.58,11932.66,189.09
2011-01-14,8972.51,11928.57,189.29
2011-01-17,8925.09,11865.54,189.59
2011-01-18,8988.0,11949.17,190.55
2011-01-19,9086.02,12079.49,192.83
2011-01-20,9022.17,11994.6,194.0
2011-01-21,8954.38,11904.48,193.66
2011-01-24,8947.79,11895.72,191.15
2011-01-25,8991.39,11953.67,190.83
2011-01-26,9055.59,12039.03,192.5
2011-01-27,9102.33,12101.17,193.01
2011-01-28,9145.35,12158.36,193.14
2011-02-08,9111.46,12113.31,191.66
2011-02-09,9006.82,11974.19,189.57
2011-02-10,8836.56,11747.84,186.95
2011-02-11,8609.86,11446.44,182.13
2011-02-14,8685.47,11546.97,185.3
2011-02-15,8721.93,11595.44,187.77
2011-02-16,8712.96,11583.51,188.16
2011-02-17,8683.88,11544.86,187.43
2011-02-18,8843.84,11757.51,189.79
2011-02-21,8839.22,11751.37,191.74
2011-02-22,8673.67,11531.28,188.17
2011-02-23,8528.94,11338.87,181.8
2011-02-24,8541.64,11355.76,182.74
2011-02-25,8599.65,11432.87,185.12
2011-03-01,8727.56,11602.92,187.89
2011-03-02,8619.9,11459.79,187.0
2011-03-03,8738.37,11617.29,189.31
2011-03-04,8784.4,11678.49,187.38
2011-03-07,8713.79,11584.61,186.24
2011-03-08,8747.75,11629.77,187.81
2011-03-09,8750.02,11632.78,188.37
2011-03-10,8642.9,11490.37,185.35
2011-03-11,8567.82,11390.55,183.38
2011-03-14,8520.02,11327.01,178.32
2011-03-15,8234.78,10947.79,170.13
2011-03-16,8324.58,11067.18,173.79
2011-03-17,8282.69,11011.49,171.81
2011-03-18,8394.75,11160.47,175.23
2011-03-21,8467.71,11257.46,176.72
2011-03-22,8508.04,11311.09,178.57
2011-03-23,8545.08,11360.33,179.35
2011-03-24,8576.4,11401.96,179.05
2011-03-25,8610.39,11447.16,177.47
2011-03-28,8553.06,11370.94,176.25
2011-03-29,8596.57,11428.78,175.92
2011-03-30,8646.31,11494.91,176.98
2011-03-31,8683.3,11544.08,177.65
2011-04-01,8705.13,11573.11,179.5
2011-04-06,8851.98,11768.34,182.67
2011-04-07,8901.72,11834.47,184.41
2011-04-08,8894.54,11824.92,183.35
2011-04-11,8880.27,11805.94,182.36
2011-04-12,8732.59,11609.61,178.36
2011-04-13,8780.2,11672.9,178.02
2011-04-14,8802.73,11702.86,179.88
2011-04-15,8718.12,11590.38,176.66
2011-04-18,8714.48,11585.53,174.8
2011-04-19,8638.55,11484.59,173.81
2011-04-20,8813.28,11716.88,175.51
2011-04-21,8957.65,11908.82,177.32
2011-04-22,8969.43,11924.48,178.84
2011-04-25,8950.75,11899.65,178.57
2011-04-26,8948.14,11896.18,178.85
2011-04-27,9049.25,12030.6,179.91
2011-04-28,9040.77,12019.33,178.64
2011-04-29,9007.87,11975.59,175.89
2011-05-03,8946.08,11893.73,173.12
2011-05-04,8947.35,11895.41,176.02
2011-05-05,9018.61,11990.15,176.73
2011-05-06,8977.23,11935.14,177.0
2011-05-09,9035.48,12012.59,176.87
2011-05-10,9023.28,11996.87,177.13
2011-05-11,9020.4,11993.05,176.54
2011-05-12,9033.68,12010.7,176.74
2011-05-13,9006.61,11974.71,178.34
2011-05-16,8911.71,11848.53,176.51
2011-05-17,8884.09,11811.82,175.71
2011-05-18,8944.84,11892.58,178.0
2011-05-19,8892.88,11824.22,178.1
2011-05-20,8837.03,11749.96,175.85
2011-05-23,8747.51,11630.94,174.27
2011-05-24,8756.61,11643.03,173.9
2011-05-25,8727.09,11603.89,173.55
2011-05-26,8788.4,11685.4,176.37
2011-05-27,8810.0,11714.12,177.4
2011-05-30,8823.68,11732.31,178.2
2011-05-31,8988.84,11951.92,182.01
2011-06-01,9062.35,12049.66,182.73
2011-06-02,8991.36,11955.27,180.42
2011-06-03,9046.28,12028.58,180.89
2011-06-07,9057.1,12043.09,181.88
2011-06-08,9007.53,11977.18,180.73
2011-06-09,9000.94,11968.42,179.47
2011-06-10,8837.82,11751.72,176.71
2011-06-13,8712.95,11585.68,174.87
2011-06-14,8829.21,11740.34,177.84
2011-06-15,8831.45,11743.52,177.86
2011-06-16,8654.43,11508.13,175.0
2011-06-17,8636.1,11483.76,173.75
2011-06-20,8530.68,11343.58,169.23
2011-06-21,8597.62,11433.4,169.5
2011-06-22,8621.04,11464.55,172.68
2011-06-23,8567.28,11393.46,172.07
2011-06-24,8532.83,11347.93,171.98
2011-06-27,8500.16,11305.47,172.46
2011-06-28,8478.86,11283.35,173.08
2011-06-29,8573.38,11450.46,174.17
2011-06-30,8652.59,11564.95,175.32
2011-07-01,8739.82,11683.47,178.57
2011-07-04,8774.72,11731.97,178.67
2011-07-05,8784.44,11747.71,178.22
2011-07-06,8824.44,11826.05,179.61
2011-07-07,8773.42,11783.98,179.06
2011-07-08,8749.55,11766.38,177.73
2011-07-11,8665.85,11679.79,174.95
2011-07-12,8491.01,11448.79,169.31
2011-07-13,8488.06,11471.46,168.41
2011-07-14,8481.35,11474.61,166.08
2011-07-15,8574.91,11605.92,169.44
2011-07-18,8538.57,11577.77,168.18
2011-07-19,8524.57,11572.02,168.57
2011-07-20,8706.17,11834.74,172.2
2011-07-21,8717.14,11879.28,172.24
2011-07-22,8765.32,11953.92,172.99
2011-07-25,8683.51,11844.59,170.57
2011-07-26,8794.24,12013.23,173.17
2011-07-27,8817.49,12047.51,176.32
2011-07-28,8767.2,11988.72,175.08
2011-07-29,8644.18,11834.17,173.01
2011-08-01,8701.38,11921.36,174.14
2011-08-02,8584.72,11767.72,173.33
2011-08-03,8456.86,11593.85,169.95
2011-08-04,8317.27,11417.88,166.64
2011-08-05,7853.13,10782.61,155.52
2011-08-08,7552.8,10375.53,149.41
2011-08-09,7493.12,10301.62,146.75
2011-08-10,7736.32,10642.85,153.37
2011-08-11,7719.09,10624.11,153.09
2011-08-12,7637.02,10514.95,152.57
2011-08-15,7819.39,10767.1,154.8
2011-08-16,7798.59,10740.17,156.72
2011-08-17,7741.76,10668.37,154.88
2011-08-18,7614.97,10495.74,150.89
2011-08-19,7342.96,10121.42,142.39
2011-08-22,7312.59,10080.22,137.96
2011-08-23,7550.23,10415.2,143.46
2011-08-24,7502.93,10357.02,142.62
2011-08-25,7410.87,10236.98,138.92
2011-08-26,7445.1,10284.41,137.51
2011-08-29,7578.01,10468.1,140.46
2011-08-30,7646.19,10562.33,143.82
2011-08-31,7741.36,10694.67,145.02
2011-09-01,7757.76,10719.39,147.31
2011-09-02,7757.06,10718.52,148.33
2011-09-05,7551.57,10434.69,145.39
2011-09-06,7367.19,10180.16,140.98
2011-09-07,7529.01,10404.13,143.71
2011-09-08,7548.37,10431.0,143.7
2011-09-09,7610.57,10518.89,144.32
2011-09-13,7391.37,10216.62,140.3
2011-09-14,7228.47,9991.89,137.07
2011-09-15,7385.68,10210.99,139.09
2011-09-16,7577.4,10476.29,143.08
2011-09-19,7480.88,10343.44,140.87
2011-09-20,7492.85,10360.48,142.22
2011-09-21,7535.88,10420.43,143.05
2011-09-22,7305.5,10103.8,139.78
2011-09-23,7046.22,9745.2,132.76
2011-09-26,6877.12,9511.64,126.98
2011-09-27,7089.95,9806.29,130.17
2011-09-28,7146.98,9885.4,131.73
2011-09-29,7182.61,9934.74,132.39
2011-09-30,7225.38,9993.91,132.94
2011-10-03,7013.97,9701.96,129.52
2011-10-04,7047.87,9748.86,129.41
2011-10-05,6989.15,9667.69,129.02
2011-10-06,7132.0,9865.28,129.11
2011-10-07,7211.96,9975.99,129.97
2011-10-11,7398.71,10234.32,134.01
2011-10-12,7382.35,10211.71,134.91
2011-10-13,7428.33,10275.31,137.69
2011-10-14,7358.08,10178.14,137.22
2011-10-17,7461.12,10320.69,140.14
2011-10-18,7359.48,10180.09,138.43
2011-10-19,7353.37,10172.13,137.82
2011-10-20,7244.32,10021.28,135.98
2011-10-21,7254.51,10035.38,135.76
2011-10-24,7470.3,10333.88,139.34
2011-10-25,7491.21,10363.31,138.96
2011-10-26,7535.82,10425.01,138.78
2011-10-27,7565.21,10465.68,138.73
2011-10-28,7616.06,10536.03,137.73
2011-10-31,7587.69,10497.17,136.05
2011-11-01,7622.01,10544.64,137.46
2011-11-02,7598.45,10512.05,137.6
2011-11-03,7460.31,10320.95,135.61
2011-11-04,7603.23,10518.66,139.13
2011-11-07,7621.72,10544.25,141.44
2011-11-08,7600.79,10515.29,141.04
2011-11-09,7561.86,10461.44,139.67
2011-11-10,7308.68,10111.17,135.2
2011-11-11,7367.29,10192.26,134.66
2011-11-14,7525.65,10411.44,137.8
2011-11-15,7491.06,10363.6,136.21
2011-11-16,7387.52,10220.35,134.6
2011-11-17,7387.81,10220.75,135.19
2011-11-18,7233.78,10007.66,132.48
2011-11-21,7042.64,9743.22,127.56
2011-11-22,7000.03,9684.27,123.43
2011-11-23,6806.43,9416.44,118.76
2011-11-24,6864.39,9496.62,118.48
2011-11-25,6784.52,9386.12,116.48
2011-11-28,6898.78,9544.2,119.55
2011-11-29,6988.65,9668.53,123.04
2011-11-30,6904.12,9551.58,121.94
2011-12-01,7178.69,9931.44,126.91
2011-12-02,7140.68,9878.85,125.59
2011-12-05,7098.08,9819.92,124.2
2011-12-06,6956.28,9623.74,120.45
2011-12-07,7033.0,9729.89,120.74
2011-12-08,6982.9,9660.57,118.21
2011-12-09,6893.3,9536.62,116.5
2011-12-12,6949.04,9613.73,116.37
2011-12-13,6896.31,9540.78,115.49
2011-12-14,6922.57,9577.1,117.41
2011-12-15,6764.59,9358.55,114.36
2011-12-16,6785.09,9386.9,114.38
2011-12-19,6633.33,9176.95,109.82
2011-12-20,6662.64,9217.51,110.86
2011-12-21,6966.48,9637.85,117.39
2011-12-22,6966.35,9637.67,118.32
2011-12-23,7110.73,9837.42,122.62
2011-12-26,7092.58,9812.31,123.3
2011-12-27,7085.03,9801.87,123.3
2011-12-28,7056.67,9762.63,122.18
2011-12-29,7074.82,9787.73,122.65
2011-12-30,7072.08,9783.94,122.36
2012-01-02,6952.21,9618.11,119.34
2012-01-03,7053.38,9758.08,121.31
2012-01-04,7082.97,9799.01,122.76
2012-01-05,7130.86,9865.26,123.6
2012-01-06,7120.51,9850.95,123.44
2012-01-09,7093.04,9812.95,121.63
2012-01-10,7178.87,9931.69,122.25
2012-01-11,7188.21,9944.61,123.64
2012-01-12,7186.58,9942.35,123.51
2012-01-13,7181.54,9935.38,123.29
2012-01-16,7103.62,9827.58,124.36
2012-01-17,7221.08,9990.08,129.71
2012-01-18,7233.69,10007.53,130.97
2012-01-30,7407.41,10247.87,136.28
2012-01-31,7517.08,10399.58,139.39
2012-02-01,7549.21,10444.04,141.71
2012-02-02,7652.46,10586.89,144.71
2012-02-03,7674.99,10618.05,146.7
2012-02-04,7741.24,10709.71,147.14
2012-02-06,7687.98,10636.02,146.26
2012-02-07,7707.44,10662.94,146.63
2012-02-08,7869.91,10887.72,151.1
2012-02-09,7910.78,10944.26,153.19
2012-02-10,7862.27,10877.14,152.45
2012-02-13,7912.91,10947.2,153.67
2012-02-14,7884.08,10907.32,151.55
2012-02-15,8005.24,11074.94,153.23
2012-02-16,7869.7,10887.42,148.02
2012-02-17,7894.36,10921.54,147.48
2012-02-20,7954.82,11005.19,150.83
2012-02-21,7921.5,10959.09,151.7
2012-02-22,8001.68,11070.02,154.0
2012-02-23,7937.3,10980.94,152.19
2012-02-24,7959.34,11011.44,150.8
2012-02-29,8121.44,11235.69,152.64
2012-03-01,8118.34,11231.4,153.37
2012-03-02,8144.04,11266.96,156.0
2012-03-03,8114.44,11226.02,156.16
2012-03-05,8004.74,11074.25,153.07
2012-03-06,7937.97,10981.87,149.61
2012-03-07,7903.08,10933.6,149.81
2012-03-08,7984.56,11046.33,150.87
2012-03-09,8016.01,11089.84,153.58
2012-03-12,7927.55,10967.46,151.14
2012-03-13,8031.51,11111.29,150.28
2012-03-14,8125.26,11240.98,152.78
2012-03-15,8121.62,11235.94,153.05
2012-03-16,8054.94,11143.7,154.18
2012-03-19,8043.92,11128.45,152.47
2012-03-20,7972.7,11029.93,151.04
2012-03-21,7981.94,11042.7,150.03
2012-03-22,8059.94,11150.61,151.25
2012-03-23,8076.61,11173.68,152.04
2012-03-26,7967.62,11022.89,151.45
2012-03-27,8029.46,11108.44,150.72
2012-03-28,8038.07,11120.36,150.86
2012-03-29,7872.66,10891.53,144.44
2012-03-30,7933.0,10975.0,146.33
2012-04-02,7862.9,10878.02,144.53
2012-04-03,7760.85,10736.83,139.65
2012-04-05,7639.82,10569.4,137.74
2012-04-06,7706.26,10661.32,142.64
2012-04-09,7600.87,10515.51,142.25
2012-04-10,7640.68,10570.58,143.72
2012-04-11,7656.67,10592.7,144.79
2012-04-12,7662.92,10601.36,145.69
2012-04-13,7788.27,10774.78,149.02
2012-04-16,7729.86,10693.96,147.64
2012-04-17,7585.87,10494.76,143.4
2012-04-18,7605.0,10521.22,143.1
2012-04-19,7622.69,10545.7,141.54
2012-04-20,7507.15,10385.85,139.32
2012-04-23,7481.09,10349.8,136.71
2012-04-24,7498.84,10374.36,137.49
2012-04-25,7563.18,10463.36,141.02
2012-04-26,7521.35,10405.5,139.47
2012-04-27,7480.5,10348.98,136.7
2012-04-30,7501.72,10378.34,136.92
2012-05-02,7676.81,10620.57,142.22
2012-05-03,7659.53,10596.66,141.35
2012-05-04,7700.95,10653.97,144.04
2012-05-07,7538.08,10429.23,141.8
2012-05-08,7545.71,10439.79,142.19
2012-05-09,7475.71,10342.94,140.99
2012-05-10,7484.01,10354.81,139.93
2012-05-11,7401.37,10240.47,137.6
2012-05-14,7377.18,10206.99,136.88
2012-05-15,7395.64,10232.54,138.04
2012-05-16,7234.57,10009.69,135.43
2012-05-17,7356.77,10178.84,137.51
2012-05-18,7151.19,9894.4,132.77
2012-05-21,7192.23,9951.18,133.69
2012-05-22,7274.89,10065.55,136.75
2012-05-23,7147.75,9889.64,135.24
2012-05-24,7124.89,9858.26,133.72
2012-05-25,7071.63,9784.57,130.86
2012-05-28,7136.0,9873.63,131.86
2012-05-29,7342.29,10160.0,137.94
2012-05-30,7261.8,10048.63,137.09
2012-05-31,7301.5,10103.56,139.27
2012-06-01,7106.09,9833.16,133.75
2012-06-04,6894.66,9541.15,127.62
2012-06-05,7000.45,9687.62,130.09
2012-06-06,7056.15,9764.71,132.59
2012-06-07,7080.31,9798.14,132.25
2012-06-08,6999.65,9686.52,131.58
2012-06-11,7120.23,9853.39,132.58
2012-06-12,7072.08,9786.85,132.31
2012-06-13,7088.83,9810.23,133.25
2012-06-14,7075.1,9791.23,133.16
2012-06-15,7155.83,9902.95,135.08
2012-06-18,7281.5,10076.87,137.72
2012-06-19,7273.13,10065.31,137.12
2012-06-20,7334.63,10150.52,138.28
2012-06-21,7279.05,10074.23,138.0
2012-06-22,7222.05,9995.55,137.92
2012-06-25,7166.38,9918.82,137.21
2012-06-26,7137.93,9879.48,134.85
2012-06-27,7183.01,9942.81,135.45
2012-06-28,7169.61,9930.23,134.7
2012-06-29,7296.28,10106.39,136.47
2012-07-02,7345.16,10175.26,137.73
2012-07-03,7418.36,10281.59,138.51
2012-07-04,7422.59,10351.39,139.82
2012-07-05,7387.78,10325.78,139.43
2012-07-06,7368.59,10300.17,138.22
2012-07-09,7309.96,10247.64,136.57
2012-07-10,7251.35,10167.78,134.29
2012-07-11,7257.91,10190.23,135.18
2012-07-12,7130.93,10021.66,132.88
2012-07-13,7104.27,9987.44,130.83
2012-07-16,7090.04,9979.59,128.97
2012-07-17,7127.0,10063.85,130.56
2012-07-18,7049.05,9957.71,129.34
2012-07-19,7148.57,10107.93,131.31
2012-07-20,7164.68,10134.82,132.22
2012-07-23,7028.73,9943.69,129.22
2012-07-24,7008.35,9920.62,127.89
2012-07-25,6979.13,9889.5,127.8
2012-07-26,6970.69,9891.39,127.42
2012-07-27,7124.49,10113.39,129.53
2012-07-30,7158.88,10163.39,129.76
2012-07-31,7270.49,10325.98,130.19
2012-08-01,7267.96,10334.54,132.3
2012-08-03,7217.51,10269.69,132.0
2012-08-06,7286.33,10371.21,131.5
2012-08-07,7295.46,10391.98,131.0
2012-08-08,7319.8,10440.47,132.17
2012-08-09,7433.7,10621.32,134.86
2012-08-10,7441.12,10642.7,136.06
2012-08-13,7436.3,10636.28,136.14
2012-08-14,7479.25,10699.41,136.31
2012-08-15,7467.74,10688.72,135.98
2012-08-16,7490.21,10726.08,137.2
2012-08-17,7467.92,10694.42,136.94
2012-08-20,7431.91,10645.59,135.2
2012-08-21,7506.81,10757.33,136.57
2012-08-22,7496.58,10748.86,136.68
2012-08-23,7505.17,10762.54,136.29
2012-08-24,7477.53,10723.04,136.76
2012-08-27,7468.22,10709.69,135.71
2012-08-28,7361.94,10557.4,133.12
2012-08-29,7391.15,10599.82,133.81
2012-08-30,7371.44,10573.97,133.98
2012-08-31,7397.06,10610.76,134.29
2012-09-03,7450.53,10687.97,135.51
2012-09-04,7451.35,10689.18,135.92
2012-09-05,7367.44,10569.05,135.52
2012-09-06,7326.72,10511.03,135.03
2012-09-07,7424.91,10651.93,135.89
2012-09-10,7482.74,10735.56,136.12
2012-09-11,7485.13,10739.09,136.09
2012-09-12,7570.45,10862.38,137.98
2012-09-13,7578.8,10875.06,137.8
2012-09-14,7738.05,11103.7,138.96
2012-09-17,7762.22,11138.6,139.49
2012-09-18,7734.26,11098.77,139.71
2012-09-19,7781.91,11167.47,140.48
2012-09-20,7727.55,11089.47,139.67
2012-09-21,7754.59,11128.32,140.92
2012-09-24,7768.3,11148.02,140.74
2012-09-25,7734.13,11099.07,140.28
2012-09-26,7669.63,11006.52,138.59
2012-09-27,7683.8,11026.9,138.88
2012-09-28,7715.16,11072.13,139.25
2012-10-01,7675.72,11015.53,139.45
2012-10-02,7718.68,11077.18,140.29
2012-10-03,7684.63,11028.31,139.89
2012-10-04,7682.34,11025.05,139.58
2012-10-05,7690.65,11036.98,139.55
2012-10-08,7615.89,10929.68,137.73
2012-10-09,7592.01,10895.41,135.77
2012-10-11,7451.72,10694.08,134.96
2012-10-12,7437.04,10673.01,134.16
2012-10-15,7418.9,10646.98,132.79
2012-10-16,7471.02,10721.77,133.84
2012-10-17,7464.4,10712.28,134.59
2012-10-18,7465.41,10713.72,134.01
2012-10-19,7408.76,10632.42,132.52
2012-10-22,7373.04,10581.16,132.13
2012-10-23,7337.48,10530.14,132.13
2012-10-24,7314.88,10497.71,131.73
2012-10-25,7262.08,10422.29,129.33
2012-10-26,7134.06,10238.55,125.05
2012-10-29,7091.67,10177.72,121.41
2012-10-30,7182.59,10308.28,122.01
2012-10-31,7166.05,10284.53,120.74
2012-11-01,7179.64,10304.03,122.94
2012-11-02,7210.47,10348.28,123.15
2012-11-05,7185.36,10312.24,121.02
2012-11-06,7236.68,10385.89,122.66
2012-11-07,7287.18,10458.37,124.8
2012-11-08,7242.63,10394.44,124.06
2012-11-09,7293.22,10467.05,125.72
2012-11-12,7267.75,10430.49,124.97
2012-11-13,7136.05,10241.47,121.75
2012-11-14,7159.75,10275.5,122.36
2012-11-15,7143.84,10252.65,122.55
2012-11-16,7130.07,10232.89,122.39
2012-11-19,7129.04,10231.42,119.64
2012-11-20,7145.77,10255.43,119.67
2012-11-21,7088.49,10173.22,118.79
2012-11-22,7105.76,10198.0,118.94
2012-11-23,7326.01,10514.1,122.34
2012-11-26,7407.37,10630.87,124.13
2012-11-27,7430.2,10663.63,125.35
2012-11-28,7434.93,10670.42,125.64
2012-11-29,7503.55,10768.91,126.66
2012-11-30,7580.17,10878.87,128.12
2012-12-03,7599.91,10907.2,128.4
2012-12-04,7600.98,10908.74,130.08
2012-12-05,7649.05,10977.72,130.5
2012-12-06,7623.26,10940.71,130.39
2012-12-07,7642.26,10967.98,130.0
2012-12-10,7609.5,10920.95,129.49
2012-12-11,7613.69,10926.97,128.07
2012-12-12,7690.19,11036.76,130.03
2012-12-13,7757.09,11132.77,131.37
2012-12-14,7698.77,11049.08,130.27
2012-12-17,7631.28,10952.21,127.98
2012-12-18,7643.74,10970.09,128.33
2012-12-19,7677.47,11018.51,129.38
2012-12-20,7595.46,10900.81,128.26
2012-12-21,7519.93,10792.4,127.38
2012-12-22,7540.14,10821.42,128.77
2012-12-24,7535.52,10814.78,128.14
2012-12-25,7636.57,10959.81,128.73
2012-12-26,7634.19,10956.4,129.21
2012-12-27,7648.41,10976.81,129.16
2012-12-28,7699.5,11050.13,130.1
2013-01-02,7779.22,11164.55,131.44
2013-01-03,7836.84,11247.23,132.78
2013-01-04,7805.99,11202.96,132.45
2013-01-07,7755.09,11129.91,132.9
2013-01-08,7721.66,11081.93,132.88
2013-01-09,7738.64,11106.29,134.27
2013-01-10,7811.64,11211.06,134.08
2013-01-11,7819.15,11221.85,134.55
2013-01-14,7823.97,11228.76,134.52
2013-01-15,7765.02,11144.16,133.73
2013-01-16,7700.43,11051.45,133.34
2013-01-17,7616.64,10931.21,129.59
2013-01-18,7732.87,11098.01,131.77
2013-01-21,7724.92,11086.61,132.15
2013-01-22,7759.1,11135.66,133.81
2013-01-23,7744.18,11114.25,134.12
2013-01-24,7695.99,11045.09,133.17
2013-01-25,7672.58,11011.49,132.62
2013-01-28,7714.67,11071.89,132.75
2013-01-29,7802.0,11197.23,135.07
2013-01-30,7832.98,11241.7,135.79
2013-01-31,7850.02,11266.15,135.43
2013-02-01,7855.97,11274.68,136.09
2013-02-04,7923.16,11371.12,136.59
2013-02-05,7886.94,11319.14,135.85
2013-02-06,7906.65,11347.42,135.12
2013-02-18,7943.53,11400.36,135.57
2013-02-19,7960.88,11425.25,137.45
2013-02-20,8029.1,11523.15,139.55
2013-02-21,7957.46,11420.34,139.06
2013-02-22,7947.72,11406.37,138.95
2013-02-23,7986.89,11462.59,138.86
2013-02-25,7947.68,11406.31,139.58
2013-02-26,7880.9,11310.47,138.76
2013-02-27,7897.98,11334.98,138.88
2013-03-01,7964.63,11430.63,140.58
2013-03-04,7867.34,11291.0,139.0
2013-03-05,7932.71,11384.83,140.83
2013-03-06,7950.3,11410.07,142.12
2013-03-07,7960.51,11424.72,143.59
2013-03-08,8015.14,11503.12,143.43
2013-03-11,8038.72,11536.97,143.76
2013-03-12,7994.71,11473.8,143.44
2013-03-13,7995.51,11474.95,142.21
2013-03-14,7951.76,11412.16,142.57
2013-03-15,7927.49,11377.33,142.75
2013-03-18,7811.34,11210.64,140.95
2013-03-19,7838.47,11249.58,141.97
2013-03-20,7798.03,11191.54,141.87
2013-03-21,7811.84,11211.36,141.82
2013-03-22,7796.22,11188.93,141.57
2013-03-25,7856.12,11274.91,142.77
2013-03-26,7856.36,11275.25,143.29
2013-03-27,7894.12,11329.44,144.11
2013-03-28,7866.88,11290.34,143.85
2013-03-29,7918.61,11364.58,144.37
2013-04-01,7899.24,11336.79,142.34
2013-04-02,7913.18,11356.8,142.53
2013-04-03,7942.35,11398.66,144.19
2013-04-08,7752.79,11126.6,141.04
2013-04-09,7728.54,11091.81,140.9
2013-04-10,7752.8,11126.62,141.58
2013-04-11,7857.98,11277.58,142.22
2013-04-12,7821.63,11225.41,141.79
2013-04-15,7763.53,11142.03,140.33
2013-04-16,7801.05,11195.86,141.31
2013-04-17,7809.07,11207.38,142.25
2013-04-18,7791.35,11181.95,141.52
2013-04-19,7930.8,11382.08,143.91
2013-04-22,7970.38,11438.89,143.78
2013-04-23,7942.77,11399.27,143.72
2013-04-24,8023.71,11515.9,145.06
2013-04-25,8021.75,11513.1,144.83
2013-04-26,8022.06,11513.53,144.2
2013-04-29,8029.74,11524.56,144.23
2013-04-30,8093.66,11616.3,146.5
2013-05-02,8128.51,11666.32,147.81
2013-05-03,8135.03,11675.68,146.17
2013-05-06,8169.05,11724.5,145.89
2013-05-07,8163.06,11715.91,146.65
2013-05-08,8267.09,11865.22,147.94
2013-05-09,8285.89,11892.37,148.94
2013-05-10,8280.26,11884.3,149.49
2013-05-13,8248.32,11838.45,148.94
2013-05-14,8251.82,11843.48,150.03
2013-05-15,8318.59,11939.31,151.14
2013-05-16,8390.05,12041.87,153.67
2013-05-17,8368.19,12010.5,154.12
2013-05-20,8377.05,12023.21,153.94
2013-05-21,8383.05,12032.34,154.68
2013-05-22,8398.84,12055.18,154.88
2013-05-23,8237.83,11824.07,152.62
2013-05-24,8209.78,11783.8,151.69
2013-05-27,8280.1,11884.74,152.95
2013-05-28,8263.05,11860.28,153.84
2013-05-29,8337.9,11967.71,155.13
2013-05-30,8243.29,11831.9,154.55
2013-05-31,8254.8,11848.42,154.71
2013-06-03,8201.02,11771.23,154.24
2013-06-04,8191.22,11757.16,153.89
2013-06-05,8181.91,11743.81,152.57
2013-06-06,8096.14,11621.1,151.65
2013-06-07,8095.2,11620.04,150.16
2013-06-10,8160.55,11714.4,153.06
2013-06-11,8116.15,11650.66,151.8
2013-06-13,7951.66,11414.8,148.15
2013-06-14,7937.74,11394.82,147.58
2013-06-17,7992.89,11473.99,150.2
2013-06-18,8011.02,11500.01,150.43
2013-06-19,8007.39,11495.91,150.3
2013-06-20,7898.91,11340.17,148.25
2013-06-21,7793.31,11188.72,145.36
2013-06-24,7758.03,11138.18,144.72
2013-06-25,7663.23,11002.22,140.16
2013-06-26,7784.8,11178.22,142.98
2013-06-27,7883.9,11324.96,145.18
2013-06-28,8062.21,11584.02,145.72
2013-07-01,8036.0,11553.25,149.65
2013-07-02,8015.86,11528.11,149.06
2013-07-03,7911.42,11420.25,148.09
2013-07-04,7893.72,11403.28,146.41
2013-07-05,8001.82,11560.42,146.84
2013-07-08,7886.34,11412.61,144.61
2013-07-09,7971.18,11537.69,145.73
2013-07-10,8011.69,11600.46,145.46
2013-07-11,8179.54,11847.44,147.42
2013-07-12,8220.49,11910.74,148.46
2013-07-15,8254.68,11969.03,150.72
2013-07-16,8260.11,11989.52,150.72
2013-07-17,8258.95,12024.74,148.69
2013-07-18,8194.88,11938.79,145.49
2013-07-19,8062.03,11749.86,143.34
2013-07-22,8105.45,11819.23,145.05
2013-07-23,8214.65,11985.11,147.38
2013-07-24,8196.19,11967.14,148.38
2013-07-25,8163.58,11933.73,146.52
2013-07-26,8149.4,11918.21,147.24
2013-07-29,8084.5,11825.66,145.7
2013-07-30,8163.55,11947.97,147.36
2013-07-31,8107.94,11870.23,145.7
2013-08-01,8056.22,11808.6,145.83
2013-08-02,8099.88,11878.07,145.27
2013-08-05,8138.63,11935.81,146.29
2013-08-06,8038.91,11790.87,146.34
2013-08-07,7921.29,11626.71,144.31
2013-08-08,7907.67,11623.86,145.21
2013-08-09,7856.14,11549.23,144.39
2013-08-12,7903.38,11619.71,144.81
2013-08-13,7986.27,11749.1,146.58
2013-08-14,7951.33,11702.13,146.32
2013-08-15,7887.26,11616.32,145.6
2013-08-16,7925.0,11671.98,146.01
2013-08-19,7900.21,11637.31,146.43
2013-08-20,7832.65,11538.15,143.0
2013-08-22,7814.38,11512.56,142.6
2013-08-23,7873.31,11601.81,144.03
2013-08-26,7894.97,11635.47,144.34
2013-08-27,7820.84,11530.4,141.0
2013-08-28,7824.54,11537.06,140.62
2013-08-29,7917.66,11681.9,143.49
2013-08-30,8021.89,11837.0,144.59
2013-09-02,8038.86,11862.52,145.96
2013-09-03,8088.37,11935.94,147.47
2013-09-04,8083.44,11928.92,148.43
2013-09-05,8169.1,12055.65,150.14
2013-09-06,8164.2,12048.46,150.28
2013-09-09,8192.11,12099.26,148.22
2013-09-10,8208.77,12124.71,147.76
2013-09-11,8208.99,12125.37,147.68
2013-09-12,8225.36,12149.63,148.04
2013-09-13,8168.2,12065.2,147.47
2013-09-14,8142.48,12027.21,147.24
2013-09-16,8255.34,12193.91,148.94
2013-09-17,8249.78,12185.78,149.25
2013-09-18,8209.18,12125.82,150.06
2013-09-23,8292.83,12249.38,150.72
2013-09-24,8299.12,12258.87,150.8
2013-09-25,8283.9,12236.39,151.22
2013-09-26,8184.68,12089.83,149.5
2013-09-27,8230.68,12157.78,150.2
2013-09-30,8173.87,12073.87,150.49
2013-10-01,8187.02,12095.1,150.83
2013-10-02,8216.52,12138.69,151.68
2013-10-03,8359.02,12349.21,154.56
2013-10-04,8364.55,12357.38,157.12
2013-10-07,8333.66,12312.05,156.5
2013-10-08,8375.65,12374.08,155.73
2013-10-09,8344.73,12328.39,154.08
2013-10-11,8349.37,12335.25,154.55
2013-10-14,8273.96,12223.85,151.28
2013-10-15,8367.88,12362.6,154.1
2013-10-16,8332.18,12309.87,153.65
2013-10-17,8374.68,12372.67,154.49
2013-10-18,8441.19,12470.93,155.99
2013-10-21,8419.32,12438.61,156.05
2013-10-22,8418.27,12437.07,155.72
2013-10-23,8393.62,12400.72,155.05
2013-10-24,8413.72,12430.41,155.58
2013-10-25,8346.62,12331.28,155.5
2013-10-28,8407.83,12421.72,154.97
2013-10-29,8420.98,12441.14,154.9
2013-10-30,8465.06,12506.29,155.71
2013-10-31,8450.06,12484.12,155.35
2013-11-01,8388.18,12392.72,153.8
2013-11-04,8354.14,12342.42,152.41
2013-11-05,8262.2,12206.6,151.16
2013-11-06,8281.97,12236.03,151.18
2013-11-07,8283.71,12238.63,150.61
2013-11-08,8229.59,12158.67,148.94
2013-11-11,8182.56,12089.19,149.06
2013-11-12,8195.26,12108.03,147.15
2013-11-13,8104.26,11973.58,145.88
2013-11-14,8134.91,12018.87,147.92
2013-11-15,8177.12,12081.23,148.34
2013-11-18,8191.46,12102.42,147.75
2013-11-19,8260.21,12204.0,149.11
2013-11-20,8204.46,12121.64,148.71
2013-11-21,8099.45,11966.49,147.26
2013-11-22,8116.78,11992.09,146.84
2013-11-25,8187.51,12096.6,148.16
2013-11-26,8248.02,12185.99,149.96
2013-11-27,8295.88,12256.71,151.21
2013-11-28,8362.43,12355.03,152.52
2013-11-29,8406.83,12420.62,152.98
2013-12-02,8414.61,12432.12,153.87
2013-12-03,8392.55,12399.53,153.63
2013-12-04,8418.0,12437.12,153.35
2013-12-05,8375.54,12374.39,152.52
2013-12-06,8367.72,12362.84,153.56
2013-12-09,8444.62,12476.46,151.63
2013-12-10,8443.39,12474.64,151.0
2013-12-11,8433.77,12460.42,149.4
2013-12-12,8361.33,12353.41,148.89
2013-12-13,8376.94,12376.47,147.99
2013-12-16,8313.87,12283.49,147.2
2013-12-17,8352.93,12341.2,147.56
2013-12-18,8349.04,12335.45,148.6
2013-12-19,8407.4,12421.68,148.96
2013-12-20,8408.53,12423.35,149.32
2013-12-23,8456.46,12494.16,149.49
2013-12-24,8450.49,12485.35,150.74
2013-12-25,8467.76,12510.85,150.47
2013-12-26,8485.89,12537.65,151.42
2013-12-27,8535.04,12610.27,152.72
2013-12-30,8623.43,12740.86,154.19
2013-12-31,8611.51,12723.25,154.07
2014-01-02,8612.54,12724.76,155.57
2014-01-03,8546.54,12627.25,155.98
2014-01-06,8500.01,12558.51,154.8
2014-01-07,8512.3,12576.67,155.87
2014-01-08,8556.01,12641.24,156.1
2014-01-09,8514.68,12580.19,154.08
2014-01-10,8529.35,12601.86,154.18
2014-01-13,8566.2,12656.3,153.0
2014-01-14,8548.14,12629.61,152.41
2014-01-15,8602.55,12710.01,153.34
2014-01-16,8612.11,12724.13,154.29
2014-01-17,8596.0,12700.33,153.98
2014-01-20,8621.56,12738.09,154.04
2014-01-21,8599.9,12706.1,153.56
2014-01-22,8625.3,12743.62,154.28
2014-01-23,8595.1,12698.99,154.5
2014-01-24,8598.31,12703.74,153.65
2014-01-27,8462.57,12503.19,151.2
2014-02-05,8264.48,12210.52,150.63
2014-02-06,8311.01,12279.27,153.06
2014-02-07,8387.35,12392.05,154.25
2014-02-10,8391.95,12398.85,154.06
2014-02-11,8430.56,12455.9,155.65
2014-02-12,8510.87,12574.55,157.57
2014-02-13,8467.7,12510.77,157.87
2014-02-14,8513.68,12578.7,156.71
2014-02-17,8519.55,12587.38,157.93
2014-02-18,8556.23,12641.57,158.76
2014-02-19,8577.01,12672.27,159.06
2014-02-20,8524.62,12594.87,158.35
2014-02-21,8601.86,12708.98,161.62
2014-02-24,8560.61,12648.05,162.34
2014-02-25,8575.62,12670.22,163.06
2014-02-26,8600.86,12707.52,164.1
2014-02-27,8639.58,12764.71,164.65
2014-03-03,8601.98,12709.17,165.75
2014-03-04,8554.54,12639.07,165.59
2014-03-05,8632.93,12754.9,167.21
2014-03-06,8713.79,12874.36,169.6
2014-03-07,8713.96,12874.61,166.59
2014-03-10,8665.24,12802.63,166.35
2014-03-11,8702.33,12857.42,168.18
2014-03-12,8684.73,12831.42,168.09
2014-03-13,8747.79,12924.6,169.76
2014-03-14,8687.63,12835.7,169.64
2014-03-17,8700.1,12854.13,169.81
2014-03-18,8731.94,12901.18,170.63
2014-03-19,8689.46,12838.42,167.41
2014-03-20,8597.33,12702.29,165.21
2014-03-21,8577.17,12672.52,164.23
2014-03-24,8605.38,12714.19,162.85
2014-03-25,8689.3,12838.18,166.4
2014-03-26,8737.27,12909.05,166.57
2014-03-27,8779.57,12971.54,166.55
2014-03-28,8774.64,12964.26,164.34
2014-03-31,8849.28,13074.55,165.89
2014-04-01,8873.15,13109.8,168.2
2014-04-02,8905.45,13157.54,170.57
2014-04-03,8888.54,13132.55,171.07
2014-04-07,8876.44,13114.68,170.14
2014-04-08,8888.25,13132.12,171.14
2014-04-09,8930.57,13194.65,171.17
2014-04-10,8948.1,13220.54,170.63
2014-04-11,8908.05,13161.37,167.5
2014-04-14,8857.42,13086.56,162.69
2014-04-15,8916.71,13174.17,166.03
2014-04-16,8923.82,13184.68,166.73
2014-04-17,8944.16,13214.73,167.98
2014-04-18,8966.66,13247.97,169.34
2014-04-21,8951.19,13225.12,171.35
2014-04-22,8974.71,13259.86,171.63
2014-04-23,8956.92,13233.58,171.94
2014-04-24,8945.45,13216.64,171.96
2014-04-25,8774.12,12963.49,166.82
2014-04-28,8809.71,13016.08,168.4
2014-04-29,8872.11,13108.27,171.03
2014-04-30,8791.44,12989.08,167.07
2014-05-02,8867.32,13101.2,170.88
2014-05-05,8870.43,13105.79,173.1
2014-05-06,8912.39,13168.26,174.86
2014-05-07,8893.22,13139.93,175.18
2014-05-08,8930.9,13195.79,173.96
2014-05-09,8889.69,13134.9,171.07
2014-05-12,8808.61,13015.09,168.94
2014-05-13,8817.94,13028.88,168.1
2014-05-14,8875.16,13113.43,169.74
2014-05-15,8880.65,13121.71,170.3
2014-05-16,8888.45,13133.24,170.6
2014-05-19,8899.9,13150.15,171.76
2014-05-20,8887.79,13132.26,171.65
2014-05-21,8862.42,13095.15,171.02
2014-05-22,8969.63,13253.58,173.7
2014-05-23,9008.22,13310.6,176.02
2014-05-26,9036.12,13351.82,177.24
2014-05-27,9055.29,13380.3,178.66
2014-05-28,9121.71,13478.45,179.48
2014-05-29,9109.0,13459.67,179.07
2014-05-30,9075.91,13410.77,179.33
2014-06-03,9123.46,13481.03,178.94
2014-06-04,9119.96,13475.99,179.68
2014-06-05,9140.72,13506.67,181.53
2014-06-06,9134.46,13497.41,182.43
2014-06-09,9162.74,13539.2,182.96
2014-06-10,9222.37,13627.81,183.51
2014-06-11,9229.8,13638.78,183.82
2014-06-12,9204.65,13601.71,183.72
2014-06-13,9196.39,13589.51,183.66
2014-06-16,9202.93,13599.18,183.82
2014-06-17,9240.6,13655.75,184.13
2014-06-18,9279.93,13715.55,181.31
2014-06-19,9316.81,13770.13,183.48
2014-06-20,9273.79,13706.67,184.13
2014-06-23,9228.35,13647.54,181.39
2014-06-24,9246.2,13683.8,180.98
2014-06-25,9242.16,13677.97,182.55
2014-06-26,9320.94,13799.93,183.8
2014-06-27,9306.83,13789.21,183.08
2014-06-30,9393.07,13919.39,184.94
2014-07-01,9441.92,14008.09,185.48
2014-07-02,9484.96,14073.18,182.98
2014-07-03,9526.23,14150.71,184.24
2014-07-04,9510.05,14147.69,182.57
2014-07-07,9520.2,14167.45,180.44
2014-07-08,9530.98,14187.05,181.45
2014-07-09,9489.98,14143.48,181.78
2014-07-10,9565.12,14265.25,181.86
2014-07-11,9495.84,14164.84,176.48
2014-07-14,9520.3,14248.39,178.11
2014-07-15,9569.17,14324.83,179.26
2014-07-16,9484.73,14217.5,176.58
2014-07-17,9408.24,14131.31,175.41
2014-07-18,9400.97,14123.25,174.07
2014-07-21,9440.97,14185.04,175.65
2014-07-22,9499.36,14275.64,176.13
2014-07-24,9527.54,14332.24,176.76
2014-07-25,9439.29,14205.41,173.72
2014-07-28,9420.18,14179.32,169.35
2014-07-29,9391.88,14143.74,167.43
2014-07-30,9447.02,14233.38,167.97
2014-07-31,9315.85,14045.85,167.9
2014-08-01,9266.51,13981.9,166.15
2014-08-04,9330.19,14080.22,168.15
2014-08-05,9141.44,13799.12,165.39
2014-08-06,9143.97,13810.94,161.81
2014-08-07,9131.44,13802.59,158.02
2014-08-08,9085.96,13734.72,158.34
2014-08-11,9172.91,13877.16,160.95
2014-08-12,9163.12,13863.92,159.9
2014-08-13,9231.31,13981.02,160.27
2014-08-14,9230.61,13994.5,159.09
2014-08-15,9206.81,13958.89,158.31
2014-08-18,9141.31,13860.15,155.0
2014-08-19,9243.78,14021.51,157.02
2014-08-20,9288.05,14089.9,155.96
2014-08-21,9253.38,14042.36,155.54
2014-08-22,9380.1,14235.45,158.44
2014-08-25,9390.62,14255.34,159.91
2014-08-26,9393.96,14263.04,161.95
2014-08-27,9485.59,14404.3,163.33
2014-08-28,9478.37,14417.62,162.16
2014-08-29,9436.27,14355.86,162.86
2014-09-01,9513.06,14473.43,164.44
2014-09-02,9399.72,14303.09,162.92
2014-09-03,9450.35,14380.67,162.84
2014-09-04,9428.89,14348.55,162.56
2014-09-05,9407.94,14320.25,163.18
2014-09-09,9434.77,14361.1,162.86
2014-09-10,9357.61,14243.68,162.7
2014-09-11,9322.95,14190.93,161.51
2014-09-12,9223.18,14040.06,159.81
2014-09-15,9217.46,14031.35,159.93
2014-09-16,9133.4,13903.39,158.32
2014-09-17,9195.17,13999.46,160.21
2014-09-18,9237.03,14063.2,161.23
2014-09-19,9240.45,14068.41,162.95
2014-09-22,9134.65,13907.34,161.8
2014-09-23,9084.9,13831.59,160.99
2014-09-24,9098.49,13852.97,160.38
2014-09-25,9011.59,13720.67,158.2
2014-09-26,8989.82,13687.59,158.45
2014-09-29,8960.76,13643.44,160.68
2014-09-30,8966.92,13652.82,160.09
2014-10-01,8990.26,13688.43,161.01
2014-10-02,8975.19,13665.49,161.6
2014-10-03,9106.28,13865.1,164.08
2014-10-06,9095.14,13848.15,164.52
2014-10-07,9040.81,13765.43,162.31
2014-10-08,8955.18,13635.06,159.75
2014-10-09,8966.44,13652.2,157.23
2014-10-13,8711.39,13263.86,149.4
2014-10-14,8768.39,13351.45,151.0
2014-10-15,8655.51,13179.56,148.65
2014-10-16,8633.69,13146.35,148.31
2014-10-17,8512.88,12962.43,145.59
2014-10-20,8663.14,13191.22,146.74
2014-10-21,8654.64,13178.29,147.63
2014-10-22,8748.83,13321.71,148.13
2014-10-23,8731.07,13294.67,147.65
2014-10-24,8646.01,13165.15,145.63
2014-10-27,8627.78,13137.39,141.35
2014-10-28,8773.55,13359.35,145.56
2014-10-29,8903.68,13557.61,148.31
2014-10-30,8888.07,13533.83,148.2
2014-10-31,8974.76,13666.06,149.55
2014-11-03,9004.86,13711.89,152.1
2014-11-04,8989.18,13688.01,152.91
2014-11-05,8962.6,13647.54,152.32
2014-11-06,8891.02,13538.54,148.78
2014-11-07,8912.62,13571.43,150.8
2014-11-10,9049.98,13780.59,150.65
2014-11-11,9034.14,13756.52,151.8
2014-11-12,8918.95,13581.11,150.26
2014-11-13,8980.67,13675.1,151.0
2014-11-14,8982.88,13678.46,151.26
2014-11-17,8884.39,13528.49,149.54
2014-11-18,8859.07,13489.93,147.48
2014-11-19,8963.24,13648.55,148.79
2014-11-20,9078.87,13824.62,152.17
2014-11-21,9091.53,13843.91,152.49
2014-11-24,9122.33,13890.8,152.46
2014-11-25,9116.24,13881.53,153.82
2014-11-26,9122.39,13890.9,153.67
2014-11-27,9165.31,13956.24,152.82
2014-11-28,9187.15,13989.51,152.09
2014-12-01,9117.71,13883.77,153.57
2014-12-02,9034.79,13757.5,153.7
2014-12-03,9175.26,13971.4,157.2
2014-12-04,9225.11,14047.32,157.57
2014-12-05,9206.57,14019.08,159.02
2014-12-08,9187.29,13989.72,159.08
2014-12-09,9128.9,13900.81,157.83
2014-12-10,9032.16,13753.49,157.8
2014-12-11,9013.07,13724.43,158.27
2014-12-12,9027.33,13746.14,159.18
2014-12-15,8985.63,13682.65,158.29
2014-12-16,8950.91,13629.79,156.4
2014-12-17,8828.36,13443.16,155.79
2014-12-18,8878.63,13519.71,155.85
2014-12-19,8999.52,13703.79,154.4
2014-12-22,9095.0,13849.19,156.96
2014-12-23,9097.71,13853.31,157.35
2014-12-24,9186.18,13988.02,158.56
2014-12-25,9158.7,13946.19,157.86
2014-12-26,9214.07,14030.5,159.12
2014-12-27,9218.5,14037.24,160.45
2014-12-29,9286.28,14140.45,160.91
2014-12-30,9268.43,14113.28,161.26
2014-12-31,9307.26,14172.4,162.48
2015-01-05,9274.11,14121.92,162.36
2015-01-06,9048.34,13778.14,158.63
2015-01-07,9080.09,13826.48,158.24
2015-01-08,9238.03,14066.99,158.97
2015-01-09,9215.58,14032.8,159.42
2015-01-12,9178.3,13976.03,158.53
2015-01-13,9231.8,14057.49,159.05
2015-01-14,9180.23,13978.97,160.17
2015-01-15,9165.09,13955.91,159.85
2015-01-16,9138.29,13915.11,156.97
2015-01-19,9174.06,13969.58,156.97
2015-01-20,9251.69,14087.79,159.85
2015-01-21,9319.71,14191.36,159.41
2015-01-22,9369.51,14267.19,160.67
2015-01-23,9470.94,14421.64,160.76
2015-01-26,9477.67,14431.89,160.15
2015-01-27,9521.59,14498.77,161.14
2015-01-28,9510.92,14482.51,161.02
2015-01-29,9426.9,14354.58,160.11
2015-01-30,9361.91,14255.62,160.09
2015-02-02,9386.99,14293.82,159.02
2015-02-03,9448.73,14387.81,159.67
2015-02-04,9513.92,14487.09,160.0
2015-02-05,9512.05,14484.24,159.9
2015-02-06,9456.18,14399.17,158.76
2015-02-09,9421.5,14346.36,158.87
2015-02-10,9393.7,14304.03,157.33
2015-02-11,9462.22,14408.36,157.84
2015-02-12,9496.31,14460.27,157.38
2015-02-13,9529.51,14510.83,158.94
2015-02-24,9629.37,14662.89,161.1
2015-02-25,9699.54,14769.74,161.37
2015-02-26,9622.1,14651.82,161.87
2015-03-02,9601.36,14620.23,162.37
2015-03-03,9605.77,14626.95,163.19
2015-03-04,9621.73,14651.25,164.01
2015-03-05,9595.09,14610.68,166.08
2015-03-06,9645.77,14687.87,168.15
2015-03-09,9562.98,14561.8,168.56
2015-03-10,9536.53,14521.51,167.97
2015-03-11,9523.18,14501.2,167.44
2015-03-12,9596.0,14612.07,168.47
2015-03-13,9579.35,14586.72,168.06
2015-03-16,9512.91,14485.55,167.71
2015-03-17,9539.44,14525.95,168.25
2015-03-18,9653.43,14699.53,169.32
2015-03-19,9736.73,14826.37,169.94
2015-03-20,9749.69,14846.1,172.64
2015-03-23,9758.09,14858.89,171.62
2015-03-24,9731.66,14818.64,170.72
2015-03-25,9667.83,14721.45,168.81
2015-03-26,9619.12,14647.28,168.02
2015-03-27,9503.72,14471.56,166.28
2015-03-30,9521.87,14499.19,164.43
2015-03-31,9586.44,14597.52,167.27
2015-04-01,9507.66,14477.55,166.23
2015-04-02,9600.32,14618.65,167.05
2015-04-07,9641.9,14681.97,168.19
2015-04-08,9571.97,14575.48,167.5
2015-04-09,9568.04,14569.5,165.43
2015-04-10,9617.7,14645.11,166.65
2015-04-13,9666.52,14719.46,167.93
2015-04-14,9642.22,14682.46,168.55
2015-04-15,9540.06,14526.9,167.42
2015-04-16,9656.87,14704.76,168.68
2015-04-17,9570.93,14573.9,166.31
2015-04-20,9552.85,14546.37,166.41
2015-04-21,9533.98,14517.63,164.77
2015-04-22,9613.0,14637.96,167.04
2015-04-23,9797.49,14918.89,169.57
2015-04-24,9913.28,15095.2,169.58
2015-04-27,9973.12,15186.32,173.29
2015-04-28,9956.83,15161.52,173.08
2015-04-29,9853.83,15004.68,171.58
2015-04-30,9820.05,14953.23,171.45
2015-05-04,9845.04,14991.62,171.57
2015-05-05,9820.13,14953.69,172.49
2015-05-06,9818.2,14950.75,172.08
2015-05-07,9704.11,14777.02,169.27
2015-05-08,9692.0,14758.59,167.54
2015-05-11,9663.72,14715.52,165.2
2015-05-12,9680.73,14741.41,166.15
2015-05-13,9724.11,14807.48,168.13
2015-05-14,9610.83,14635.25,168.06
2015-05-15,9579.48,14587.52,167.16
2015-05-18,9606.1,14628.05,164.8
2015-05-19,9716.77,14796.58,166.94
2015-05-20,9685.31,14748.68,167.68
2015-05-21,9578.56,14586.12,166.78
2015-05-22,9638.8,14677.84,167.61
2015-05-25,9645.17,14687.55,169.9
2015-05-26,9669.41,14724.46,169.88
2015-05-27,9693.54,14761.36,173.13
2015-05-28,9712.84,14790.76,174.18
2015-05-29,9701.07,14772.83,174.6
2015-06-01,9625.69,14658.67,176.0
2015-06-02,9614.26,14641.27,174.58
2015-06-03,9556.52,14553.47,171.96
2015-06-04,9348.63,14236.88,166.29
2015-06-05,9340.13,14223.93,166.49
2015-06-08,9368.43,14267.25,165.7
2015-06-09,9191.87,13999.29,159.42
2015-06-10,9298.5,14161.7,163.82
2015-06-11,9302.49,14167.97,164.06
2015-06-12,9301.93,14167.12,164.99
2015-06-15,9259.48,14103.6,165.74
2015-06-16,9212.78,14032.87,164.31
2015-06-17,9189.83,13998.95,165.02
2015-06-18,9218.37,14042.92,166.65
2015-06-22,9341.77,14232.05,168.08
2015-06-23,9391.14,14309.65,167.73
2015-06-24,9397.31,14319.17,168.65
2015-06-25,9476.34,14440.35,169.58
2015-06-26,9462.57,14428.68,167.22
2015-06-29,9236.1,14144.9,162.49
2015-06-30,9323.02,14307.35,163.33
2015-07-01,9375.23,14401.91,165.31
2015-07-02,9379.24,14416.53,164.9
2015-07-03,9358.23,14391.89,164.13
2015-07-06,9255.96,14239.1,161.24
2015-07-07,9250.16,14237.53,161.96
2015-07-08,8976.11,13817.85,153.56
2015-07-09,8914.13,13743.06,153.75
2015-07-13,9033.92,13936.67,155.85
2015-07-14,9041.76,13962.85,155.0
2015-07-15,9054.2,14016.79,154.35
2015-07-16,9042.21,14033.93,153.53
2015-07-17,9045.98,14041.88,152.33
2015-07-20,8975.0,13937.12,151.04
2015-07-21,9005.96,13991.22,150.43
2015-07-22,8918.7,13862.71,147.93
2015-07-23,8791.12,13685.18,143.29
2015-07-24,8767.86,13658.28,143.2
2015-07-27,8556.68,13330.86,135.76
2015-07-28,8582.49,13378.88,139.41
2015-07-29,8563.48,13362.86,139.37
2015-07-30,8651.49,13511.41,141.12
2015-07-31,8665.34,13538.36,141.17
2015-08-03,8524.41,13319.24,136.72
2015-08-04,8510.86,13309.81,130.53
2015-08-05,8542.27,13359.35,131.96
2015-08-06,8449.56,13235.14,128.11
2015-08-07,8442.29,13224.89,129.13
2015-08-10,8466.84,13281.67,133.77
2015-08-11,8394.14,13175.1,132.91
2015-08-12,8283.38,13003.75,132.6
2015-08-13,8311.74,13070.77,133.79
2015-08-14,8305.64,13061.76,133.75
2015-08-17,8213.42,12921.88,130.46
2015-08-18,8177.22,12866.52,130.15
2015-08-19,8021.84,12623.03,127.55
2015-08-20,8029.81,12639.66,127.92
2015-08-21,7786.92,12257.34,122.46
2015-08-24,7410.34,11666.06,113.57
2015-08-25,7675.64,12088.44,116.73
2015-08-26,7715.59,12153.54,119.19
2015-08-27,7824.55,12337.12,122.04
2015-08-28,8019.18,12645.42,124.8
2015-08-31,8174.92,12894.35,125.33
2015-09-01,8017.56,12651.38,126.0
2015-09-02,8035.29,12681.59,126.49
2015-09-03,8095.95,12808.8,127.48
2015-09-04,8000.6,12657.98,124.62
2015-09-07,7986.56,12636.28,126.14
2015-09-08,8001.5,12660.12,127.48
2015-09-09,8286.92,13111.99,131.71
2015-09-10,8268.68,13083.26,131.91
2015-09-11,8305.82,13142.05,133.44
2015-09-14,8307.29,13145.15,134.51
2015-09-15,8259.99,13070.62,133.42
2015-09-16,8333.29,13186.61,135.88
2015-09-17,8445.5,13364.37,137.42
2015-09-18,8462.14,13390.69,138.44
2015-09-21,8307.04,13147.31,135.75
2015-09-22,8365.92,13240.85,137.33
2015-09-23,8193.42,12967.82,133.84
2015-09-24,8123.1,12856.92,131.06
2015-09-25,8132.35,12871.55,132.05
2015-09-30,8181.24,12948.92,133.87
2015-10-01,8295.94,13130.68,137.22
2015-10-02,8305.03,13145.07,137.56
2015-10-05,8352.36,13219.98,140.15
2015-10-06,8394.1,13286.04,138.57
2015-10-07,8495.23,13446.11,140.39
2015-10-08,8445.96,13368.45,138.28
2015-10-12,8573.72,13570.69,139.85
2015-10-13,8567.92,13561.51,140.42
2015-10-14,8522.51,13489.63,140.39
2015-10-15,8601.52,13615.03,139.73
2015-10-16,8604.95,13620.47,139.27
2015-10-19,8631.5,13662.48,138.68
2015-10-20,8653.6,13697.47,140.88
2015-10-21,8609.23,13627.23,140.05
2015-10-22,8608.46,13626.3,140.91
2015-10-23,8673.81,13729.75,141.28
2015-10-26,8745.36,13843.0,144.25
2015-10-27,8701.32,13773.29,143.65
2015-10-28,8665.99,13717.37,143.46
2015-10-29,8571.08,13567.14,143.18
2015-10-30,8554.31,13540.6,143.5
2015-11-02,8614.77,13636.3,144.86
2015-11-03,8713.19,13792.14,147.41
2015-11-04,8857.02,14019.85,150.67
2015-11-05,8850.18,14009.04,151.42
2015-11-06,8693.57,13761.14,149.14
2015-11-09,8642.48,13680.33,146.63
2015-11-10,8536.9,13513.2,146.61
2015-11-11,8415.01,13320.26,144.18
2015-11-12,8428.09,13340.97,146.48
2015-11-13,8329.5,13184.9,143.5
2015-11-16,8295.4,13130.94,142.1
2015-11-17,8419.42,13327.25,143.87
2015-11-18,8340.47,13202.28,144.62
2015-11-19,8477.2,13418.72,146.4
2015-11-20,8465.45,13400.13,146.67
2015-11-23,8485.73,13432.22,146.63
2015-11-24,8400.14,13296.85,144.46
2015-11-25,8386.13,13274.68,144.41
2015-11-26,8484.9,13431.02,146.31
2015-11-27,8398.4,13294.11,145.48
2015-11-30,8320.61,13170.98,143.78
2015-12-01,8463.3,13396.84,147.48
2015-12-02,8457.4,13387.49,147.45
2015-12-03,8456.06,13385.38,147.13
2015-12-04,8398.6,13294.42,148.4
2015-12-07,8454.27,13382.54,149.81
2015-12-08,8343.86,13207.77,147.5
2015-12-09,8229.62,13026.93,143.53
2015-12-10,8216.17,13005.65,143.5
2015-12-11,8115.89,12846.91,139.44
2015-12-14,8040.16,12727.03,138.62
2015-12-15,8073.35,12779.57,142.48
2015-12-16,8184.66,12955.77,144.59
2015-12-17,8319.67,13169.48,148.01
2015-12-18,8257.32,13070.79,147.97
2015-12-21,8282.17,13110.11,148.32
2015-12-22,8292.74,13126.86,147.55
2015-12-23,8315.7,13163.19,146.21
2015-12-24,8324.36,13176.9,144.56
2015-12-25,8363.28,13238.52,145.91
2015-12-28,8358.49,13230.93,145.84
2015-12-29,8293.91,13128.71,145.41
2015-12-30,8279.99,13106.66,145.16
2015-12-31,8338.06,13198.59,145.98
2016-01-04,8114.26,12844.34,143.51
2016-01-05,8075.11,12782.35,143.82
2016-01-06,7990.39,12648.25,141.75
2016-01-07,7852.06,12429.29,136.29
2016-01-08,7893.97,12495.63,138.27
2016-01-11,7788.42,12328.55,134.19
2016-01-12,7768.45,12296.93,130.24
2016-01-13,7824.61,12385.83,132.0
2016-01-14,7742.88,12256.45,129.59
2016-01-15,7762.01,12286.75,130.91
2016-01-18,7811.18,12364.57,135.15
2016-01-19,7854.88,12433.75,136.74
2016-01-20,7699.12,12187.2,131.82
2016-01-21,7664.01,12131.61,131.59
2016-01-22,7756.18,12277.51,131.82
2016-01-25,7894.15,12495.91,134.72
2016-01-26,7828.67,12392.26,135.12
2016-01-27,7849.83,12425.75,134.77
2016-01-28,7905.1,12513.24,137.07
2016-01-29,8080.6,12791.05,139.54
2016-01-30,8145.21,12893.32,141.83
2016-02-01,8156.96,12911.93,141.72
2016-02-02,8131.24,12871.2,142.05
2016-02-03,8063.0,12763.19,140.37
2016-02-15,8066.51,12768.75,140.6
2016-02-16,8212.07,12999.16,142.8
2016-02-17,8214.25,13002.6,143.03
2016-02-18,8314.67,13161.56,145.51
2016-02-19,8325.04,13177.98,146.1
2016-02-22,8326.68,13180.58,146.11
2016-02-23,8334.64,13193.18,146.31
2016-02-24,8282.86,13111.21,144.83
2016-02-25,8365.86,13242.6,144.27
2016-02-26,8411.16,13314.3,145.56
2016-03-01,8485.69,13432.27,149.12
2016-03-02,8544.05,13524.65,149.44
2016-03-03,8611.79,13631.89,147.96
2016-03-04,8643.55,13682.17,148.06
2016-03-07,8659.55,13707.48,147.77
2016-03-08,8664.31,13715.02,147.92
2016-03-09,8634.11,13667.22,148.75
2016-03-10,8660.7,13709.32,148.68
2016-03-11,8706.14,13781.24,150.07
2016-03-14,8747.9,13847.34,151.49
2016-03-15,8611.18,13630.92,148.4
2016-03-16,8699.14,13770.16,150.53
2016-03-17,8734.54,13826.18,149.29
2016-03-18,8810.71,13946.77,151.08
2016-03-21,8812.7,13949.92,152.44
2016-03-22,8785.68,13907.14,151.03
2016-03-23,8766.09,13876.13,149.2
2016-03-24,8743.38,13840.19,148.87
2016-03-25,8704.97,13779.38,148.47
2016-03-28,8690.45,13756.4,147.74
2016-03-29,8617.35,13640.69,145.7
2016-03-30,8737.04,13830.15,148.24
2016-03-31,8744.83,13842.48,148.88
2016-04-01,8657.55,13704.33,148.45
2016-04-06,8513.3,13475.98,147.3
2016-04-07,8490.25,13439.5,146.24
2016-04-08,8541.5,13520.62,147.21
2016-04-11,8562.59,13554.0,147.21
2016-04-12,8531.18,13504.28,144.21
2016-04-13,8652.08,13695.67,145.55
2016-04-14,8667.71,13720.4,145.84
2016-04-15,8700.39,13772.14,145.35
2016-04-18,8666.01,13717.71,145.58
2016-04-19,8633.72,13666.6,145.45
2016-04-20,8514.48,13477.84,144.39
2016-04-21,8568.65,13563.59,145.67
2016-04-22,8535.75,13511.51,143.86
2016-04-25,8560.28,13550.35,145.26
2016-04-26,8581.57,13584.04,145.68
2016-04-27,8563.05,13554.74,143.99
2016-04-28,8473.87,13413.57,143.74
2016-04-29,8377.9,13261.65,142.3
2016-05-03,8294.12,13129.04,141.78
2016-05-04,8185.47,12957.15,140.3
2016-05-05,8167.96,12929.43,141.26
2016-05-06,8146.43,12895.87,138.84
2016-05-09,8131.83,12872.76,136.36
2016-05-10,8156.29,12911.48,136.37
2016-05-11,8135.56,12878.78,136.14
2016-05-12,8108.05,12835.23,132.62
2016-05-13,8053.69,12749.18,134.04
2016-05-16,8067.6,12771.19,134.77
2016-05-17,8140.48,12886.55,138.07
2016-05-18,8159.68,12916.95,139.09
2016-05-19,8095.98,12816.12,136.77
2016-05-20,8131.26,12871.97,137.57
2016-05-23,8344.44,13209.44,140.93
2016-05-24,8300.66,13140.13,140.24
2016-05-25,8396.2,13291.38,141.9
2016-05-26,8394.12,13288.09,142.68
2016-05-27,8463.61,13398.19,143.32
2016-05-30,8535.87,13512.57,144.66
2016-05-31,8535.59,13512.13,145.81
2016-06-01,8597.16,13609.6,146.34
2016-06-02,8556.02,13544.71,143.59
2016-06-03,8587.36,13598.38,143.88
2016-06-04,8591.57,13605.05,144.3
2016-06-06,8597.11,13613.81,144.25
2016-06-07,8679.9,13744.93,145.84
2016-06-08,8715.48,13801.32,144.93
2016-06-13,8536.22,13517.66,143.13
2016-06-14,8576.12,13581.06,144.88
2016-06-15,8606.37,13629.59,145.3
2016-06-16,8494.14,13452.09,145.54
2016-06-17,8568.08,13569.18,145.57
2016-06-20,8625.92,13661.23,146.72
2016-06-21,8684.85,13756.79,147.13
2016-06-22,8716.25,13807.06,147.65
2016-06-23,8676.68,13751.3,146.52
2016-06-24,8476.99,13436.89,141.79
2016-06-27,8458.87,13520.95,142.63
2016-06-28,8505.51,13596.83,143.6
2016-06-29,8586.56,13728.77,144.98
2016-06-30,8666.58,13869.89,145.54
2016-07-01,8738.24,13986.37,145.06
2016-07-04,8760.58,14044.9,145.37
2016-07-05,8716.07,13977.7,145.29
2016-07-06,8575.75,13766.24,143.09
2016-07-07,8640.91,13888.96,143.26
2016-07-11,8786.47,14128.03,143.8
2016-07-12,8841.46,14234.16,144.89
2016-07-13,8857.75,14282.59,145.37
2016-07-14,8866.36,14308.93,144.5
2016-07-15,8949.85,14457.21,145.07
2016-07-18,9008.21,14558.82,145.71
2016-07-19,9034.87,14619.8,145.3
2016-07-20,9007.68,14580.73,144.52
2016-07-21,9056.56,14700.09,145.72
2016-07-22,9013.14,14630.38,145.81
2016-07-25,8991.67,14603.09,145.35
2016-07-26,9024.79,14670.69,146.62
2016-07-27,9063.39,14735.18,146.51
2016-07-28,9076.64,14762.78,145.85
2016-07-29,8984.41,14622.84,146.13
2016-08-01,9080.71,14792.04,147.97
2016-08-02,9068.76,14784.5,147.39
2016-08-03,9001.71,14680.28,146.56
2016-08-04,9024.71,14729.33,147.03
2016-08-05,9092.12,14852.69,147.61
2016-08-08,9150.26,14948.55,146.99
2016-08-09,9155.08,14961.36,145.22
2016-08-10,9200.42,15040.79,145.53
2016-08-11,9131.83,14934.16,145.48
2016-08-12,9150.39,14966.08,145.89
2016-08-15,9148.51,14983.13,146.81
2016-08-16,9110.36,14922.77,147.12
2016-08-17,9117.7,14936.23,145.49
2016-08-18,9122.5,14955.63,146.71
2016-08-19,9034.27,14812.62,145.91
2016-08-22,8981.81,14728.54,144.83
2016-08-23,9030.93,14809.36,145.91
2016-08-24,9017.38,14795.69,145.69
2016-08-25,9115.47,14961.95,146.32
2016-08-26,9131.72,14990.27,145.71
2016-08-29,9110.17,14957.62,145.61
2016-08-30,9110.56,14962.15,146.38
2016-08-31,9068.85,14899.62,147.46
2016-09-01,9001.15,14790.74,146.74
2016-09-02,8987.55,14806.99,144.55
2016-09-05,9090.13,14976.43,145.27
2016-09-06,9181.85,15127.54,146.94
2016-09-07,9259.07,15255.14,148.76
2016-09-08,9262.89,15267.19,149.33
2016-09-09,9164.88,15105.64,148.47
2016-09-10,9053.69,14922.56,146.05
2016-09-12,8947.06,14746.96,145.58
2016-09-13,8940.83,14736.69,144.64
2016-09-14,8902.3,14673.19,145.01
2016-09-19,9152.88,15086.19,146.81
2016-09-20,9161.58,15101.1,147.15
2016-09-21,9228.5,15211.41,147.86
2016-09-22,9235.26,15222.78,148.09
2016-09-23,9284.62,15304.14,148.79
2016-09-26,9194.52,15156.06,148.32
2016-09-29,9270.9,15281.96,148.69
2016-09-30,9166.85,15110.44,148.52
2016-10-03,9234.2,15221.46,149.99
2016-10-04,9287.77,15309.76,150.18
2016-10-05,9272.28,15284.23,149.5
2016-10-06,9284.31,15304.15,150.48
2016-10-07,9265.81,15273.65,149.79
2016-10-11,9219.82,15198.21,147.2
2016-10-12,9252.6,15252.23,147.13
2016-10-13,9219.17,15197.13,146.34
2016-10-14,9165.17,15108.11,144.25
2016-10-17,9176.22,15126.32,145.27
2016-10-18,9222.58,15203.14,146.31
2016-10-19,9283.99,15304.5,146.96
2016-10-20,9317.24,15359.37,147.24
2016-10-21,9306.57,15341.77,147.2
2016-10-24,9322.5,15368.04,146.66
2016-10-25,9385.65,15472.36,147.26
2016-10-26,9362.25,15433.79,147.77
2016-10-27,9299.55,15330.43,147.38
2016-10-28,9306.92,15342.58,145.62
2016-10-31,9290.12,15314.95,144.74
2016-11-01,9272.7,15286.23,144.98
2016-11-02,9139.04,15065.93,140.72
2016-11-03,9067.27,14947.94,139.09
2016-11-04,9068.15,14949.46,138.82
2016-11-07,9189.84,15150.06,139.44
2016-11-08,9217.43,15195.55,138.54
2016-11-09,8943.2,14743.45,133.02
2016-11-10,9152.18,15087.99,138.44
2016-11-11,8957.76,14767.47,136.58
2016-11-14,8940.4,14738.84,135.24
2016-11-15,8931.03,14723.39,134.83
2016-11-16,8962.22,14774.83,134.62
2016-11-17,8995.26,14829.29,134.54
2016-11-18,9008.79,14851.59,135.81
2016-11-21,9041.11,14904.87,135.91
2016-11-22,9133.39,15057.0,137.93
2016-11-23,9178.23,15130.93,137.79
2016-11-24,9152.11,15088.05,137.29
2016-11-25,9159.07,15100.53,137.87
2016-11-28,9222.24,15204.69,138.85
2016-11-29,9192.38,15155.46,138.86
2016-11-30,9240.71,15235.13,138.73
2016-12-01,9263.53,15272.76,137.97
2016-12-02,9189.49,15150.68,136.13
2016-12-05,9160.66,15103.16,136.93
2016-12-06,9250.77,15251.72,138.58
2016-12-07,9263.89,15273.34,139.03
2016-12-08,9375.86,15457.96,140.87
2016-12-09,9392.68,15485.68,140.77
2016-12-12,9349.94,15415.22,139.51
2016-12-13,9382.14,15468.31,139.76
2016-12-14,9368.52,15445.86,141.35
2016-12-15,9360.35,15432.38,141.56
2016-12-16,9326.78,15377.04,142.39
2016-12-19,9239.32,15232.84,141.42
2016-12-20,9242.41,15237.93,141.24
2016-12-21,9204.26,15175.03,140.87
2016-12-22,9118.75,15034.05,140.22
2016-12-23,9078.64,14967.93,139.85
2016-12-26,9110.54,15020.52,140.11
2016-12-27,9109.27,15018.43,140.25
2016-12-28,9201.4,15170.32,141.58
2016-12-29,9153.09,15090.68,141.71
2016-12-30,9253.5,15256.22,142.38
2017-01-03,9272.88,15288.17,142.79
2017-01-04,9286.96,15311.39,143.25
2017-01-05,9358.14,15428.73,144.13
2017-01-06,9372.22,15451.94,144.1
2017-01-09,9342.42,15402.82,142.3
2017-01-10,9349.64,15414.73,142.25
2017-01-11,9345.74,15408.29,141.92
2017-01-12,9410.18,15514.53,142.54
2017-01-13,9378.83,15462.84,142.28
2017-01-16,9292.33,15320.24,141.02
2017-01-17,9354.53,15422.78,141.78
2017-01-18,9341.97,15402.08,142.92
2017-01-19,9318.12,15362.77,143.09
2017-01-20,9331.46,15384.75,142.37
2017-01-23,9424.05,15537.4,143.43
2017-01-24,9447.95,15576.81,143.53
2017-02-02,9428.97,15545.51,145.37
2017-02-03,9455.56,15589.35,147.64
2017-02-06,9538.01,15725.29,149.04
2017-02-07,9554.56,15752.58,149.33
2017-02-08,9543.25,15733.92,150.12
2017-02-09,9590.18,15811.31,151.75
2017-02-10,9665.59,15935.63,150.73
2017-02-13,9710.32,16009.37,151.86
2017-02-14,9718.78,16023.32,151.84
2017-02-15,9799.76,16156.83,152.52
2017-02-16,9771.25,16109.84,152.55
2017-02-17,9759.76,16090.88,153.95
2017-02-18,9779.92,16124.12,156.97
2017-02-20,9753.2,16080.08,154.53
2017-02-21,9763.93,16097.77,154.15
2017-02-22,9778.78,16122.25,154.94
2017-02-23,9769.31,16106.63,156.29
2017-02-24,9750.47,16075.57,155.48
2017-03-01,9674.78,15950.78,153.69
2017-03-02,9691.8,15978.84,153.43
2017-03-03,9648.21,15906.98,153.58
2017-03-06,9682.63,15963.72,154.8
2017-03-07,9738.07,16055.13,155.67
2017-03-08,9753.45,16080.49,154.7
2017-03-09,9658.61,15924.12,153.65
2017-03-10,9627.89,15873.47,152.01
2017-03-13,9697.34,15987.97,153.1
2017-03-14,9744.21,16065.26,153.98
2017-03-15,9740.31,16058.82,153.93
2017-03-16,9837.83,16219.61,154.76
2017-03-17,9908.69,16336.44,156.76
2017-03-20,9912.97,16343.49,157.16
2017-03-21,9972.49,16441.62,156.49
2017-03-22,9922.66,16359.46,157.35
2017-03-23,9930.74,16372.78,157.41
2017-03-24,9902.98,16327.02,156.96
2017-03-27,9876.77,16283.8,155.97
2017-03-28,9876.45,16283.28,154.43
2017-03-29,9856.25,16249.97,155.45
2017-03-30,9848.15,16236.62,155.82
2017-03-31,9811.52,16176.23,155.72
2017-04-05,9949.48,16403.68,157.16
2017-04-06,9897.8,16318.47,156.65
2017-04-07,9873.37,16278.2,156.56
2017-04-10,9882.54,16293.32,156.3
2017-04-11,9832.42,16210.69,153.01
2017-04-12,9817.68,16186.38,152.0
2017-04-13,9836.68,16217.7,150.89
2017-04-14,9732.93,16046.66,147.47
2017-04-17,9716.4,16019.4,147.65
2017-04-18,9746.56,16069.13,149.54
2017-04-19,9639.94,15893.35,149.32
2017-04-20,9632.69,15881.39,148.13
2017-04-21,9717.41,16021.06,148.57
2017-04-24,9717.95,16021.95,146.69
2017-04-25,9841.71,16225.99,149.5
2017-04-26,9856.45,16250.31,150.51
2017-04-27,9860.62,16257.17,150.66
2017-04-28,9872.0,16275.94,151.02
2017-05-02,9941.27,16390.15,151.27
2017-05-03,9955.33,16413.33,150.96
2017-05-04,9967.64,16433.62,151.29
2017-05-05,9899.94,16322.01,149.4
2017-05-08,9937.25,16383.52,148.47
2017-05-09,9915.48,16347.63,146.58
2017-05-10,9968.32,16434.92,148.39
2017-05-11,10001.48,16489.59,149.05
2017-05-12,9986.82,16465.43,149.56
2017-05-15,10036.82,16547.87,151.16
2017-05-16,10031.49,16539.59,150.68
2017-05-17,10013.67,16510.22,150.57
2017-05-18,9969.45,16437.31,150.22
2017-05-19,9947.62,16401.31,150.18
2017-05-22,9997.26,16483.15,150.54
2017-05-23,10007.84,16500.61,151.26
2017-05-24,10044.42,16560.91,153.18
2017-05-25,10108.49,16666.55,154.24
2017-05-26,10101.95,16655.76,154.01
2017-05-31,10040.72,16554.82,154.15
2017-06-01,10087.42,16631.87,154.78
2017-06-02,10152.53,16739.82,156.52
2017-06-03,10158.15,16749.09,157.76
2017-06-05,10226.84,16863.28,159.63
2017-06-06,10206.18,16830.16,160.03
2017-06-07,10209.99,16836.46,160.03
2017-06-08,10225.78,16862.48,161.2
2017-06-09,10199.65,16819.41,160.51
2017-06-12,10109.96,16671.51,159.43
2017-06-13,10128.15,16702.37,158.11
2017-06-14,10072.46,16611.94,155.97
2017-06-15,10088.35,16638.78,156.34
2017-06-16,10156.73,16751.66,156.91
2017-06-19,10250.6,16906.48,157.9
2017-06-20,10324.46,17031.37,157.91
2017-06-21,10349.72,17073.07,158.39
2017-06-22,10399.06,17158.41,159.69
2017-06-23,10377.7,17124.43,159.24
2017-06-26,10513.96,17454.88,161.68
2017-06-27,10512.06,17452.0,161.91
2017-06-28,10390.55,17283.64,160.51
2017-06-29,10421.65,17338.95,160.18
2017-06-30,10395.07,17298.15,160.73
2017-07-03,10412.79,17367.39,160.35
2017-07-04,10347.78,17263.54,159.3
2017-07-05,10404.79,17366.05,159.14
2017-07-06,10368.2,17340.92,158.95
2017-07-07,10297.25,17226.18,157.3
2017-07-10,10289.91,17217.58,157.63
2017-07-11,10415.57,17448.2,158.79
2017-07-12,10420.68,17484.98,161.33
2017-07-13,10460.15,17608.71,162.37
2017-07-14,10443.91,17587.16,164.92
2017-07-17,10457.54,17625.14,165.72
2017-07-18,10481.26,17693.8,168.62
2017-07-19,10506.1,17740.87,168.47
2017-07-20,10499.36,17739.83,168.3
2017-07-21,10436.7,17657.97,168.57
2017-07-24,10461.28,17703.44,168.93
2017-07-25,10463.15,17719.59,170.02
2017-07-26,10419.11,17658.57,170.66
2017-07-27,10508.37,17824.51,170.81
2017-07-28,10423.05,17681.59,168.06
2017-07-31,10427.33,17697.54,168.47
2017-08-01,10437.29,17728.87,168.67
2017-08-02,10519.27,17879.09,169.89
2017-08-03,10469.88,17808.61,169.02
2017-08-04,10506.56,17880.21,168.52
2017-08-07,10579.38,18004.62,170.72
2017-08-08,10568.97,17997.7,169.93
2017-08-09,10470.38,17843.32,165.78
2017-08-10,10329.74,17621.56,162.18
2017-08-11,10329.57,17624.02,163.19
2017-08-14,10225.28,17447.74,159.78
2017-08-15,10311.16,17595.91,162.54
2017-08-16,10290.39,17571.29,163.16
2017-08-17,10369.37,17718.01,165.64
2017-08-18,10321.33,17636.62,165.44
2017-08-21,10326.39,17647.76,165.89
2017-08-22,10392.07,17763.22,166.87
2017-08-23,10406.81,17792.79,167.07
2017-08-24,10488.96,17938.65,168.37
2017-08-25,10515.51,17986.53,168.82
2017-08-28,10525.98,18007.85,168.81
2017-08-29,10496.57,17962.06,169.06
2017-08-30,10569.4,18090.01,169.21
2017-08-31,10585.78,18119.11,170.59
2017-09-01,10594.82,18134.59,171.19
2017-09-04,10569.87,18091.93,170.06
2017-09-05,10617.84,18174.45,172.45
2017-09-06,10547.86,18054.98,171.61
2017-09-07,10538.51,18040.62,169.63
2017-09-08,10609.95,18162.91,171.81
2017-09-11,10572.16,18102.33,170.09
2017-09-12,10610.35,18167.72,171.32
2017-09-13,10532.88,18035.11,170.82
2017-09-14,10553.57,18076.66,173.82
2017-09-15,10580.41,18122.64,174.35
2017-09-18,10631.57,18212.52,175.63
2017-09-19,10576.14,18117.56,174.23
2017-09-20,10519.17,18019.98,173.79
2017-09-21,10578.44,18121.68,175.98
2017-09-22,10449.68,17901.33,173.72
2017-09-25,10335.89,17706.39,171.67
2017-09-26,10257.02,17571.28,167.23
2017-09-27,10326.68,17690.97,170.64
2017-09-28,10296.45,17639.43,170.68
2017-09-29,10329.94,17696.83,169.57
2017-09-30,10383.94,17789.34,171.85
2017-10-02,10465.16,17928.48,173.79
2017-10-03,10469.35,17935.65,174.1
2017-10-05,10518.27,18019.46,176.23
2017-10-06,10532.81,18044.49,175.27
2017-10-11,10641.19,18230.16,175.19
2017-10-12,10711.44,18351.55,178.2
2017-10-13,10724.09,18373.21,178.02
2017-10-16,10774.21,18459.08,177.56
2017-10-17,10723.15,18371.6,176.76
2017-10-18,10720.28,18366.68,175.99
2017-10-19,10760.29,18435.26,178.78
2017-10-20,10728.88,18381.43,178.81
2017-10-23,10735.21,18392.28,179.46
2017-10-24,10743.78,18406.96,180.08
2017-10-25,10750.57,18418.61,179.36
2017-10-26,10734.76,18391.51,180.19
2017-10-27,10709.11,18347.57,175.51
2017-10-30,10756.87,18429.39,176.22
2017-10-31,10793.8,18492.76,179.06
2017-11-01,10806.36,18514.29,181.51
2017-11-02,10788.51,18483.74,182.11
2017-11-03,10800.77,18504.74,182.59
2017-11-06,10786.19,18479.77,181.86
2017-11-07,10840.34,18572.65,182.25
2017-11-08,10818.99,18536.07,184.17
2017-11-09,10743.27,18406.34,181.83
2017-11-10,10732.67,18388.19,183.6
2017-11-13,10683.92,18304.66,183.36
2017-11-14,10687.18,18310.24,184.07
2017-11-15,10630.65,18213.39,184.6
2017-11-16,10625.04,18203.77,185.54
2017-11-17,10701.64,18335.01,188.54
2017-11-20,10664.55,18271.46,188.08
2017-11-21,10779.24,18467.96,191.91
2017-11-22,10822.59,18542.24,191.98
2017-11-23,10854.57,18597.16,191.7
2017-11-24,10854.09,18596.34,191.93
2017-11-27,10750.93,18419.6,191.71
2017-11-28,10707.07,18344.46,192.49
2017-11-29,10713.55,18355.54,195.2
2017-11-30,10560.44,18093.23,193.74
2017-12-01,10600.37,18161.64,190.67
2017-12-04,10651.11,18248.57,191.01
2017-12-05,10566.85,18104.22,185.78
2017-12-06,10393.92,17807.92,181.13
2017-12-07,10355.76,17742.55,178.95
2017-12-08,10398.62,17815.99,184.25
2017-12-11,10473.09,17943.57,188.73
2017-12-12,10443.28,17892.5,189.01
2017-12-13,10470.7,17939.47,188.94
2017-12-14,10538.01,18055.1,188.07
2017-12-15,10491.44,17975.3,187.1
2017-12-18,10506.52,18001.14,187.97
2017-12-19,10467.34,17934.02,187.92
2017-12-20,10504.52,17997.71,190.08
2017-12-21,10488.97,17971.08,189.67
2017-12-22,10537.27,18053.82,189.69
2017-12-25,10522.49,18028.5,189.27
2017-12-26,10421.91,17856.19,184.1
2017-12-27,10486.67,17967.13,184.93
2017-12-28,10567.64,18105.87,189.13
2017-12-29,10642.86,18234.75,189.34
2018-01-02,10710.73,18351.03,188.83
2018-01-03,10801.57,18506.67,193.46
2018-01-04,10848.63,18587.3,194.94
2018-01-05,10879.8,18640.7,195.32
2018-01-08,10915.75,18702.3,194.54
2018-01-09,10914.89,18700.83,192.14
2018-01-10,10831.09,18557.24,189.53
2018-01-11,10810.06,18521.21,190.29
2018-01-12,10883.96,18647.82,190.27
2018-01-15,10956.31,18771.78,191.62
2018-01-16,10986.11,18822.84,192.76
2018-01-17,11004.8,18854.87,193.24
2018-01-18,11071.57,18969.26,194.23
2018-01-19,11150.85,19105.09,193.35
2018-01-22,11231.46,19243.21,197.3
2018-01-23,11253.11,19280.3,194.84
2018-01-24,11152.16,19107.34,194.81
2018-01-25,11165.95,19130.97,191.81
2018-01-26,11147.1,19098.67,191.79
2018-01-29,11221.81,19226.67,193.62
2018-01-30,11076.78,18978.19,192.09
2018-01-31,11103.79,19024.46,193.96
2018-02-01,11160.25,19121.21,193.01
2018-02-02,11126.23,19062.91,192.19
2018-02-05,10946.25,18754.55,188.74
2018-02-06,10404.0,17825.49,174.76
2018-02-07,10551.54,18078.29,180.46
2018-02-08,10528.52,18038.84,177.98
2018-02-09,10371.75,17770.24,176.98
2018-02-12,10421.09,17854.78,176.52
2018-02-21,10714.44,18357.38,183.5
2018-02-22,10662.38,18268.19,182.93
2018-02-23,10794.55,18494.63,185.28
2018-02-26,10836.7,18566.86,186.68
2018-02-27,10815.47,18530.49,185.93
2018-03-01,10785.79,18479.63,185.68
2018-03-02,10698.17,18329.51,183.14
2018-03-05,10642.9,18234.8,180.18
2018-03-06,10784.34,18477.15,183.87
2018-03-07,10745.32,18410.3,184.13
2018-03-08,10823.24,18543.8,186.93
2018-03-09,10864.82,18615.03,187.49
2018-03-12,11002.1,18850.23,191.16
2018-03-13,11095.63,19010.49,193.95
2018-03-14,11038.8,18913.13,193.39
2018-03-15,11018.45,18878.25,194.76
2018-03-16,11027.7,18894.1,194.7
2018-03-19,11046.9,18927.0,194.05
2018-03-20,11010.84,18865.21,193.2
2018-03-21,11011.07,18865.6,193.95
2018-03-22,11005.84,18856.65,191.76
2018-03-23,10823.33,18543.95,186.88
2018-03-26,10840.05,18572.59,189.17
2018-03-27,10986.79,18824.0,192.07
2018-03-28,10865.66,18616.48,190.3
2018-03-29,10845.92,18582.66,191.69
2018-03-30,10906.22,18685.97,193.11
2018-03-31,10919.49,18708.7,192.78
2018-04-02,10888.27,18655.21,191.15
2018-04-03,10821.53,18540.87,189.72
2018-04-09,10893.53,18664.23,189.1
2018-04-10,10927.18,18721.88,187.59
2018-04-11,10974.02,18802.14,188.38
2018-04-12,10955.29,18770.03,188.95
2018-04-13,10965.39,18787.35,190.37
2018-04-16,10954.55,18768.77,192.32
2018-04-17,10810.45,18521.88,187.42
2018-04-18,10847.89,18586.02,187.51
2018-04-19,10971.22,18797.34,188.61
2018-04-20,10779.38,18468.64,185.61
2018-04-23,10697.13,18327.73,181.96
2018-04-24,10579.5,18126.19,174.65
2018-04-25,10559.97,18092.73,174.02
2018-04-26,10488.58,17970.41,170.2
2018-04-27,10553.43,18081.52,172.02
2018-04-30,10657.88,18260.48,173.69
2018-05-02,10618.81,18193.54,176.17
2018-05-03,10514.18,18014.28,174.37
2018-05-04,10529.37,18040.3,172.54
2018-05-07,10604.91,18169.72,173.55
2018-05-08,10691.38,18317.87,174.83
2018-05-09,10703.35,18338.52,175.57
2018-05-10,10760.21,18435.94,178.45
2018-05-11,10858.98,18605.16,180.3
2018-05-14,10952.39,18765.2,187.33
2018-05-15,10874.73,18632.15,184.15
2018-05-16,10897.57,18671.28,185.08
2018-05-17,10833.81,18562.03,183.73
2018-05-18,10830.84,18556.95,183.63
2018-05-21,10966.2,18789.19,185.76
2018-05-22,10938.73,18742.14,184.63
2018-05-23,10886.18,18652.1,183.59
2018-05-24,10936.93,18739.05,185.06
2018-05-25,10942.3,18748.25,187.16
2018-05-28,10987.77,18826.15,189.19
2018-05-29,10964.12,18785.63,188.13
2018-05-30,10821.17,18540.71,187.57
2018-05-31,10874.96,18632.87,188.12
2018-06-01,10949.08,18760.39,187.94
2018-06-04,11109.5,19035.91,190.69
2018-06-05,11100.11,19020.82,189.04
2018-06-06,11201.83,19195.12,191.88
2018-06-07,11251.75,19281.07,191.09
2018-06-08,11156.42,19117.71,187.86
2018-06-11,11149.23,19105.39,188.51
2018-06-12,11144.79,19098.15,189.19
2018-06-13,11173.21,19146.88,187.74
2018-06-14,11013.98,18874.83,187.49
2018-06-15,11087.47,19003.56,187.34
2018-06-19,10904.19,18690.5,182.57
2018-06-20,10927.44,18730.93,181.45
2018-06-21,10941.07,18758.61,183.86
2018-06-22,10899.28,18687.13,181.06
2018-06-25,10786.46,18612.93,179.98
2018-06-26,10742.17,18569.28,180.47
2018-06-27,10701.03,18499.01,180.81
2018-06-28,10654.28,18427.69,177.32
2018-06-29,10836.91,18744.53,179.89
2018-07-02,10777.94,18654.33,178.58
2018-07-03,10715.72,18556.03,175.34
2018-07-04,10721.87,18612.95,173.0
2018-07-05,10611.81,18453.79,169.48
2018-07-06,10608.57,18453.63,171.02
2018-07-09,10720.28,18681.78,172.11
2018-07-10,10756.89,18788.69,176.0
2018-07-11,10676.84,18685.73,175.01
2018-07-12,10738.38,18823.22,176.82
2018-07-13,10864.54,19055.59,179.75
2018-07-16,10817.45,18978.76,180.78
2018-07-17,10778.99,18922.8,178.74
2018-07-18,10842.46,19043.68,178.41
2018-07-19,10835.38,19038.74,180.08
2018-07-20,10932.11,19211.06,178.54
2018-07-23,10946.89,19266.21,174.35
2018-07-24,10995.39,19354.95,176.67
2018-07-25,10965.79,19335.32,176.92
2018-07-26,11010.61,19436.93,178.58
2018-07-27,11075.78,19554.47,179.11
2018-07-30,11033.54,19497.77,175.34
2018-07-31,11057.51,19552.69,176.25
2018-08-01,11098.13,19645.48,176.67
2018-08-02,10929.77,19370.81,173.07
2018-08-03,11012.43,19520.38,176.83
2018-08-06,11024.1,19542.06,178.69
2018-08-07,10983.44,19470.59,179.96
2018-08-08,11075.25,19636.72,177.82
2018-08-09,11028.07,19569.52,175.9
2018-08-10,10983.68,19510.42,174.74
2018-08-13,10748.92,19093.8,166.15
2018-08-14,10824.23,19232.48,169.93
2018-08-15,10716.75,19045.41,166.18
2018-08-16,10683.9,18997.39,166.04
2018-08-17,10690.96,19011.58,164.86
2018-08-20,10699.05,19026.21,161.51
2018-08-21,10792.2,19203.1,165.09
2018-08-22,10804.2,19233.18,163.69
2018-08-23,10863.13,19341.04,163.23
2018-08-24,10809.35,19249.4,161.02
2018-08-27,10902.21,19417.98,164.72
2018-08-28,10989.55,19575.62,165.73
2018-08-29,11099.57,19773.5,166.56
2018-08-30,11093.75,19769.4,168.09
2018-08-31,11063.94,19716.61,168.43
2018-09-03,10964.22,19539.04,163.22
2018-09-04,11021.38,19643.45,166.77
2018-09-05,10995.13,19598.41,166.53
2018-09-06,10924.3,19476.35,165.53
2018-09-07,10846.99,19340.95,160.17
2018-09-10,10725.8,19124.87,152.29
2018-09-11,10752.3,19172.67,153.25
2018-09-12,10722.57,19120.02,149.13
2018-09-13,10727.23,19128.42,148.0
2018-09-14,10868.14,19379.69,152.49
2018-09-17,10828.61,19309.26,152.61
2018-09-18,10760.21,19192.93,149.59
2018-09-19,10857.27,19366.08,149.42
2018-09-20,10831.41,19322.28,148.1
2018-09-21,10972.41,19573.87,152.32
2018-09-25,10978.85,19585.36,153.26
2018-09-26,10974.19,19577.05,152.05
2018-09-27,11034.19,19684.36,150.17
2018-09-28,11006.34,19634.67,151.3
2018-10-01,11051.8,19715.77,152.88
2018-10-02,10919.63,19479.99,151.13
2018-10-03,10863.94,19380.64,147.61
2018-10-04,10718.91,19121.92,145.96
2018-10-05,10517.12,18761.93,137.57
2018-10-08,10455.93,18652.78,135.36
2018-10-09,10466.83,18672.22,132.01
2018-10-11,9806.11,17493.53,121.69
2018-10-12,10045.81,17921.15,126.64
2018-10-15,9901.12,17663.03,128.02
2018-10-16,9981.1,17805.89,127.57
2018-10-17,9979.14,17802.39,129.54
2018-10-18,9953.73,17757.08,128.4
2018-10-19,9919.26,17695.59,127.62
2018-10-22,9974.28,17793.76,129.49
2018-10-23,9775.2,17438.61,125.4
2018-10-24,9759.4,17410.4,124.09
2018-10-25,9520.79,16984.75,117.98
2018-10-26,9489.18,16928.54,115.09
2018-10-29,9516.32,16976.96,117.51
2018-10-30,9526.11,16994.43,117.8
2018-10-31,9802.13,17486.87,123.39
2018-11-01,9844.74,17562.88,128.98
2018-11-02,9906.59,17673.23,132.17
2018-11-05,9889.81,17643.29,133.09
2018-11-06,9824.95,17527.59,128.82
2018-11-07,9908.35,17676.68,132.46
2018-11-08,9945.31,17742.62,132.22
2018-11-09,9830.01,17536.92,132.13
2018-11-12,9831.21,17539.06,131.31
2018-11-13,9775.84,17440.29,130.52
2018-11-14,9791.88,17468.89,130.2
2018-11-15,9826.46,17530.59,131.5
2018-11-16,9797.09,17478.2,131.37
2018-11-19,9828.69,17534.57,133.05
2018-11-20,9743.99,17383.64,132.6
2018-11-21,9741.52,17379.23,135.56
2018-11-22,9714.71,17331.4,133.68
2018-11-23,9667.3,17246.81,131.75
2018-11-26,9765.36,17421.79,134.31
2018-11-27,9778.62,17445.68,139.72
2018-11-28,9884.31,17634.48,143.03
2018-11-29,9885.36,17636.36,145.52
2018-11-30,9888.03,17641.12,146.69
2018-12-03,10137.87,18086.85,152.57
2018-12-04,10083.54,17989.93,150.2
2018-12-05,9916.74,17692.34,146.31
2018-12-06,9684.72,17278.4,139.7
2018-12-07,9760.88,17414.27,141.51
2018-12-10,9647.54,17212.06,138.68
2018-12-11,9707.04,17318.22,140.04
2018-12-12,9816.45,17513.41,143.99
2018-12-13,9858.76,17588.89,144.79
2018-12-14,9774.16,17437.96,143.28
2018-12-17,9787.53,17461.81,143.23
2018-12-18,9718.82,17339.23,141.73
2018-12-19,9783.21,17454.11,140.39
2018-12-20,9674.52,17260.2,137.16
2018-12-21,9676.67,17264.04,139.11
2018-12-22,9646.16,17209.6,138.43
2018-12-24,9639.7,17198.08,138.45
2018-12-25,9527.09,16997.17,136.84
2018-12-26,9478.99,16911.35,135.15
2018-12-27,9641.56,17201.4,138.81
2018-12-28,9727.41,17354.55,137.99
2019-01-02,9554.14,17045.43,139.59
2019-01-03,9492.42,16935.32,136.96
2019-01-04,9382.51,16739.23,135.47
2019-01-07,9590.3,17109.94,138.1
2019-01-08,9563.6,17062.3,138.09
2019-01-09,9738.31,17374.0,139.4
2019-01-10,9720.69,17342.57,140.08
2019-01-11,9759.4,17411.63,139.78
2019-01-14,9708.22,17320.31,138.01
2019-01-15,9806.04,17494.85,140.75
2019-01-16,9763.81,17419.5,141.21
2019-01-17,9789.15,17464.7,139.81
2019-01-18,9836.06,17548.39,140.95
2019-01-21,9889.4,17643.56,142.56
2019-01-22,9894.66,17652.95,142.21
2019-01-23,9846.4,17566.84,142.66
2019-01-24,9877.12,17621.65,143.31
2019-01-25,9969.61,17786.66,145.56
2019-01-28,10013.33,17864.67,146.41
2019-01-29,9931.59,17718.82,145.88
2019-01-30,9932.26,17720.03,147.2
2019-02-11,10004.25,17848.46,150.37
2019-02-12,10097.74,18015.26,152.84
2019-02-13,10090.58,18002.48,154.78
2019-02-14,10089.01,17999.69,155.27
2019-02-15,10064.78,17956.45,154.61
2019-02-18,10145.28,18100.07,155.31
2019-02-19,10152.26,18112.53,156.09
2019-02-20,10272.46,18326.97,157.39
2019-02-21,10319.53,18410.95,157.2
2019-02-22,10322.92,18417.0,155.9
2019-02-25,10390.93,18538.33,156.95
2019-02-26,10391.55,18539.45,157.16
2019-02-27,10389.17,18535.19,157.49
2019-03-04,10349.88,18465.1,158.07
2019-03-05,10305.26,18385.48,157.37
2019-03-06,10357.15,18478.07,157.77
2019-03-07,10311.68,18396.95,153.57
2019-03-08,10241.75,18272.19,153.31
2019-03-11,10250.28,18287.4,153.37
2019-03-12,10343.33,18453.41,153.52
2019-03-13,10373.32,18506.92,153.05
2019-03-14,10348.65,18462.9,153.95
2019-03-15,10439.24,18624.52,155.58
2019-03-18,10512.7,18755.58,156.49
2019-03-19,10512.32,18754.9,157.51
2019-03-20,10551.56,18824.92,157.96
2019-03-21,10609.55,18928.38,158.65
2019-03-22,10639.07,18981.04,159.32
2019-03-25,10479.48,18696.31,156.94
2019-03-26,10559.2,18838.55,159.15
2019-03-27,10542.7,18809.1,158.59
2019-03-28,10536.26,18797.62,159.14
2019-03-29,10641.04,18984.56,161.32
2019-04-01,10642.63,18987.39,162.73
2019-04-02,10690.3,19072.43,163.78
2019-04-03,10704.38,19097.57,164.26
2019-04-08,10800.57,19269.18,166.78
2019-04-09,10851.6,19360.21,166.6
2019-04-10,10868.14,19389.72,166.35
2019-04-11,10808.77,19283.8,164.8
2019-04-12,10805.3,19277.6,162.34
2019-04-15,10875.6,19403.03,164.48
2019-04-16,10927.85,19496.24,166.05
2019-04-17,10997.26,19620.09,167.6
2019-04-18,10962.02,19557.2,167.82
2019-04-19,10968.5,19568.77,169.2
2019-04-22,10987.71,19603.05,169.67
2019-04-23,11025.68,19670.79,169.24
2019-04-24,11027.64,19674.28,169.61
2019-04-25,11039.86,19696.08,170.33
2019-04-26,10952.47,19540.17,166.5
2019-04-29,10939.06,19516.25,163.12
2019-04-30,10967.73,19567.4,164.22
2019-05-02,11004.49,19632.97,165.47
2019-05-03,11096.3,19796.78,167.61
2019-05-06,10897.12,19441.43,162.96
2019-05-07,10987.14,19602.03,165.95
2019-05-08,10923.71,19488.95,165.42
2019-05-09,10733.67,19149.9,161.43
2019-05-10,10712.99,19113.0,161.58
2019-05-13,10558.29,18837.01,157.82
2019-05-14,10519.25,18767.35,158.07
2019-05-15,10560.71,18841.31,159.31
2019-05-16,10474.61,18687.72,155.78
2019-05-17,10384.11,18526.25,151.53
2019-05-20,10398.41,18551.76,149.99
2019-05-21,10464.5,18669.67,151.1
2019-05-22,10457.22,18656.68,151.21
2019-05-23,10308.37,18391.65,148.92
2019-05-24,10328.28,18427.17,148.48
2019-05-27,10334.13,18437.61,147.54
2019-05-28,10312.31,18398.68,147.92
2019-05-29,10301.78,18379.89,147.4
2019-05-30,10382.99,18524.78,148.54
2019-05-31,10498.49,18730.94,152.06
2019-06-03,10500.07,18734.92,150.99
2019-06-04,10429.12,18608.32,149.72
2019-06-05,10461.62,18666.31,149.58
2019-06-06,10409.2,18572.78,147.79
2019-06-10,10566.47,18853.39,151.72
2019-06-11,10607.76,18927.06,152.98
2019-06-12,10615.66,18941.41,153.71
2019-06-13,10561.01,18844.64,154.43
2019-06-14,10524.67,18780.55,152.5
2019-06-17,10530.54,18791.94,153.83
2019-06-18,10566.74,18859.26,153.92
2019-06-19,10775.34,19233.88,157.74
2019-06-20,10785.01,19278.58,159.2
2019-06-21,10803.77,19312.11,158.88
2019-06-24,10779.45,19394.94,159.24
2019-06-25,10706.72,19265.78,157.0
2019-06-26,10652.55,19191.67,157.13
2019-06-27,10773.9,19414.25,158.18
2019-06-28,10730.83,19337.63,158.86
2019-07-01,10895.46,19650.99,164.38
2019-07-02,10865.12,19637.41,164.78
2019-07-03,10743.77,19448.42,162.73
2019-07-04,10775.9,19544.38,163.41
2019-07-05,10785.73,19566.46,163.66
2019-07-08,10751.22,19532.87,163.34
2019-07-09,10702.78,19465.86,162.69
2019-07-10,10798.48,19645.53,163.54
2019-07-11,10843.42,19757.53,164.85
2019-07-12,10824.35,19728.58,164.02
2019-07-15,10876.43,19844.62,166.0
2019-07-16,10886.05,19886.65,165.88
2019-07-17,10828.48,19785.38,163.99
2019-07-18,10799.28,19740.32,162.03
2019-07-19,10873.19,19883.45,164.11
2019-07-22,10944.53,20027.2,166.9
2019-07-23,10947.26,20037.9,167.68
2019-07-24,10935.76,20028.94,169.22
2019-07-25,10941.41,20120.61,169.62
2019-07-26,10891.98,20032.69,169.21
2019-07-29,10885.73,20033.05,167.34
2019-07-30,10830.9,19933.84,164.77
2019-07-31,10823.81,19938.27,165.0
2019-08-01,10731.75,19784.89,164.49
2019-08-02,10549.04,19450.09,160.71
2019-08-05,10423.41,19219.3,158.04
2019-08-06,10394.75,19176.89,158.91
2019-08-07,10386.18,19164.33,158.46
2019-08-08,10494.49,19372.55,160.76
2019-08-12,10472.36,19360.92,160.94
2019-08-13,10362.66,19176.5,159.0
2019-08-14,10427.73,19306.45,159.92
2019-08-15,10327.13,19125.64,157.35
2019-08-16,10420.89,19299.26,158.61
2019-08-19,10488.75,19426.65,162.23
2019-08-20,10522.5,19493.72,162.32
2019-08-21,10525.8,19503.83,163.32
2019-08-22,10529.78,19512.96,161.94
2019-08-23,10538.11,19532.52,161.75
2019-08-26,10354.57,19208.29,157.07
2019-08-27,10387.23,19274.58,158.17
2019-08-28,10434.29,19365.75,158.44
2019-08-29,10462.43,19424.64,159.56
2019-08-30,10618.05,19714.34,160.52
2019-09-02,10634.85,19747.08,161.58
2019-09-03,10558.21,19605.96,161.62
2019-09-04,10657.31,19790.44,163.59
2019-09-05,10756.93,19979.16,163.99
2019-09-06,10780.64,20023.69,164.17
2019-09-09,10801.14,20062.05,163.74
2019-09-10,10753.58,19973.71,161.97
2019-09-11,10790.35,20042.62,162.77
2019-09-12,10827.55,20111.71,164.28
2019-09-16,10898.13,20248.6,163.62
2019-09-17,10874.5,20204.79,164.12
2019-09-18,10929.45,20306.99,166.03
2019-09-19,10894.7,20274.61,167.14
2019-09-20,10929.69,20339.81,167.89
2019-09-23,10919.02,20319.98,168.61
2019-09-24,10918.01,20318.25,167.7
2019-09-25,10873.69,20235.92,166.9
2019-09-26,10871.99,20233.0,165.94
2019-09-27,10829.68,20154.27,163.36
2019-10-01,10967.65,20411.12,164.94
2019-10-02,10947.88,20377.6,166.36
2019-10-03,10875.91,20243.63,166.71
2019-10-04,10894.48,20278.19,166.58
2019-10-07,10935.06,20353.73,167.53
2019-10-08,11017.31,20506.82,166.53
2019-10-09,10889.96,20269.96,165.28
2019-10-14,11066.95,20599.41,169.01
2019-10-15,11111.8,20682.89,169.84
2019-10-16,11162.83,20777.88,169.23
2019-10-17,11186.88,20822.69,171.23
2019-10-18,11180.22,20810.3,171.55
2019-10-21,11184.15,20817.62,171.93
2019-10-22,11271.25,20979.74,172.32
2019-10-23,11239.67,20920.95,172.13
2019-10-24,11320.14,21070.74,174.44
2019-10-25,11296.12,21026.13,173.62
2019-10-28,11315.02,21061.65,176.99
2019-10-29,11333.87,21096.75,175.2
2019-10-30,11380.28,21183.15,176.2
2019-10-31,11358.71,21142.99,174.44
2019-11-01,11399.53,21218.98,175.57
2019-11-04,11556.85,21513.38,176.92
2019-11-05,11644.03,21675.66,179.37
2019-11-06,11653.07,21692.48,177.03
2019-11-07,11606.56,21605.9,173.37
2019-11-08,11579.54,21555.61,173.41
2019-11-11,11427.28,21272.17,170.17
2019-11-12,11520.37,21445.46,171.52
2019-11-13,11467.83,21347.65,171.68
2019-11-14,11450.42,21315.25,170.64
2019-11-15,11525.6,21455.19,172.69
2019-11-18,11599.78,21593.28,174.18
2019-11-19,11656.4,21698.68,174.24
2019-11-20,11631.2,21651.77,170.6
2019-11-21,11558.27,21516.02,171.83
2019-11-22,11566.8,21531.88,171.87
2019-11-25,11561.58,21522.17,172.81
2019-11-26,11576.82,21550.55,175.56
2019-11-27,11647.46,21682.19,176.46
2019-11-28,11617.08,21625.8,176.31
2019-11-29,11489.57,21388.44,173.97
2019-12-02,11502.83,21413.13,172.81
2019-12-03,11531.58,21466.65,173.52
2019-12-04,11510.47,21427.33,173.72
2019-12-05,11594.65,21584.04,177.0
2019-12-06,11609.64,21611.96,177.96
2019-12-09,11660.77,21707.13,178.55
2019-12-10,11627.84,21645.83,177.8
2019-12-11,11700.77,21781.6,178.68
2019-12-12,11836.42,22034.28,180.06
2019-12-13,11927.73,22204.27,179.23
2019-12-16,11939.77,22226.67,180.59
2019-12-17,12097.01,22519.39,181.83
2019-12-18,12122.45,22566.75,181.22
2019-12-19,12018.9,22413.94,179.81
2019-12-20,11959.08,22302.39,178.42
2019-12-23,12022.23,22420.16,179.37
2019-12-24,11976.38,22334.66,179.83
2019-12-25,12008.13,22393.86,181.83
2019-12-26,12001.01,22380.58,182.44
2019-12-27,12091.59,22549.52,183.18
2019-12-30,12053.37,22478.22,183.54
2019-12-31,11997.14,22373.36,183.01
2020-01-02,12100.48,22566.08,186.01
2020-01-03,12110.43,22584.65,182.36
2020-01-06,11953.36,22291.72,179.35
2020-01-07,11880.32,22155.51,178.01
2020-01-08,11817.1,22037.6,175.44
2020-01-09,11970.63,22323.92,178.92
2020-01-10,12024.65,22424.68,179.01
2020-01-13,12113.42,22590.21,181.34
2020-01-14,12179.81,22714.03,183.9
2020-01-15,12091.88,22550.04,183.51
2020-01-16,12066.93,22503.52,183.76
2020-01-17,12090.29,22547.09,183.19
2020-01-20,12118.71,22600.08,184.19
2020-01-30,11421.74,21300.31,171.01
2020-01-31,11495.1,21437.11,172.5
2020-02-03,11354.92,21175.7,169.1
2020-02-04,11555.92,21550.55,173.31
2020-02-05,11573.62,21583.55,174.55
2020-02-06,11749.68,21911.88,177.6
2020-02-07,11612.81,21656.63,175.36
2020-02-10,11574.07,21584.38,173.92
2020-02-11,11664.04,21752.18,177.8
2020-02-12,11774.19,21957.59,181.12
2020-02-13,11791.78,21990.39,181.3
2020-02-14,11815.7,22035.0,184.04
2020-02-17,11763.51,21937.67,182.3
2020-02-18,11648.98,21724.09,180.01
2020-02-19,11758.84,21928.96,182.61
2020-02-20,11725.09,21866.74,183.87
2020-02-21,11686.35,21794.5,183.46
2020-02-24,11534.87,21512.0,181.5
2020-02-25,11540.23,21521.99,182.08
2020-02-26,11433.62,21323.17,179.59
2020-02-27,11292.17,21059.37,174.09
2020-03-02,11170.46,20832.38,174.5
2020-03-03,11327.72,21125.66,177.47
2020-03-04,11392.35,21246.2,176.12
2020-03-05,11514.82,21474.61,181.13
2020-03-06,11321.81,21114.65,179.11
2020-03-09,10977.64,20472.79,170.04
2020-03-10,11003.54,20521.09,171.38
2020-03-11,10893.75,20316.33,167.0
2020-03-12,10422.32,19437.49,155.75
2020-03-13,10128.87,18890.22,151.75
2020-03-16,9717.77,18123.61,143.66
2020-03-17,9439.63,17604.87,137.63
2020-03-18,9218.67,17192.79,135.17
2020-03-19,8681.34,16228.6,123.97
2020-03-20,9234.09,17262.09,133.25
2020-03-23,8890.03,16618.9,129.71
2020-03-24,9285.62,17358.42,137.46
2020-03-25,9644.75,18029.76,143.6
2020-03-26,9736.36,18201.16,146.87
2020-03-27,9698.92,18132.19,145.79
2020-03-30,9629.43,18002.36,146.19
2020-03-31,9708.06,18149.52,146.61
2020-04-01,9663.63,18066.47,147.4
2020-04-06,9818.74,18356.45,151.91
2020-04-07,9996.39,18688.58,155.05
2020-04-08,10137.47,18952.66,157.84
2020-04-09,10119.43,18922.57,155.8
2020-04-10,10157.61,18993.95,156.73
2020-04-13,10099.22,18884.77,155.19
2020-04-14,10332.94,19321.8,159.32
2020-04-15,10447.21,19535.48,161.29
2020-04-16,10375.48,19401.34,161.35
2020-04-17,10597.04,19815.66,161.3
2020-04-20,10586.71,19796.34,162.47
2020-04-21,10288.42,19238.56,158.59
2020-04-22,10307.74,19274.78,160.19
2020-04-23,10366.51,19385.51,160.95
2020-04-24,10347.36,19349.7,160.19
2020-04-27,10567.27,19760.92,162.08
2020-04-28,10616.06,19852.16,163.07
2020-04-29,10772.22,20144.18,165.36
2020-04-30,10992.14,20555.45,168.85
2020-05-04,10720.48,20047.43,167.6
2020-05-05,10774.61,20148.65,168.76
2020-05-06,10774.98,20149.35,168.24
2020-05-07,10842.92,20276.39,170.65
2020-05-08,10901.42,20385.8,172.66
2020-05-11,11013.26,20594.93,174.15
2020-05-12,10879.47,20344.75,172.38
2020-05-13,10938.27,20454.71,174.04
2020-05-14,10780.88,20160.38,170.22
2020-05-15,10814.92,20224.04,171.74
2020-05-18,10740.55,20084.97,167.76
2020-05-19,10860.44,20309.17,170.32
2020-05-20,10907.8,20397.73,169.89
2020-05-21,11008.31,20585.68,172.96
2020-05-22,10811.15,20216.98,170.92
2020-05-25,10871.18,20329.25,174.58
2020-05-26,10997.21,20564.92,174.99
2020-05-27,11014.66,20597.56,174.95
2020-05-28,10944.19,20466.81,174.87
2020-05-29,10942.16,20463.0,175.95
2020-06-01,11079.02,20719.37,179.05
2020-06-02,11127.93,20811.58,178.99
2020-06-03,11320.16,21171.1,180.88
2020-06-04,11393.23,21307.75,182.38
2020-06-05,11479.4,21468.9,183.22
2020-06-08,11610.32,21714.0,185.48
2020-06-09,11637.11,21764.92,184.18
2020-06-10,11720.16,21921.72,186.04
2020-06-11,11535.77,21583.83,183.3
2020-06-12,11429.94,21387.58,182.51
2020-06-15,11306.26,21158.29,180.39
2020-06-16,11511.64,21545.48,185.18
2020-06-17,11534.59,21607.63,184.93
2020-06-18,11548.33,21674.97,188.43
2020-06-19,11549.86,21678.39,189.63
2020-06-22,11572.93,21726.25,191.26
2020-06-23,11612.36,21811.11,190.99
2020-06-24,11660.67,21909.4,192.69
2020-06-29,11542.62,21695.37,189.59
2020-06-30,11621.24,21851.5,190.57
2020-07-01,11703.42,22054.55,192.99
2020-07-02,11805.14,22301.84,197.23
2020-07-03,11909.16,22502.26,198.03
2020-07-06,12116.7,22916.04,203.69
2020-07-07,12092.97,22893.68,201.94
2020-07-08,12170.19,23052.12,205.57
2020-07-09,12192.69,23105.57,206.03
2020-07-10,12073.68,22883.01,199.96
2020-07-13,12211.56,23170.84,203.85
2020-07-14,12209.01,23182.75,201.78
2020-07-15,12202.85,23189.68,199.46
2020-07-16,12157.74,23124.32,198.68
2020-07-17,12181.56,23184.28,195.79
2020-07-20,12174.54,23172.59,195.02
2020-07-21,12397.55,23599.11,198.9
2020-07-22,12473.27,23746.09,202.23
2020-07-23,12413.04,23689.48,201.0
2020-07-24,12304.04,23489.96,195.88
2020-07-27,12588.3,24040.46,197.3
2020-07-28,12586.73,24046.28,194.42
2020-07-29,12540.97,23962.29,195.96
2020-07-30,12722.92,24319.37,198.58
2020-07-31,12664.8,24215.43,200.05
2020-08-03,12513.03,23936.23,197.71
2020-08-04,12709.92,24316.14,200.29
2020-08-05,12802.3,24503.19,202.97
2020-08-06,12913.5,24727.43,201.5
2020-08-07,12828.87,24573.63,199.87
2020-08-10,12894.0,24698.5,196.57
2020-08-11,12780.19,24495.14,194.24
2020-08-12,12670.35,24306.81,193.45
2020-08-13,12763.13,24511.76,194.17
2020-08-14,12795.46,24574.0,196.51
2020-08-17,12956.11,24882.56,197.38
2020-08-18,12872.14,24724.04,194.46
2020-08-19,12778.64,24544.98,192.73
2020-08-20,12362.64,23747.14,182.12
2020-08-21,12607.84,24220.29,186.94
2020-08-24,12647.13,24299.76,189.67
2020-08-25,12758.25,24516.25,192.53
2020-08-26,12833.29,24662.81,194.26
2020-08-27,12797.31,24598.19,194.71
2020-08-28,12728.85,24470.55,193.25
2020-08-31,12591.45,24206.96,192.55
2020-09-01,12703.28,24423.75,193.93
2020-09-02,12699.5,24417.13,196.25
2020-09-03,12757.97,24536.35,196.13
2020-09-04,12637.95,24305.53,194.17
2020-09-07,12601.4,24236.75,190.35
2020-09-08,12663.56,24363.05,191.7
2020-09-09,12608.58,24257.5,192.28
2020-09-10,12691.75,24417.82,191.73
2020-09-11,12675.95,24387.76,192.24
2020-09-14,12787.82,24603.01,194.47
2020-09-15,12845.65,24714.31,195.22
2020-09-16,12976.76,24968.41,197.8
2020-09-17,12872.74,24809.79,196.94
2020-09-18,12875.62,24815.36,197.39
2020-09-21,12795.12,24660.21,194.85
2020-09-22,12645.51,24371.86,192.39
2020-09-23,12583.88,24253.82,192.95
2020-09-24,12264.38,23639.22,187.67
2020-09-25,12232.91,23578.57,182.36
2020-09-28,12462.76,24021.6,186.56
2020-09-29,12467.73,24031.3,186.28
2020-09-30,12515.61,24123.59,188.01
2020-10-05,12548.28,24186.55,188.94
2020-10-06,12704.23,24487.21,190.93
2020-10-07,12746.37,24568.43,190.32
2020-10-08,12887.19,24839.86,191.62
2020-10-12,12955.91,24972.31,192.55
2020-10-13,12947.13,24955.39,194.65
2020-10-14,12919.31,24901.9,194.04
2020-10-15,12827.82,24725.56,195.11
2020-10-16,12750.37,24576.27,193.06
2020-10-19,12908.34,24880.77,193.17
2020-10-20,12862.37,24792.15,193.89
2020-10-21,12877.25,24821.34,194.76
2020-10-22,12917.03,24898.0,194.38
2020-10-23,12898.82,24862.9,194.96
2020-10-26,12909.03,24882.59,192.98
2020-10-27,12875.01,24817.02,194.23
2020-10-28,12793.75,24660.38,193.54
2020-10-29,12662.91,24408.3,192.09
2020-10-30,12546.34,24183.76,190.41
2020-11-02,12591.31,24270.44,188.72
2020-11-03,12736.01,24549.37,191.3
2020-11-04,12867.9,24803.58,194.47
2020-11-05,12918.8,24901.7,196.22
2020-11-06,12973.53,25007.2,197.19
2020-11-09,13127.47,25303.93,201.44
2020-11-10,13081.72,25215.74,196.82
2020-11-11,13262.19,25563.6,198.44
2020-11-12,13221.78,25485.71,197.95
2020-11-13,13273.33,25585.09,198.27
2020-11-16,13551.83,26122.1,202.66
2020-11-17,13593.01,26201.49,201.69
2020-11-18,13773.29,26548.99,203.34
2020-11-19,13722.43,26451.27,204.22
2020-11-20,13716.44,26439.72,205.74
2020-11-23,13878.01,26751.16,208.64
2020-11-24,13807.13,26614.53,208.24
2020-11-25,13738.83,26482.87,205.74
2020-11-26,13845.66,26688.81,208.13
2020-11-27,13867.09,26730.12,209.67
2020-11-30,13722.89,26452.16,212.0
2020-12-01,13885.67,26765.95,215.07
2020-12-02,13989.14,26965.4,219.55
2020-12-03,13977.09,26942.18,220.43
2020-12-04,14132.44,27241.63,221.13
2020-12-07,14256.6,27480.95,220.71
2020-12-08,14360.4,27681.03,225.13
2020-12-09,14390.14,27738.37,228.68
2020-12-10,14249.49,27467.25,225.03
2020-12-11,14261.69,27490.76,222.78
2020-12-14,14211.05,27393.15,223.01
2020-12-15,14068.52,27118.44,218.48
2020-12-16,14304.46,27573.25,223.8
2020-12-17,14258.93,27526.93,222.42
2020-12-18,14249.96,27509.63,221.28
2020-12-21,14384.96,27770.36,221.33
2020-12-22,14177.46,27369.78,218.59
2020-12-23,14223.09,27457.87,221.76
2020-12-24,14280.28,27568.27,221.95
2020-12-25,14331.42,27667.0,222.48
2020-12-28,14483.07,27959.77,223.44
2020-12-29,14472.05,27938.5,224.81
2020-12-30,14687.7,28354.81,227.55
2020-12-31,14732.53,28441.36,227.41
2021-01-04,14902.03,28768.57,231.44
2021-01-05,15000.03,28957.76,231.97
2021-01-06,14983.13,28925.14,231.1
2021-01-07,15214.0,29370.83,233.35
2021-01-08,15463.95,29853.37,235.82
2021-01-11,15557.3,30033.59,240.6
2021-01-12,15500.7,29924.31,236.83
2021-01-13,15769.98,30444.28,242.99
2021-01-14,15707.19,30323.05,241.38
2021-01-15,15616.39,30147.77,236.15
2021-01-18,15612.0,30139.29,236.62
2021-01-19,15877.37,30651.59,240.06
2021-01-20,15806.18,30514.16,236.44
2021-01-21,16153.77,31185.18,240.06
2021-01-22,16019.03,30925.07,247.66
2021-01-25,15946.54,30785.12,247.12
2021-01-26,15658.85,30229.73,242.21
2021-01-27,15701.45,30311.98,244.22
2021-01-28,15415.88,29760.67,236.04
2021-01-29,15138.31,29224.82,230.5
2021-02-01,15410.09,29749.49,233.68
2021-02-02,15760.05,30425.11,239.23
2021-02-03,15771.32,30446.86,239.34
2021-02-04,15706.22,30321.18,235.19
2021-02-05,15802.4,30506.87,234.21
2021-02-17,16362.29,31587.75,242.12
2021-02-18,16424.51,31707.86,245.51
2021-02-19,16341.38,31547.37,248.28
2021-02-22,16410.16,31680.15,255.39
2021-02-23,16443.4,31744.32,252.45
2021-02-24,16212.53,31298.62,247.88
2021-02-25,16452.18,31761.28,250.37
2021-02-26,15953.8,30799.13,244.16
2021-03-02,15946.88,30785.79,241.53
2021-03-03,16211.73,31297.08,241.91
2021-03-04,15906.41,30707.89,237.38
2021-03-05,15855.23,30609.1,236.58
2021-03-08,15820.11,30541.29,235.45
2021-03-09,15853.09,30604.96,231.63
2021-03-10,15911.67,30718.05,233.86
2021-03-11,16179.56,31235.22,240.05
2021-03-12,16255.18,31381.23,241.63
2021-03-15,16249.33,31369.93,242.46
2021-03-16,16313.16,31493.15,245.21
2021-03-17,16215.82,31346.38,245.72
2021-03-18,16287.84,31485.6,247.37
2021-03-19,16070.24,31064.96,244.52
2021-03-22,16189.22,31295.16,244.45
2021-03-23,16177.59,31272.68,243.57
2021-03-24,16032.12,30991.46,243.56
2021-03-25,16060.14,31046.61,242.0
2021-03-26,16305.88,31521.77,246.36
2021-03-29,16475.97,31850.6,247.87
2021-03-30,16554.9,32003.18,250.19
2021-03-31,16431.13,31765.32,250.69
2021-04-01,16571.28,32036.26,251.75
2021-04-06,16739.87,32362.18,255.03
2021-04-07,16815.36,32509.39,256.55
2021-04-08,16926.44,32726.7,259.53
2021-04-09,16854.1,32589.73,257.18
2021-04-12,16859.7,32600.56,253.91
2021-04-13,16824.91,32533.29,250.61
2021-04-14,16865.97,32612.69,246.43
2021-04-15,17076.73,33021.1,251.31
2021-04-16,17158.81,33181.65,252.68
2021-04-19,17263.28,33383.67,253.56
2021-04-20,17323.87,33500.84,257.26
2021-04-21,17202.11,33265.38,255.87
2021-04-22,17096.97,33064.53,247.93
2021-04-23,17300.27,33462.25,255.52
2021-04-26,17572.29,33988.57,258.35
2021-04-27,17595.9,34034.23,260.48
2021-04-28,17567.53,33979.54,260.35
2021-04-29,17566.66,33977.86,264.21
2021-05-03,17222.35,33311.88,254.47
2021-05-04,16933.78,32753.72,248.45
2021-05-05,16843.44,32579.0,239.35
2021-05-06,16994.36,32870.9,238.91
2021-05-07,17285.0,33433.07,248.59
2021-05-10,17235.61,33337.53,243.44
2021-05-11,16583.13,32075.5,230.72
2021-05-12,15902.37,30759.05,221.74
2021-05-13,15670.1,30309.78,224.65
2021-05-14,15827.09,30613.44,223.87
2021-05-17,15353.89,29698.31,218.11
2021-05-18,16145.98,31230.42,228.24
2021-05-19,16132.66,31204.65,227.37
2021-05-20,16042.36,31029.99,224.41
2021-05-21,16302.06,31532.31,229.85
2021-05-24,16338.29,31602.39,232.46
2021-05-25,16595.67,32100.23,242.1
2021-05-26,16643.69,32193.12,242.29
2021-05-27,16601.61,32111.73,243.74
2021-05-28,16870.86,32633.48,246.14
2021-05-31,17068.43,33015.96,249.79
2021-06-01,17162.38,33198.07,250.8
2021-06-02,17165.04,33203.21,246.1
2021-06-03,17246.16,33362.92,250.48
2021-06-04,17147.41,33171.89,248.85
2021-06-07,17083.91,33049.51,249.91
2021-06-08,17076.21,33038.11,252.45
2021-06-09,16966.22,32829.82,253.79
2021-06-10,17159.22,33205.34,259.5
2021-06-11,17213.52,33310.56,259.12
2021-06-15,17371.29,33615.86,262.92
2021-06-16,17307.86,33494.31,259.9
2021-06-17,17390.61,33698.45,263.77
2021-06-18,17318.54,33562.82,264.16
2021-06-21,17062.98,33067.56,261.94
2021-06-22,17075.55,33092.88,261.55
2021-06-23,17336.71,33600.58,268.0
2021-06-24,17407.96,33741.52,268.85
2021-06-25,17502.99,33927.54,268.01
2021-06-28,17590.97,34099.69,268.35
2021-06-29,17598.19,34120.48,266.76
2021-06-30,17755.46,34439.42,268.64
2021-07-01,17713.94,34360.8,263.93
2021-07-02,17710.15,34353.52,268.93
2021-07-05,17919.33,34762.44,273.59
2021-07-06,17913.07,34788.38,270.79
2021-07-07,17850.69,34667.52,272.99
2021-07-08,17866.09,34706.73,274.08
2021-07-09,17661.48,34324.65,271.34
2021-07-12,17814.33,34622.78,277.9
2021-07-13,17847.52,34690.33,279.32
2021-07-14,17845.75,34688.05,279.98
2021-07-15,18034.19,35061.04,282.26
2021-07-16,17895.25,34791.63,280.71
2021-07-19,17789.25,34591.67,281.27
2021-07-20,17528.74,34097.15,277.59
2021-07-21,17458.79,33966.93,277.09
2021-07-22,17572.33,34247.81,279.45
2021-07-23,17572.92,34266.71,278.14
2021-07-26,17403.56,33994.52,282.47
2021-07-27,17269.87,33751.15,277.21
2021-07-28,17135.22,33507.11,269.04
2021-07-29,17402.81,34037.87,275.14
2021-07-30,17247.41,33754.87,272.42
2021-08-02,17503.28,34278.96,275.81
2021-08-03,17553.76,34386.99,277.78
2021-08-04,17623.89,34527.7,280.69
2021-08-05,17603.12,34510.91,284.82
2021-08-06,17526.28,34362.26,281.76
2021-08-09,17485.15,34289.71,273.2
2021-08-10,17323.64,33988.85,270.37
2021-08-11,17227.18,33812.25,264.34
2021-08-12,17219.94,33834.38,265.96
2021-08-13,16982.11,33372.09,257.55
2021-08-16,16858.77,33154.82,254.26
2021-08-17,16661.36,32776.77,248.73
2021-08-18,16826.27,33109.84,256.01
2021-08-19,16375.4,32227.38,249.97
2021-08-20,16341.94,32167.66,249.16
2021-08-23,16741.84,32973.96,256.66
2021-08-24,16818.73,33129.78,256.55
2021-08-25,17045.86,33602.32,263.89
2021-08-26,17066.96,33663.34,264.08
2021-08-27,17209.93,33948.51,266.67
2021-08-30,17396.52,34324.95,269.92
2021-08-31,17490.29,34530.01,271.01
2021-09-01,17473.99,34498.84,275.37
2021-09-02,17319.76,34197.41,272.03
2021-09-03,17516.92,34587.69,275.81
2021-09-06,17495.3,34557.7,274.98
2021-09-07,17428.87,34439.09,271.91
2021-09-08,17270.49,34133.77,264.89
2021-09-09,17304.33,34211.57,268.78
2021-09-10,17474.57,34549.54,275.11
2021-09-13,17446.31,34494.35,269.21
2021-09-14,17434.9,34473.06,269.95
2021-09-15,17354.0,34315.08,266.62
2021-09-16,17278.7,34216.86,265.31
2021-09-17,17276.79,34214.17,268.53
2021-09-22,16925.82,33520.11,263.28
2021-09-23,17078.22,33822.63,268.27
2021-09-24,17260.19,34184.91,272.04
2021-09-27,17313.77,34291.01,270.4
2021-09-28,17181.44,34028.94,265.71
2021-09-29,16855.46,33384.01,254.14
2021-09-30,16934.77,33541.12,257.96
2021-10-01,16570.89,32820.68,251.07
2021-10-04,16408.35,32499.31,246.32
2021-10-05,16460.75,32603.51,249.94
2021-10-06,16393.16,32469.86,246.78
2021-10-07,16713.86,33106.02,256.16
2021-10-08,16640.43,32960.75,257.04
2021-10-12,16462.84,32609.2,254.86
2021-10-13,16347.99,32381.82,247.14
2021-10-14,16387.28,32460.17,248.77
2021-10-15,16781.19,33240.43,255.37
2021-10-18,16705.46,33090.48,255.61
2021-10-19,16900.67,33477.4,261.34
2021-10-20,16887.82,33452.13,261.91
2021-10-21,16889.51,33455.47,262.97
2021-10-22,16888.74,33453.97,264.69
2021-10-25,16894.24,33464.87,263.16
2021-10-26,17034.34,33742.48,264.6
2021-10-27,17074.55,33822.23,272.39
2021-10-28,17041.63,33757.02,269.5
2021-10-29,16987.41,33649.62,273.72
2021-11-01,17068.24,33809.74,279.35
2021-11-02,17065.97,33805.61,276.34
2021-11-03,17122.16,33916.91,277.24
2021-11-04,17078.86,33831.13,275.82
2021-11-05,17296.9,34263.04,278.93
2021-11-08,17415.3,34497.6,275.82
2021-11-09,17541.36,34747.5,280.08
2021-11-10,17559.65,34783.73,280.25
2021-11-11,17452.52,34571.52,280.04
2021-11-12,17518.13,34701.48,281.38
2021-11-15,17634.47,34931.93,285.58
2021-11-16,17693.13,35048.14,288.02
2021-11-17,17764.04,35188.59,290.76
2021-11-18,17841.37,35341.78,292.83
2021-11-19,17818.31,35296.18,293.14
2021-11-22,17803.54,35266.96,298.35
2021-11-23,17666.12,34994.93,292.82
2021-11-24,17642.52,34948.43,291.97
2021-11-25,17654.19,34971.55,291.43
2021-11-26,17369.39,34407.48,285.32
2021-11-29,17328.09,34325.66,291.48
2021-11-30,17427.76,34523.13,294.12
2021-12-01,17585.99,34836.57,292.85
2021-12-02,17724.88,35111.77,292.15
2021-12-03,17697.14,35056.82,295.0
2021-12-06,17688.21,35039.12,293.2
2021-12-07,17796.92,35254.47,292.05
2021-12-08,17832.42,35324.84,294.62
2021-12-09,17914.12,35486.84,294.06
2021-12-10,17826.26,35312.81,293.68
2021-12-13,17767.6,35196.71,293.58
2021-12-14,17599.37,34863.46,288.73
2021-12-15,17660.1,34983.75,290.9
2021-12-16,17785.74,35279.33,297.95
2021-12-17,17812.59,35332.58,295.4
2021-12-20,17669.11,35048.03,290.09
2021-12-21,17789.27,35286.39,294.29
2021-12-22,17826.83,35360.89,297.47
2021-12-23,17946.66,35598.57,300.37
2021-12-24,17961.64,35628.29,300.78
2021-12-27,18048.94,35801.46,302.41
2021-12-28,18196.81,36094.77,303.95
2021-12-29,18248.28,36196.87,305.05
2021-12-30,18218.84,36138.47,307.84
2022-01-03,18270.51,36240.96,304.61
2022-01-04,18526.35,36748.44,304.28
2022-01-05,18499.96,36696.09,300.8
2022-01-06,18367.92,36434.19,297.23
2022-01-07,18169.76,36041.12,289.33
2022-01-10,18239.38,36179.21,290.57
2022-01-11,18288.21,36276.06,285.61
2022-01-12,18375.4,36451.72,286.72
2022-01-13,18436.93,36573.78,286.47
2022-01-14,18403.33,36507.14,285.21
2022-01-17,18525.44,36749.36,286.21
2022-01-18,18378.64,36458.15,286.87
2022-01-19,18227.46,36158.25,283.64
2022-01-20,18218.28,36140.05,283.42
2022-01-21,17899.3,35507.27,277.06
2022-01-24,17989.04,35685.29,278.83
2022-01-25,17701.12,35114.14,274.13
2022-01-26,17674.4,35061.14,273.12
2022-02-07,17900.3,35509.26,272.8
2022-02-08,17966.56,35640.7,273.47
2022-02-09,18151.76,36008.1,277.45
2022-02-10,18338.05,36377.64,280.79
2022-02-11,18310.94,36323.85,280.17
2022-02-14,17997.67,35702.41,271.1
2022-02-15,17951.81,35611.45,272.9
2022-02-16,18231.47,36166.21,276.58
2022-02-17,18268.57,36239.81,275.28
2022-02-18,18232.35,36167.96,276.99
2022-02-21,18221.49,36146.41,274.8
2022-02-22,17969.29,35646.12,268.68
2022-02-23,18055.73,35817.6,270.75
2022-02-24,17594.55,34905.41,262.26
2022-02-25,17652.18,35019.74,266.55
2022-03-01,17898.25,35507.91,272.31
2022-03-02,17867.6,35447.12,273.1
2022-03-03,17934.4,35579.63,273.0
2022-03-04,17736.52,35187.07,268.75
2022-03-07,17178.69,34080.4,256.36
2022-03-08,16825.25,33379.22,249.36
2022-03-09,17015.36,33756.37,255.0
2022-03-10,17433.2,34585.32,261.88
2022-03-11,17264.74,34251.26,259.97
2022-03-14,17263.04,34247.9,259.71
2022-03-15,16926.06,33582.8,247.73
2022-03-16,16940.83,33658.87,249.84
2022-03-17,17448.22,34667.35,262.07
2022-03-18,17456.52,34687.58,264.48
2022-03-21,17560.36,34893.92,264.89
2022-03-22,17559.71,34892.65,266.6
2022-03-23,17731.37,35233.75,270.32
2022-03-24,17699.06,35172.9,271.63
2022-03-25,17676.95,35134.44,269.07
2022-03-28,17520.01,34822.7,268.05
2022-03-29,17548.66,34879.65,270.16
2022-03-30,17740.56,35261.35,272.45
2022-03-31,17693.47,35170.14,271.17
2022-04-01,17625.59,35035.36,268.9
2022-04-06,17522.5,34830.44,264.83
2022-04-07,17178.63,34153.06,256.72
2022-04-08,17284.54,34364.54,256.04
2022-04-11,17048.37,33895.0,248.86
2022-04-12,16990.91,33780.76,246.29
2022-04-13,17301.65,34398.91,250.41
2022-04-14,17245.65,34289.39,250.3
2022-04-15,17004.18,33810.23,242.62
2022-04-18,16898.87,33600.85,242.73
2022-04-19,16993.4,33788.8,244.03
2022-04-20,17148.88,34097.96,244.51
2022-04-21,17127.95,34059.54,246.23
2022-04-22,17025.09,33860.66,239.11
2022-04-25,16620.9,33056.78,228.37
2022-04-26,16644.79,33104.28,226.78
2022-04-27,16303.35,32425.21,224.52
2022-04-28,16419.38,32656.2,227.05
2022-04-29,16592.18,32999.88,228.57
2022-05-03,16498.9,32814.36,229.3
2022-05-04,16565.83,32947.47,228.8
2022-05-05,16696.12,33206.59,234.63
2022-05-06,16408.2,32633.97,229.97
2022-05-09,16048.92,31919.41,222.81
2022-05-10,16061.7,31944.81,225.81
2022-05-11,16006.25,31834.54,225.18
2022-05-12,15616.68,31059.72,220.83
2022-05-13,15832.54,31489.04,228.28
2022-05-16,15901.04,31625.29,229.14
2022-05-17,16056.09,31933.66,235.83
2022-05-18,16296.86,32412.52,237.5
2022-05-19,16020.32,31862.52,236.91
2022-05-20,16144.85,32110.18,237.54
2022-05-23,16156.41,32133.18,235.39
2022-05-24,15963.63,31751.26,227.86
2022-05-25,16104.03,32030.51,231.14
2022-05-26,15968.83,31762.0,228.79
2022-05-27,16266.22,32353.78,236.09
2022-05-30,16610.62,33038.79,242.83
2022-05-31,16807.77,33432.03,245.39
2022-06-01,16675.09,33169.15,246.59
2022-06-02,16552.57,32926.8,244.99
2022-06-06,16605.96,33033.84,244.75
2022-06-07,16512.88,32848.69,243.16
2022-06-08,16670.51,33166.38,244.09
2022-06-09,16621.34,33076.13,245.54
2022-06-10,16460.12,32757.15,245.23
2022-06-13,16070.98,31982.73,235.96
2022-06-14,16047.37,31936.87,235.58
2022-06-15,15999.25,31844.32,232.52
2022-06-16,15838.61,31584.23,227.44
2022-06-17,15641.26,31194.99,222.82
2022-06-20,15367.58,30656.95,214.85
2022-06-21,15728.64,31405.9,220.98
2022-06-22,15347.75,30677.99,211.6
2022-06-23,15176.44,30418.72,212.34
2022-06-24,15303.32,30677.22,213.72
2022-06-27,15548.01,31220.3,220.84
2022-06-28,15439.92,31044.99,215.13
2022-06-29,15240.13,30742.89,212.83
2022-06-30,14825.73,29955.51,202.45
2022-07-01,14343.08,28984.28,191.19
2022-07-04,14217.06,28828.92,188.09
2022-07-05,14349.2,29142.05,188.53
2022-07-06,13985.51,28467.18,180.62
2022-07-07,14336.27,29198.38,188.21
2022-07-08,14464.53,29479.35,192.94
2022-07-11,14340.53,29239.1,190.64
2022-07-12,13950.62,28472.79,183.73
2022-07-13,14324.68,29243.18,185.29
2022-07-14,14438.52,29527.24,191.43
2022-07-15,14550.62,29765.04,195.35
2022-07-18,14719.64,30113.26,199.78
2022-07-19,14694.08,30071.97,197.31
2022-07-20,14733.22,30175.46,201.24
2022-07-21,14937.7,30609.71,206.74
2022-07-22,14949.36,30634.92,205.51
2022-07-25,14936.33,30615.98,203.67
2022-07-26,14806.78,30390.4,199.55
2022-07-27,14921.59,30656.81,200.81
2022-07-28,14891.9,30630.82,200.0
2022-07-29,15000.07,30879.57,202.62
2022-08-01,14981.69,30862.41,199.9
2022-08-02,14747.23,30382.48,195.37
2022-08-03,14777.02,30453.48,194.84
2022-08-04,14702.2,30332.58,194.94
2022-08-05,15036.04,31021.45,200.1
2022-08-08,15020.41,30990.22,201.81
2022-08-09,15050.28,31058.17,201.7
2022-08-10,14939.02,30845.08,198.55
2022-08-11,15197.85,31406.04,203.1
2022-08-12,15288.97,31597.15,207.33
2022-08-15,15417.35,31862.57,212.69
2022-08-16,15420.57,31871.72,213.77
2022-08-17,15465.45,31971.14,215.0
2022-08-18,15396.76,31833.17,218.71
2022-08-19,15408.78,31861.63,220.16
2022-08-22,15245.14,31524.04,217.36
2022-08-23,15095.89,31217.56,217.28
2022-08-24,15069.19,31170.55,217.22
2022-08-25,15200.04,31453.34,221.01
2022-08-26,15278.44,31619.42,222.14
2022-08-29,14926.19,30892.09,217.18
2022-08-30,14953.63,30952.11,220.09
2022-08-31,15095.44,31245.85,222.01
2022-09-01,14801.86,30639.3,216.81
2022-09-02,14673.04,30372.86,217.28
2022-09-05,14661.1,30353.92,213.21
2022-09-06,14677.2,30389.34,209.78
2022-09-07,14410.05,29838.1,206.74
2022-09-08,14583.42,30197.78,214.03
2022-09-12,14807.43,30672.46,216.23
2022-09-13,14894.41,30852.69,216.94
2022-09-14,14658.31,30363.77,214.71
2022-09-15,14670.04,30436.31,213.1
2022-09-16,14561.76,30212.2,208.25
2022-09-19,14425.68,29930.43,205.33
2022-09-20,14549.3,30187.51,206.52
2022-09-21,14424.52,29928.95,203.69
2022-09-22,14284.63,29639.23,203.63
2022-09-23,14118.38,29294.27,197.59
2022-09-26,13778.19,28592.98,186.9
2022-09-27,13826.59,28693.45,188.24
2022-09-28,13466.07,27945.29,178.8
2022-09-29,13534.26,28087.05,180.99
2022-09-30,13424.58,27859.42,184.06
2022-10-03,13300.48,27601.9,182.69
2022-10-04,13576.52,28174.81,189.34
2022-10-05,13801.43,28641.56,191.68
2022-10-06,13892.05,28829.62,192.07
2022-10-07,13702.28,28435.8,189.01
2022-10-11,13106.03,27198.43,177.61
2022-10-12,13081.24,27146.98,178.43
2022-10-13,12810.73,26585.61,171.67
2022-10-14,13128.12,27244.35,178.21
2022-10-17,12966.05,26908.03,177.76
2022-10-18,13124.68,27238.3,178.1
2022-10-19,12976.76,26931.3,175.94
2022-10-20,12946.1,26867.69,174.99
2022-10-21,12819.2,26604.35,170.36
2022-10-24,12856.98,26682.76,171.85
2022-10-25,12666.12,26286.65,167.66
2022-10-26,12729.05,26417.25,167.92
2022-10-27,12926.37,26826.77,175.19
2022-10-28,12788.42,26540.47,174.15
2022-10-31,12949.75,26875.28,176.31
2022-11-01,13037.21,27056.79,178.57
2022-11-02,13100.17,27187.46,180.77
2022-11-03,12986.6,26951.77,183.06
2022-11-04,13026.71,27035.01,185.02
2022-11-07,13223.73,27443.89,186.96
2022-11-08,13347.76,27701.59,186.35
2022-11-09,13638.81,28305.61,189.99
2022-11-10,13503.76,28025.33,190.09
2022-11-11,14007.56,29070.92,197.8
2022-11-14,14174.9,29418.21,200.25
2022-11-15,14546.31,30189.11,202.3
2022-11-16,14537.35,30170.51,205.69
2022-11-17,14535.23,30166.4,207.27
2022-11-18,14504.99,30103.62,204.2
2022-11-21,14449.39,29988.31,202.71
2022-11-22,14542.2,30181.01,201.95
2022-11-23,14608.54,30318.69,204.78
2022-11-24,14784.0,30682.84,209.12
2022-11-25,14778.51,30671.45,206.04
2022-11-28,14556.87,30211.62,207.45
2022-11-29,14709.64,30528.67,205.33
2022-11-30,14879.55,30881.32,207.03
2022-12-01,15012.8,31157.86,211.47
2022-12-02,14970.68,31070.56,213.71
2022-12-05,14980.74,31091.43,214.55
2022-12-06,14728.88,30568.76,209.05
2022-12-07,14630.01,30363.66,203.78
2022-12-08,14553.04,30203.92,203.77
2022-12-09,14705.43,30520.19,204.03
2022-12-12,14612.59,30327.49,202.96
2022-12-13,14522.96,30141.47,200.64
2022-12-14,14739.36,30590.6,206.2
2022-12-15,14734.13,30627.96,205.24
2022-12-16,14528.55,30200.61,200.8
2022-12-19,14433.32,30003.02,201.41
2022-12-20,14170.03,29455.72,194.02
2022-12-21,14234.4,29589.52,194.5
2022-12-22,14442.94,30023.13,198.26
2022-12-23,14271.63,29667.01,197.0
2022-12-26,14285.13,29695.27,195.48
2022-12-27,14328.43,29785.27,197.74
2022-12-28,14173.1,29462.4,192.69
2022-12-29,14085.02,29279.32,193.49
2022-12-30,14137.69,29388.8,192.76
2023-01-03,14224.12,29568.47,197.31
2023-01-04,14199.13,29516.99,197.88
2023-01-05,14301.05,29728.86,198.45
2023-01-06,14373.34,29879.13,203.23
2023-01-09,14752.21,30666.73,208.34
2023-01-10,14802.96,30772.22,208.72
2023-01-11,14751.44,30665.12,209.87
2023-01-12,14731.64,30623.96,206.71
2023-01-13,14824.13,30816.23,205.6
2023-01-16,14927.01,31030.1,208.28
2023-01-17,14932.93,31042.4,208.82
2023-01-30,15493.82,32208.37,216.2
2023-01-31,15265.2,31733.12,217.98
2023-02-01,15420.13,32055.19,219.87
2023-02-02,15595.16,32419.15,225.19
2023-02-03,15602.66,32434.73,225.58
2023-02-06,15392.82,31998.52,222.93
2023-02-07,15400.91,32015.35,225.13
2023-02-08,15618.17,32466.98,227.68
2023-02-09,15598.71,32426.53,225.88
2023-02-10,15586.65,32401.45,223.8
2023-02-13,15544.28,32313.37,221.61
2023-02-14,15654.48,32542.47,221.75
2023-02-15,15432.89,32081.82,219.8
2023-02-16,15550.5,32326.3,224.58
2023-02-17,15479.7,32179.12,224.37
2023-02-20,15551.23,32327.83,225.69
2023-02-21,15563.0,32352.28,228.28
2023-02-22,15418.77,32052.47,223.19
2023-02-23,15615.41,32461.25,228.1
2023-02-24,15503.79,32229.2,226.73
2023-03-01,15598.49,32426.08,228.62
2023-03-02,15598.72,32426.54,228.18
2023-03-03,15608.42,32446.71,227.64
2023-03-06,15763.51,32769.12,232.22
2023-03-07,15857.89,32965.31,232.23
2023-03-08,15818.2,32882.8,232.56
2023-03-09,15770.66,32783.98,233.17
2023-03-10,15526.2,32275.79,226.27
2023-03-13,15560.49,32348.0,225.65
2023-03-14,15360.42,31932.08,223.03
2023-03-15,15387.59,31988.75,225.35
2023-03-16,15221.12,31700.05,224.77
2023-03-17,15452.96,32183.27,228.29
2023-03-20,15419.97,32114.54,228.92
2023-03-21,15513.45,32309.24,228.86
2023-03-22,15760.46,32823.67,233.31
2023-03-23,15863.95,33039.48,235.46
2023-03-24,15914.7,33148.03,237.31
2023-03-27,15830.31,32972.26,237.8
2023-03-28,15701.48,32704.51,234.57
2023-03-29,15769.76,32851.87,232.84
2023-03-30,15849.43,33026.44,236.14
2023-03-31,15868.06,33065.28,235.78
2023-04-06,15810.77,32945.9,233.77
2023-04-07,15836.5,32999.84,235.19
2023-04-10,15876.17,33082.51,237.0
2023-04-11,15913.88,33161.09,239.87
2023-04-12,15932.97,33200.86,239.67
2023-04-13,15804.76,32938.39,237.76
2023-04-14,15929.43,33214.59,238.92
2023-04-17,15963.55,33285.73,240.17
2023-04-18,15869.44,33089.5,237.69
2023-04-19,15770.47,32883.14,235.93
2023-04-20,15707.52,32756.06,231.87
2023-04-21,15602.99,32538.08,226.64
2023-04-24,15626.87,32587.89,228.35
2023-04-25,15370.73,32053.74,221.27
2023-04-26,15374.63,32061.93,221.44
2023-04-27,15411.49,32139.82,222.7
2023-04-28,15579.18,32489.54,226.5
2023-05-02,15636.48,32609.04,231.06
2023-05-03,15553.41,32435.79,229.5
2023-05-04,15609.03,32551.79,229.89
2023-05-05,15626.07,32587.31,230.71
2023-05-08,15699.57,32740.59,231.02
2023-05-09,15727.7,32799.25,228.13
2023-05-10,15641.76,32620.03,227.43
2023-05-11,15514.64,32354.94,223.21
2023-05-12,15502.36,32329.33,224.19
2023-05-15,15475.05,32272.37,221.95
2023-05-16,15673.9,32687.07,224.29
2023-05-17,15925.29,33211.32,227.33
2023-05-18,16101.88,33579.59,228.18
2023-05-19,16174.92,33731.9,228.35
2023-05-22,16180.89,33744.36,227.85
2023-05-23,16188.03,33759.26,230.53
2023-05-24,16159.32,33699.37,229.94
2023-05-25,16292.0,33977.47,230.08
2023-05-26,16505.05,34421.85,233.12
2023-05-29,16636.3,34696.02,236.93
2023-05-30,16622.74,34671.86,236.19
2023-05-31,16578.96,34581.01,235.38
2023-06-01,16512.65,34447.18,235.72
2023-06-02,16706.91,34853.76,238.92
2023-06-05,16714.43,34875.44,241.14
2023-06-06,16761.66,34979.1,240.44
2023-06-07,16922.48,35320.33,244.62
2023-06-08,16733.69,34928.14,240.91
2023-06-09,16886.4,35246.92,245.24
2023-06-12,16955.37,35391.81,245.62
2023-06-13,17216.6,35944.73,250.58
2023-06-14,17238.14,36000.39,248.79
2023-06-15,17334.98,36269.21,250.07
2023-06-16,17288.91,36178.33,249.57
2023-06-19,17274.56,36149.02,249.1
2023-06-20,17184.91,36055.44,248.12
2023-06-21,17202.4,36095.11,245.17
2023-06-26,17059.24,35797.92,242.08
2023-06-27,16887.9,35493.22,241.74
2023-06-28,16935.63,35608.78,242.02
2023-06-29,16942.3,35686.11,244.27
2023-06-30,16915.54,35784.54,246.14
2023-07-03,17084.2,36153.24,247.28
2023-07-04,17140.77,36401.02,248.03
2023-07-05,17056.43,36239.97,246.79
2023-07-06,16762.17,35636.71,243.87
2023-07-07,16664.21,35432.95,239.5
2023-07-10,16652.8,35416.05,238.87
2023-07-11,16898.91,35967.64,240.82
2023-07-12,16962.03,36113.95,241.03
2023-07-13,17061.4,36359.21,240.46
2023-07-14,17283.71,36840.81,244.96
2023-07-17,17334.29,36958.91,243.75
2023-07-18,17227.91,36741.47,244.23
2023-07-19,17116.44,36511.33,242.4
2023-07-20,17164.89,36641.17,243.42
2023-07-21,17030.7,36358.14,240.71
2023-07-24,17033.61,36365.21,239.12
2023-07-25,17198.89,36728.74,238.78
2023-07-26,17162.55,36671.3,233.97
2023-07-27,17241.82,36852.39,237.07
2023-07-28,17292.93,36966.99,240.95
2023-07-31,17145.43,36654.26,237.4
2023-08-01,17212.87,36810.67,234.91
2023-08-02,16893.73,36133.38,229.74
2023-08-04,16843.68,36072.73,230.53
2023-08-07,16996.0,36399.79,232.34
2023-08-08,16877.07,36145.48,229.77
2023-08-09,16870.94,36142.32,228.94
2023-08-10,16634.7,35659.69,224.21
2023-08-11,16601.25,35596.18,223.88
2023-08-14,16393.66,35151.09,219.27
2023-08-15,16454.8,35282.85,219.98
2023-08-16,16446.78,35269.75,218.68
2023-08-17,16516.66,35428.05,221.34
2023-08-18,16381.31,35141.0,219.58
2023-08-21,16381.49,35141.56,217.91
2023-08-22,16437.61,35262.22,217.97
2023-08-23,16576.9,35563.32,218.65
2023-08-24,16770.87,35984.99,221.08
2023-08-25,16481.58,35370.65,218.57
2023-08-28,16509.26,35435.95,219.59
2023-08-29,16623.65,35686.65,221.82
2023-08-30,16719.82,35893.63,224.29
2023-08-31,16634.51,35715.18,226.34
2023-09-01,16644.94,35737.71,227.28
2023-09-04,16789.69,36049.5,228.66
2023-09-05,16791.61,36054.19,230.96
2023-09-06,16738.16,35940.09,232.25
2023-09-07,16619.14,35685.61,231.33
2023-09-08,16576.02,35593.17,227.95
2023-09-11,16432.95,35295.47,225.7
2023-09-12,16572.71,35595.96,228.22
2023-09-13,16581.51,35615.46,231.71
2023-09-14,16807.56,36157.07,237.15
2023-09-15,16920.92,36400.92,238.07
2023-09-18,16698.24,35921.89,236.61
2023-09-19,16636.32,35788.88,235.39
2023-09-20,16534.75,35573.23,231.9
2023-09-21,16316.67,35104.04,227.31
2023-09-22,16344.48,35163.86,230.9
2023-09-25,16452.23,35395.68,232.55
2023-09-26,16276.07,35019.7,229.01
2023-09-27,16310.36,35093.53,229.12
2023-09-28,16353.74,35186.86,229.55
2023-10-02,16557.31,35624.87,233.93
2023-10-03,16454.34,35403.55,233.14
2023-10-04,16273.38,35014.29,232.74
2023-10-05,16453.52,35401.95,235.98
2023-10-06,16520.57,35546.64,235.16
2023-10-11,16672.03,35872.53,235.36
2023-10-12,16825.91,36203.68,238.56
2023-10-13,16782.57,36110.42,238.42
2023-10-16,16652.24,35830.0,235.59
2023-10-17,16642.55,35809.14,236.04
2023-10-18,16440.91,35375.35,233.71
2023-10-19,16452.73,35400.88,236.14
2023-10-20,16440.72,35375.04,234.52
2023-10-23,16251.36,34967.59,231.05
2023-10-24,16309.76,35093.27,232.8
2023-10-25,16358.89,35198.98,235.23
2023-10-26,16073.74,34585.52,227.6
2023-10-27,16134.61,34716.5,228.83
2023-10-30,16149.68,34748.92,231.01
2023-10-31,16001.27,34430.12,226.55
2023-11-01,16038.56,34510.66,230.19
2023-11-02,16396.95,35281.8,233.81
2023-11-03,16507.65,35520.0,233.78
2023-11-06,16649.36,35824.94,237.47
2023-11-07,16684.95,35901.51,238.1
2023-11-08,16740.83,36021.75,237.76
2023-11-09,16745.65,36032.13,238.34
2023-11-10,16682.67,35896.6,236.89
2023-11-13,16839.29,36233.61,238.89
2023-11-14,16915.71,36398.05,239.77
2023-11-15,17128.78,36856.51,241.06
2023-11-16,17171.18,36947.74,242.3
2023-11-17,17208.95,37029.06,243.54
2023-11-20,17210.47,37032.36,243.34
2023-11-21,17416.7,37476.12,243.98
2023-11-22,17310.26,37247.09,245.63
2023-11-23,17294.55,37213.6,245.95
2023-11-24,17287.42,37198.24,245.87
2023-11-27,17137.42,36875.5,243.14
2023-11-28,17341.25,37314.34,249.54
2023-11-29,17370.56,37377.44,251.86
2023-11-30,17433.85,37513.62,252.01
2023-12-01,17438.35,37523.31,251.15
2023-12-04,17421.48,37487.01,252.09
2023-12-05,17328.01,37285.88,250.07
2023-12-06,17360.72,37356.41,251.5
2023-12-07,17278.74,37182.51,250.47
2023-12-08,17383.99,37408.99,252.24
2023-12-11,17418.34,37482.9,254.17
2023-12-12,17450.63,37552.4,256.32
2023-12-13,17468.93,37591.78,258.29
2023-12-14,17653.11,38042.17,259.88
2023-12-15,17673.87,38086.91,260.23
2023-12-18,17652.03,38039.93,258.05
2023-12-19,17576.55,37877.27,254.39
2023-12-20,17635.2,38003.67,255.23
2023-12-21,17543.74,37806.92,254.91
2023-12-22,17596.63,37920.89,257.9
2023-12-25,17604.84,37938.58,257.28
2023-12-26,17751.73,38255.28,259.8
2023-12-27,17891.5,38556.5,260.88
2023-12-28,17910.37,38597.16,259.3
2023-12-29,17930.81,38641.2,258.77
2024-01-02,17853.76,38475.17,255.91
2024-01-03,17559.31,37840.62,252.14
2024-01-04,17549.65,37846.73,250.58
2024-01-05,17519.14,37780.93,251.78
2024-01-08,17572.66,37896.36,253.23
2024-01-09,17535.49,37816.2,253.23
2024-01-10,17465.63,37665.54,253.92
2024-01-11,17545.32,37837.4,256.78
2024-01-12,17512.83,37767.32,255.01
2024-01-15,17546.82,37840.64,257.28
2024-01-16,17346.87,37409.42,256.81
2024-01-17,17161.79,37010.29,252.58
2024-01-18,17227.79,37152.63,252.13
2024-01-19,17681.52,38131.13,254.88
2024-01-22,17815.1,38419.19,258.95
2024-01-23,17874.59,38547.48,261.95
2024-01-24,17875.83,38550.16,261.0
2024-01-25,18002.62,38823.59,260.84
2024-01-26,17995.03,38807.22,261.38
2024-01-29,18119.63,39075.93,263.15
2024-01-30,18034.63,38892.62,264.66
2024-01-31,17889.56,38579.77,264.39
2024-02-01,17968.11,38749.16,264.59
2024-02-02,18059.93,38947.18,268.35
2024-02-05,18096.07,39025.11,267.67
2024-02-15,18644.57,40207.99,274.43
2024-02-16,18607.25,40127.51,271.63
2024-02-19,18635.8,40189.07,271.94
2024-02-20,18753.16,40442.16,272.92
2024-02-21,18676.31,40276.45,271.33
2024-02-22,18852.78,40657.0,274.2
2024-02-23,18889.19,40735.52,273.24
2024-02-26,18948.05,40862.45,273.16
2024-02-27,18854.41,40660.52,271.28
2024-02-29,18966.77,40902.82,274.26
2024-03-01,18935.93,40836.31,278.89
2024-03-04,19305.31,41632.9,281.77
2024-03-05,19386.92,41808.91,281.56
2024-03-06,19499.45,42051.58,282.26
2024-03-07,19693.52,42470.1,282.13
2024-03-08,19785.32,42668.07,277.89
2024-03-11,19726.08,42540.32,278.74
2024-03-12,19914.55,42946.76,283.05
2024-03-13,19928.51,42976.87,281.74
2024-03-14,19937.92,42998.03,280.32
2024-03-15,19682.5,42447.2,278.36
2024-03-18,19879.85,42935.74,282.82
2024-03-19,19857.2,42887.08,284.55
2024-03-20,19784.45,42729.97,283.98
2024-03-21,20199.09,43630.49,285.1
2024-03-22,20228.43,43697.33,282.35
2024-03-25,20192.25,43619.26,282.12
2024-03-26,20126.49,43477.8,277.37
2024-03-27,20200.12,43641.03,281.34
2024-03-28,20146.55,43534.18,280.4
2024-03-29,20294.45,43858.44,284.02
2024-04-01,20222.33,43702.62,284.65
2024-04-02,20466.57,44230.9,286.05
2024-04-03,20337.6,43952.45,286.4
2024-04-08,20417.7,44125.6,286.96
2024-04-09,20796.2,44943.61,284.4
2024-04-10,20763.53,44872.99,285.51
2024-04-11,20753.22,44856.39,284.39
2024-04-12,20736.57,44844.18,288.09
2024-04-15,20449.77,44223.94,283.11
2024-04-16,19901.96,43039.29,274.67
2024-04-17,20213.33,43712.64,279.67
2024-04-18,20301.2,43903.96,279.77
2024-04-19,19527.12,42230.39,267.22
2024-04-22,19411.22,41979.74,257.38
2024-04-23,19599.28,42386.44,260.5
2024-04-24,20131.74,43537.96,269.49
2024-04-25,19857.42,42946.11,264.62
2024-04-26,20120.51,43515.12,270.45
2024-04-29,20495.52,44326.15,274.14
2024-04-30,20396.6,44112.21,272.35
2024-05-02,20222.44,43735.55,274.4
2024-05-03,20330.32,43968.87,273.68
2024-05-06,20523.31,44386.24,274.17
2024-05-07,20653.53,44667.87,274.24
2024-05-08,20700.51,44769.5,273.57
2024-05-09,20560.77,44467.27,269.62
2024-05-10,20708.84,44787.5,269.56
2024-05-13,20857.71,45109.46,269.05
2024-05-14,20985.85,45386.61,269.9
2024-05-15,21147.21,45735.57,270.42
2024-05-16,21304.26,46075.24,272.84
2024-05-17,21258.47,45976.31,272.91
2024-05-20,21271.63,46004.77,272.47
2024-05-21,21236.75,45929.33,271.92
2024-05-22,21551.83,46610.76,276.51
2024-05-23,21607.43,46731.01,275.47
2024-05-24,21565.34,46639.97,279.9
2024-05-27,21803.77,47155.74,282.22
2024-05-28,21858.41,47273.9,285.02
2024-05-29,21662.5,46850.42,284.16
2024-05-30,21364.48,46207.63,282.29
2024-05-31,21174.22,45797.29,280.48
2024-06-03,21536.76,46583.96,283.92
2024-06-04,21356.62,46196.03,281.62
2024-06-05,21484.88,46477.92,282.78
2024-06-06,21902.7,47384.11,283.73
2024-06-07,21858.38,47289.2,285.03
2024-06-11,21792.12,47151.88,288.97
2024-06-12,22048.96,47711.37,295.4
2024-06-13,22312.04,48348.58,299.25
2024-06-14,22504.72,48767.02,300.0
2024-06-17,22496.53,48750.2,298.9
2024-06-18,22757.43,49339.22,301.05
2024-06-19,23209.54,50321.38,301.46
2024-06-20,23406.1,50772.22,305.23
2024-06-21,23253.39,50445.25,301.79
2024-06-24,22813.7,49505.93,297.06
2024-06-25,22875.97,49650.53,298.42
2024-06-26,22986.69,49896.81,303.38
2024-06-27,22905.98,49769.18,300.44
2024-06-28,23032.25,50048.9,305.34
2024-07-01,23058.57,50159.02,307.69
2024-07-02,22879.37,49852.62,309.34
2024-07-03,23172.43,50501.99,309.44
2024-07-04,23522.53,51339.0,310.02
2024-07-05,23556.59,51415.47,314.06
2024-07-08,23878.15,52135.78,311.99
2024-07-09,23900.08,52209.5,315.02
2024-07-10,24007.08,52479.11,316.57
2024-07-11,24390.03,53330.65,320.33
2024-07-12,23916.93,52302.48,314.23
2024-07-15,23879.36,52248.36,313.89
2024-07-16,23997.25,52529.47,314.35
2024-07-17,23769.82,52045.59,312.74
2024-07-18,23398.47,51266.41,306.69
2024-07-19,22869.26,50130.36,300.83
2024-07-22,22256.99,48792.77,289.79
2024-07-23,22871.84,50151.75,294.99
2024-07-26,22119.21,48539.19,290.61
2024-07-29,22164.49,48644.25,288.0
2024-07-30,22223.57,48777.14,289.82
2024-07-31,22199.35,48730.19,287.04
2024-08-01,22642.1,49729.5,292.01
2024-08-02,21638.09,47524.87,280.09
2024-08-05,19830.88,43565.81,258.8
2024-08-06,20501.02,45043.44,260.2
2024-08-07,21295.28,46789.33,274.28
2024-08-08,20870.1,45880.56,272.76
2024-08-09,21469.0,47197.17,281.08
2024-08-12,21773.26,47867.63,285.1
2024-08-13,21796.57,47931.29,286.74
2024-08-14,22027.25,48445.96,292.69
2024-08-15,21895.17,48167.04,295.13
2024-08-16,22349.33,49168.48,300.77
2024-08-19,22409.63,49305.49,304.37
2024-08-20,22429.1,49349.07,305.18
2024-08-21,22237.89,48929.24,302.55
2024-08-22,22148.83,48743.9,305.93
2024-08-23,22158.05,48766.18,310.38
2024-08-26,22240.12,48951.57,305.72
2024-08-27,22185.0,48839.28,309.05
2024-08-28,22370.66,49252.17,308.27
2024-08-29,22201.85,48885.27,308.9
2024-08-30,22268.09,49032.31,309.86
2024-09-02,22235.1,48960.74,306.03
2024-09-03,22092.21,48647.56,304.28
2024-09-04,21092.75,46447.84,293.93
2024-09-05,21187.71,46663.02,292.58
2024-09-06,21435.19,47208.33,293.38
2024-09-09,21144.44,46568.93,289.98
2024-09-10,21064.08,46391.97,284.99
2024-09-11,21031.0,46319.12,287.54
2024-09-12,21653.25,47767.18,296.07
2024-09-13,21759.65,48002.35,298.72
2024-09-16,21850.08,48201.91,298.45
2024-09-18,21678.84,47824.16,294.04
2024-09-19,22042.69,48627.23,300.84
2024-09-20,22159.42,48884.73,300.49
2024-09-23,22285.53,49162.92,301.06
2024-09-24,22431.78,49486.36,299.74
2024-09-25,22761.6,50214.86,306.35
2024-09-26,22858.81,50433.97,310.69
2024-09-27,22822.79,50354.5,307.89
2024-09-30,22224.54,49034.57,304.92
2024-10-01,22390.39,49400.47,308.88
2024-10-04,22302.71,49207.14,306.66
2024-10-07,22702.56,50089.32,310.61
2024-10-08,22611.39,49888.19,308.34
2024-10-09,22659.08,49993.41,308.1
2024-10-11,22901.64,50528.56,314.12
2024-10-14,22975.29,50691.06,313.72
2024-10-15,23292.04,51389.92,315.07
2024-10-16,23010.98,50769.8,312.88
2024-10-17,23053.84,50864.37,314.47
2024-10-18,23487.27,51820.95,310.18
2024-10-21,23542.53,51942.88,314.93
2024-10-22,23535.43,51927.27,317.49
2024-10-23,23334.76,51484.62,317.31
2024-10-24,23192.52,51170.78,310.52
2024-10-25,23348.45,51514.82,309.17
2024-10-28,23198.07,51183.03,305.32
2024-10-29,22926.59,50584.04,301.6
2024-10-30,22820.43,50349.83,302.82
2024-11-01,22780.08,50261.53,301.84
2024-11-04,22965.39,50670.37,301.54
2024-11-05,23106.79,50982.36,300.63
2024-11-06,23217.38,51226.38,304.16
2024-11-07,23408.82,51648.76,305.91
2024-11-08,23553.89,51968.85,306.46
2024-11-11,23529.64,51915.34,303.72
2024-11-12,22981.77,50706.53,296.7
2024-11-13,22860.23,50438.36,295.77
2024-11-14,22715.38,50118.77,291.29
2024-11-15,22742.77,50179.21,290.78
2024-11-18,22546.54,49746.25,285.25
2024-11-19,22848.8,50413.13,291.26
2024-11-20,22688.36,50059.15,290.65
2024-11-21,22555.66,49766.37,293.49
2024-11-22,22904.32,50535.64,295.54
2024-11-25,22948.37,50633.11,297.24
2024-11-26,22678.76,50038.25,293.14
2024-11-27,22334.78,49279.3,287.85
2024-11-28,22298.9,49200.65,284.88
2024-11-29,22262.5,49120.33,290.15
2024-12-02,22736.93,50167.12,293.03
2024-12-03,23027.46,50808.14,294.63
2024-12-04,23255.33,51310.92,298.92
2024-12-05,23267.94,51338.84,301.37
2024-12-06,23193.27,51174.1,297.68
2024-12-09,23273.25,51350.59,298.51
2024-12-10,23125.08,51027.33,294.92
2024-12-11,22903.63,50538.67,294.79
2024-12-12,23046.8,50926.92,294.44
2024-12-13,23020.48,50868.77,294.95
2024-12-16,23039.9,50911.67,287.98
2024-12-17,23018.01,50863.3,295.64
2024-12-18,23168.67,51197.77,297.05
2024-12-19,22932.25,50675.89,297.25
2024-12-20,22510.25,49743.34,292.26
2024-12-23,23104.54,51056.61,293.52
2024-12-24,23120.24,51091.32,295.82
2024-12-25,23220.13,51312.04,295.3
2024-12-26,23246.94,51371.36,295.64
2024-12-27,23275.68,51434.88,294.49
2024-12-30,23190.2,51245.97,291.73
2024-12-31,23035.1,50903.23,294.48
2025-01-02,22832.06,50486.46,288.16
2025-01-03,22908.3,50655.05,289.32
2025-01-14,22797.52,50410.09,279.19
2025-01-15,22514.57,49784.43,278.3
2025-01-16,23025.1,50913.3,286.36
2025-01-17,23148.08,51185.24,284.09
2025-01-20,23266.82,51447.8,290.48
2025-01-21,23300.01,51521.48,289.01
2025-01-22,23525.41,52019.89,290.61
2025-02-03,22694.71,50183.03,278.21
2025-02-04,22793.96,50402.49,277.22
2025-02-05,23161.58,51215.38,282.64
2025-02-06,23316.6,51558.16,283.43
2025-02-07,23478.27,51915.65,287.49
2025-02-10,23252.14,51415.63,282.43
2025-02-11,23384.05,51707.3,282.71
2025-02-12,23289.75,51498.78,281.19
2025-02-13,23399.41,51741.27,283.22
2025-02-14,23152.61,51195.54,281.89
2025-02-17,23505.33,51975.47,286.27
2025-02-18,23666.11,52331.01,292.47
2025-02-19,23604.08,52193.85,292.89
2025-02-20,23487.46,51935.96,292.62
2025-02-21,23730.25,52472.84,294.75
2025-02-24,23565.31,52108.12,294.46
2025-02-25,23285.72,51489.87,293.14
2025-02-26,23402.55,51748.22,292.55
2025-02-27,23053.18,50975.67,290.56
2025-03-03,22756.25,50319.09,285.25
2025-03-04,22596.88,49966.71,284.72
2025-03-05,22871.9,50574.84,290.22
2025-03-06,22715.43,50228.85,291.89
2025-03-07,22576.07,49920.68,287.68
2025-03-10,22459.15,49662.16,284.41
2025-03-11,22071.09,48804.06,279.08
2025-03-12,22278.36,49262.37,278.39
2025-03-13,21961.68,48563.54,275.62
2025-03-14,21968.05,48577.62,276.5
2025-03-17,22118.63,48910.7,276.56
2025-03-18,22271.67,49330.94,281.06
2025-03-19,21960.83,48642.44,276.46
2025-03-20,22377.26,49577.9,281.5
2025-03-21,22209.1,49206.44,280.37
2025-03-24,22106.64,48979.66,275.77
2025-03-25,22273.19,49349.28,276.63
2025-03-26,22260.29,49321.23,277.08
2025-03-27,21951.76,48649.66,272.6
2025-03-28,21602.89,47876.79,266.11
2025-03-31,20695.9,45866.82,250.45
2025-04-01,21280.17,47166.3,257.8
2025-04-02,21298.22,47206.32,259.78
2025-04-07,19232.35,42627.45,234.03
2025-04-08,18459.95,40915.49,216.96
2025-04-09,17391.76,38547.9,200.39
2025-04-10,19000.03,42114.04,219.68
2025-04-11,19528.77,43286.58,226.75
2025-04-14,19513.09,43251.81,231.0
2025-04-15,19857.67,44015.61,239.84
2025-04-16,19468.0,43151.88,234.47
2025-04-17,19338.73,42868.63,233.03
2025-04-18,19395.03,42993.52,232.67
2025-04-21,19106.2,42353.26,226.47
2025-04-22,18793.43,41659.94,222.01
2025-04-23,19639.14,43534.64,232.88
2025-04-24,19478.81,43181.51,235.7
2025-04-25,19872.73,44054.94,241.43
2025-04-28,20034.41,44413.35,242.86
2025-04-29,20232.63,44852.79,244.87
2025-04-30,20235.03,44858.1,241.1
2025-05-02,20787.64,46083.15,245.89
2025-05-05,20532.99,45518.63,241.99
2025-05-06,20522.59,45495.58,244.64
2025-05-07,20546.49,45548.57,241.84
2025-05-08,20543.4,45541.7,244.56
2025-05-09,20915.04,46365.58,245.26
2025-05-12,21129.54,46841.1,248.32
2025-05-13,21330.14,47285.85,252.6
2025-05-14,21782.87,48289.47,256.82
2025-05-15,21730.25,48172.83,254.48
2025-05-16,21843.69,48424.31,255.95
2025-05-19,21523.83,47715.23,249.21
2025-05-20,21526.03,47720.09,250.87
2025-05-21,21803.91,48336.11,254.01
2025-05-22,21670.96,48046.91,251.52
2025-05-23,21652.24,48005.4,250.52
2025-05-26,21536.57,47748.95,249.39
2025-05-27,21336.54,47306.54,248.35
2025-05-28,21357.72,47355.66,249.27
2025-05-29,21347.3,47332.56,252.56
2025-06-02,21002.71,46569.74,244.68
2025-06-03,21126.93,46856.93,245.04
2025-06-04,21618.09,47947.73,250.43
2025-06-05,21674.43,48072.81,253.0
2025-06-06,21660.66,48042.29,252.96
2025-06-09,21790.29,48329.93,254.23
2025-06-10,22242.14,49336.29,260.28
2025-06-11,22470.1,49845.86,265.39
2025-06-12,22287.82,49534.6,265.59
2025-06-13,22072.95,49070.32,261.15
2025-06-16,22049.9,49027.83,261.38
2025-06-17,22211.59,49419.49,260.95
2025-06-18,22356.73,49746.91,261.23
2025-06-19,22003.5,49022.06,256.86
2025-06-20,22045.74,49127.61,253.93
2025-06-23,21732.02,48437.09,254.62
2025-06-24,22188.76,49509.89,260.99
2025-06-25,22430.61,50058.43,264.26
2025-06-26,22492.34,50224.51,263.94
2025-06-27,22580.08,50427.06,264.77
2025-06-30,22256.02,49791.93,261.83
2025-07-01,22553.72,50527.22,263.72
2025-07-02,22577.74,50672.94,263.87
2025-07-03,22712.97,51049.21,266.92
2025-07-04,22547.5,50678.19,264.23
2025-07-07,22428.72,50415.15,260.49
2025-07-08,22362.27,50278.7,260.26
2025-07-09,22527.01,50715.81,264.02
2025-07-10,22693.25,51118.84,263.14
2025-07-11,22751.03,51254.2,263.71
2025-07-14,22614.97,50982.13,261.38
2025-07-15,22835.94,51498.65,263.56
2025-07-16,23042.9,51974.2,264.37
2025-07-17,23113.28,52160.94,267.48
2025-07-18,23383.13,52773.96,267.38
2025-07-21,23340.56,52680.96,264.91
2025-07-22,22987.92,51905.67,256.87
2025-07-23,23318.67,52657.75,261.76
2025-07-24,23373.73,52799.26,261.87
2025-07-25,23364.38,52783.23,262.02
2025-07-28,23412.98,52894.49,262.86
2025-07-29,23201.52,52418.25,260.13
2025-07-30,23461.72,53024.7,259.47
2025-07-31,23542.52,53241.87,261.77
2025-08-01,23434.38,52997.73,263.47
2025-08-04,23378.94,52873.7,261.41
2025-08-05,23660.59,53516.83,266.08
2025-08-06,23447.36,53036.14,264.15
2025-08-07,24003.77,54325.17,272.02
2025-08-08,24021.26,54367.25,273.34
2025-08-11,24135.5,54627.86,274.41
2025-08-12,24158.36,54696.4,277.36
2025-08-13,24370.02,55197.85,279.02
2025-08-14,24238.1,54902.49,282.0
2025-08-15,24334.48,55122.88,281.56
2025-08-18,24482.52,55458.79,285.8
2025-08-19,24353.5,55173.11,284.46
2025-08-20,23625.44,53523.93,275.64
2025-08-21,23962.13,54300.41,281.46
2025-08-22,23764.47,53853.13,279.1
2025-08-25,24277.38,55019.08,283.34
2025-08-26,24305.1,55085.2,288.38
2025-08-27,24519.9,55573.36,293.4
2025-08-28,24236.45,54944.81,293.6
2025-08-29,24233.1,54937.67,295.31
2025-09-01,24071.73,54572.57,293.87
2025-09-02,24016.78,54454.98,290.46
2025-09-03,24100.3,54644.67,293.65
2025-09-04,24179.85,54829.75,294.43
2025-09-05,24494.58,55543.47,301.59
2025-09-08,24547.38,55664.43,302.14
2025-09-09,24855.18,56362.76,301.97
2025-09-10,25192.59,57137.59,303.77
2025-09-11,25215.71,57190.09,299.69
2025-09-12,25474.64,57777.38,302.9
2025-09-15,25357.16,57511.37,298.91
2025-09-16,25629.64,58222.31,304.43
2025-09-17,25438.25,57787.89,300.95
2025-09-18,25769.36,58542.19,308.87
2025-09-19,25578.37,58108.3,310.74
2025-09-22,25880.6,58794.92,315.77
2025-09-23,26247.37,59630.95,315.28
2025-09-24,26196.73,59515.92,314.35
2025-09-25,26023.85,59128.11,310.72
2025-09-26,25580.32,58120.39,301.65
2025-09-30,25820.54,58666.67,308.97
2025-10-01,25982.91,59035.59,309.06
2025-10-02,26378.39,59934.34,312.72
2025-10-03,26761.06,60804.03,315.15
2025-10-07,27211.95,61828.55,316.63
2025-10-08,27063.68,61491.72,318.99
2025-10-09,27301.92,62033.02,319.04
2025-10-13,26923.42,61173.03,312.52
2025-10-14,26793.15,60877.04,303.57
2025-10-15,27275.71,61973.47,312.38
2025-10-16,27647.87,62819.33,317.84
2025-10-17,27302.37,62034.31,313.54
2025-10-20,27688.63,62911.94,316.35
2025-10-21,27752.41,63056.93,318.28
2025-10-22,27648.91,62821.76,314.73
2025-10-23,27532.26,62556.91,312.1
2025-10-27,27993.63,63605.41,316.03
2025-10-28,27949.11,63504.33,317.39
2025-10-29,28294.74,64289.65,317.73
2025-10-30,28287.53,64273.28,315.59
2025-10-31,28233.35,64150.19,319.36
2025-11-03,28334.59,64380.22,321.45
2025-11-04,28116.56,63884.88,314.09
2025-11-05,27717.06,62977.17,311.58
2025-11-06,27899.45,63391.57,317.37
2025-11-07,27651.41,62827.98,312.56
2025-11-10,27869.51,63323.54,310.19
2025-11-11,27784.95,63131.41,307.72
2025-11-12,27947.09,63499.81,310.22
2025-11-13,27903.56,63400.91,314.04
2025-11-14,27397.5,62251.08,307.56
2025-11-17,27447.31,62364.25,309.74
2025-11-18,26756.12,60793.77,301.66
2025-11-19,26580.12,60393.87,295.6
2025-11-20,27426.36,62316.65,306.73
2025-11-21,26434.94,60063.99,296.08
2025-11-24,26504.24,60221.51,301.88
2025-11-25,26912.17,61148.37,308.34
2025-11-26,27409.54,62278.47,309.12
2025-11-27,27554.53,62607.98,312.4
2025-11-28,27626.48,62771.46,319.15
2025-12-01,27342.53,62126.28,313.82
2025-12-02,27564.27,62630.12,311.64
2025-12-03,27793.04,63149.99,312.58
2025-12-04,27795.71,63156.05,310.5
2025-12-05,27980.89,63576.81,313.05
2025-12-08,28303.78,64310.47,316.31
2025-12-09,28182.6,64035.66,319.5
2025-12-10,28400.73,64531.31,321.19
2025-12-11,28024.75,63767.6,319.63
2025-12-12,28198.02,64161.86,322.19
2025-12-15,27866.94,63408.51,320.74
2025-12-16,27536.66,62657.0,311.47
2025-12-17,27525.17,62630.84,312.67
2025-12-18,27468.53,62502.32,309.71
2025-12-19,27696.35,63020.79,315.29
2025-12-22,28149.64,64052.29,321.26
2025-12-23,28310.47,64419.6,323.14
2025-12-24,28371.98,64559.75,328.57
2025-12-26,28556.02,64978.52,331.38
2025-12-29,28810.89,65558.49,334.15
2025-12-30,28707.13,65322.39,338.17
2025-12-31,28963.6,65905.98,341.47
2026-01-02,29349.81,66784.78,343.59
2026-01-05,30105.04,68503.29,341.68
2026-01-06,30576.3,69608.78,348.31
2026-01-07,30435.47,69288.18,352.29
2026-01-08,30360.55,69118.22,349.57
2026-01-09,30288.96,68955.23,346.57
2026-01-12,30567.29,69588.87,357.77
2026-01-13,30707.22,69907.42,356.29
2026-01-14,30941.78,70441.42,363.25
2026-01-15,30810.58,70142.74,363.98
2026-01-16,31408.7,71504.42,368.18
2026-01-19,31639.29,72029.36,371.09
2026-01-20,31759.99,72304.15,375.56
2026-01-21,31246.37,71134.86,368.29
2026-01-22,31746.08,72272.56,377.59
2026-01-23,31961.51,72762.98,381.14
2026-01-26,32064.52,72997.5,387.39
2026-01-27,32317.92,73574.39,393.13
2026-01-28,32803.82,74680.58,402.28
2026-01-29,32536.27,74071.48,396.86
2026-01-30,32063.75,72995.76,390.78
2026-02-02,31624.03,71994.7,380.91
2026-02-03,32195.36,73295.38,387.7
2026-02-04,32289.81,73510.4,392.23
2026-02-05,31801.27,72398.2,382.59
2026-02-06,31782.92,72356.43,374.13
2026-02-09,32404.62,73771.78,386.41
2026-02-10,33072.97,75293.33,386.11
2026-02-11,33605.71,76506.14,389.03
2026-02-23,33773.26,76887.59,398.99
2026-02-24,34700.82,78999.25,413.13
2026-02-25,35413.07,80620.75,415.79
2026-02-26,35414.49,80623.98,419.22
2026-03-02,35095.09,79896.85,417.75
2026-03-03,34323.65,78140.6,407.18
2026-03-04,32828.88,74737.64,384.08
2026-03-05,33672.94,76659.21,401.29
2026-03-06,33599.54,76492.11,404.7
2026-03-09,32110.42,73102.0,376.52
2026-03-10,32771.87,74607.85,392.04
2026-03-11,34114.19,77663.74,416.9
2026-03-12,33581.86,76452.48,417.82
2026-03-13,33400.32,76039.19,419.82
2026-03-16,33342.51,75907.87,427.51
2026-03-17,33836.57,77143.47,434.34
2026-03-18,34348.58,78311.56,449.52
2026-03-19,33689.68,76819.8,452.32
2026-03-20,33543.88,76490.31,449.3
2026-03-23,32722.5,74617.31,428.53
2026-03-24,32612.24,74366.25,420.48
2026-03-25,33439.11,76258.51,442.1
2026-03-26,33337.62,76035.18,440.12
2026-03-27,33112.59,75529.53,444.11
2026-03-30,32518.16,74173.91,435.89
2026-03-31,31722.99,72360.16,413.99
2026-04-01,33174.82,75674.58,438.94
2026-04-02,32572.43,74300.61,433.31
2026-04-07,33229.82,75800.17,448.54
2026-04-08,34761.38,79293.86,477.84
2026-04-09,34861.16,79523.06,480.48
2026-04-10,35417.83,80793.42,493.44
2026-04-13,35457.29,80883.44,495.84
2026-04-14,36296.12,82796.95,503.65
2026-04-15,36722.14,83768.84,511.12
2026-04-16,37132.02,84707.06,524.21
2026-04-17,36804.34,83959.54,536.41
2026-04-20,36958.8,84311.91,558.3
2026-04-21,37605.11,85786.3,571.1
2026-04-22,37878.47,86409.88,576.95
2026-04-23,37714.15,86036.19,554.86
2026-04-24,38932.4,88816.62,556.81
2026-04-27,39616.63,90377.55,549.15
2026-04-28,39521.73,90161.06,557.03
2026-04-29,39303.5,89663.32,558.21
2026-04-30,38926.63,88803.55,561.14
2026-05-04,40705.14,92860.88,587.73
2026-05-05,40769.29,93007.22,602.31
2026-05-06,41138.85,93850.32,610.61
2026-05-07,41933.78,95663.79,622.83
2026-05-08,41603.94,94911.32,610.38
2026-05-11,41790.06,95335.91,636.62
2026-05-12,41898.32,95582.88,643.92
2026-05-13,41374.5,94387.91,635.01
2026-05-14,41751.75,95248.52,648.74
2026-05-15,41172.36,93926.76,618.05
