ticker,name,pagerank,betweenness,theme_pagerank,theme_degree,is_twse_listed
6415,矽力*-KY,,,0.0065740655900165,190.0,1
6451,訊芯-KY,,,0.0013326377786867,22.0,1
1219,福壽,,,,,1
2608,嘉里大榮,,,,,1
1217,愛之味,,,,,1
1234,黑松,,,,,1
1409,新纖,,,,,1
1313,聯成,,,,,1
1339,昭輝,,,,,1
1522,堤維西,,,,,1
1524,耿鼎,,,,,1
4543,萬在,,,,,1
1587,吉茂,,,,,1
1447,力鵬,,,,,1
1464,得力,,,,,1
2916,滿心,,,,,1
1417,嘉裕,,,,,1
1460,宏遠,,,,,1
4414,如興,,,,,1
1514,亞力,,,,,1
6869,雲豹能源,,,,,1
1598,岱宇,,,,,1
2748,雲品,,,,,1
1568,倉佑,,,,,1
6491,晶碩,,,,,1
4771,望隼,,,,,1
6782,視陽,,,,,1
2067,嘉鋼,,,,,1
2035,唐榮,,,,,1
1608,華榮,,,,,1
1618,合機,,,,,1
6873,泓德能源,,,,,1
1294,漢田生技,,,,,1
3705,永信,,,,,1
6472,保瑞,,,,,1
1712,興農,,,,,1
1730,花仙子,,,,,1
6589,台康生技,,,,,1
4728,雙美,,,,,1
1817,凱撒衛,,,,,1
6504,南六,,,,,1
2023,燁輝,,,,,1
2211,長榮鋼,,,,,1
2015,豐興,,,,,1
2028,威致,,,,,1
2020,美亞,,,,,1
2029,盛餘,,,,,1
2034,允強,,,,,1
2030,彰源,,,,,1
6584,南俊國際,,,,,1
6712,長聖,,,,,1
3276,宇環,,,,,1
1528,恩德,,,,,1
4533,協易機,,,,,1
3033,威健,,,,,1
2468,華經,,,,,1
5244,弘凱,,,,,1
6166,凌華,,,,,1
2397,友通,,,,,1
3088,艾訊,,,,,1
5536,聖暉*,,,,,1
2424,隴華,,,,,1
6101,寬魚國際,,,,,1
6265,方土昶,,,,,1
6525,捷敏-KY,,,,,1
2430,燦坤,,,,,1
6281,全國電,,,,,1
4967,十銓,,,,,1
6126,信音,,,,,1
6689,伊雲谷,,,,,1
6112,邁達特,,,,,1
6690,安碁資訊,,,,,1
3317,尼克森,,,,,1
5258,虹堡,,,,,1
2542,興富發,,,,,1
2520,冠德,,,,,1
2739,寒舍,,,,,1
5533,皇鼎,,,,,1
2617,台航,,,,,1
2641,正德,,,,,1
5609,中菲行,,,,,1
2729,瓦城,,,,,1
2752,豆府,,,,,1
2706,第一店,,,,,1
2745,五福,,,,,1
2743,山富,,,,,1
2888,新光金(下市),,,,,1
6024,群益期,,,,,1
4572,駐龍,,,,,1
5007,三星,,,,,1
6679,鈺太,,,,,1
6933,AMAX-KY,,,,,1
3363,上詮,,,,,1
6569,醫揚,,,,,1
6206,飛捷,,,,,1
8234,新漢,,,,,1
3564,其陽,,,,,1
3048,益登,,,,,1
6806,森崴能源,,,,,1
3015,全漢,,,,,1
6643,M31,,,,,1
8112,至上,,,,,1
2484,希華,,,,,1
3221,台嘉碩,,,,,1
4960,誠美材,,,,,1
4976,佳凌,,,,,1
6283,淳安,,,,,1
5484,慧友,,,,,1
2440,太空梭,,,,,1
4527,方土霖,,,,,1
4526,東台,,,,,1
4942,嘉彰,,,,,1
3526,凡甲,,,,,1
6747,亨泰光(下櫃),,,,,1
6243,迅杰,,,,,1
6719,力智,,,,,1
5299,杰力,,,,,1
6830,汎銓,,,,,1
6542,隆中,,,,,1
3504,揚明光,,,,,1
3224,三顧,,,,,1
3128,昇銳,,,,,1
3630,新鉅科,,,,,1
4999,鑫禾,,,,,1
6532,瑞耘,,,,,1
3551,世禾,,,,,1
3234,光環,,,,,1
6246,臺龍,,,,,1
3455,由田,,,,,1
1582,信錦,,,,,1
6443,元晶,,,,,1
6244,茂迪,,,,,1
6477,安集,,,,,1
3010,華立,,,,,1
6840,東研信超,,,,,1
2478,大毅,,,,,1
7722,LINEPAY,,,,,1
6180,橘子,,,,,1
3546,宇峻,,,,,1
1788,杏昌,,,,,1
6547,高端疫苗,,,,,1
1714,和桐,,,,,1
1752,南光,,,,,1
6794,向榮生技,,,,,1
8482,商億-KY,,,,,1
2066,世德,,,,,1
6637,醫影,,,,,1
8403,盛弘,,,,,1
1321,大洋,,,,,1
3178,公準,,,,,1
8083,瑞穎,,,,,1
2483,百容,,,,,1
4737,華廣,,,,,1
1733,五鼎,,,,,1
2419,仲琦,,,,,1
2314,台揚,,,,,1
2331,精英,,,,,1
8076,伍豐,,,,,1
8213,志超,,,,,1
8099,大世科,,,,,1
8284,三竹,,,,,1
6752,叡揚,,,,,1
6776,展碁國際,,,,,1
1711,永光,,,,,1
2489,瑞軒,,,,,1
6741,91APP*-KY,,,,,1
5321,美而快,,,,,1
4755,三福化,,,,,1
8409,商之器,,,,,1
1808,潤隆,,,,,1
2719,燦星旅,,,,,1
2734,易飛網,,,,,1
2834,臺企銀,,,,,1
2908,特力,,,,,1
3540,曜越,,,,,1
6438,迅得,,,,,1
6667,信紘科,,,,,1
6691,洋基工程,,,,,1
2543,皇昌,,,,,1
5521,工信,,,,,1
2427,三商電,,,,,1
5403,中菲,,,,,1
3236,千如,,,,,1
3501,維熹,,,,,1
3339,泰谷,,,,,1
6517,保勝光學,,,,,1
2241,艾姆勒,,,,,1
5283,禾聯碩,,,,,1
1604,聲寶,,,,,1
3357,臺慶科,,,,,1
6224,聚鼎,,,,,1
6533,晶心科,,,,,1
1521,大億,,,,,1
8027,鈦昇,,,,,1
5227,立凱-KY,,,,,1
6204,艾華,,,,,1
6205,詮欣,,,,,1
6485,點序,,,,,1
6695,芯鼎,,,,,1
6435,大中,,,,,1
6803,崑鼎,,,,,1
6923,中台,,,,,1
2012,春雨,,,,,1
8473,山林水,,,,,1
8936,國統,,,,,1
1784,訊聯,,,,,1
6615,慧智,,,,,1
8931,大汽電,,,,,1
6768,志強-KY,,,,,1
6890,來億-KY,,,,,1
9802,鈺齊-KY,,,,,1
9925,新保,,,,,1
3703,欣陸,,,,,1
4438,廣越,,,,,1
9905,大華,,,,,1
2535,達欣工,,,,,1
3663,鑫科,,,,,1
4721,美琪瑪,,,,,1
4739,康普,,,,,1
2013,中鋼構,,,,,1
2010,春源,,,,,1
2330,台積電,0.0038271951313492,0.0117422151185588,0.002126616927137,44.0,1
AAPL,Apple (蘋果 - 終端客戶),0.003781757448806,0.0052271339534061,,,0
2347,聯強,0.0029647424214978,0.0004062680211426,0.004680970981128,136.0,1
NVDA,Nvidia (輝達 - 終端),0.0025302222246643,0.0138733054369341,,,0
2317,鴻海,0.002343808529071,0.0103470148957649,0.0037713199532344,106.0,1
6148,驊宏資,0.0020978226688983,0.0002617799421931,0.0031844912337825,88.0,1
DELL,Dell (戴爾),0.0020368667823017,0.0001668863704651,,,0
TSLA,Tesla (特斯拉),0.001938372551838,0.0,,,0
MSFT,Microsoft (微軟),0.001934487680441,0.007937139820547,,,0
HPQ,HP (惠普),0.0018367598832248,6.234337149357479e-05,,,0
AMZN,Amazon (亞馬遜),0.0018349537445841,0.0012755804505206,,,0
5478,智冠,0.001780568917687,0.0048166390348826,0.000896933054001,3.0,1
2382,廣達,0.0016982595098863,0.0016237793051059,0.0058670294580136,173.0,1
2357,華碩,0.0015838229365321,0.0007633042351339,0.0043188125851505,126.0,1
0992.HK,Lenovo (聯想 - JV Partner),0.0014374430700973,0.0,,,0
2383,台光電,0.001417660873503,0.0008914673355303,0.0034253068144581,86.0,1
AMD,AMD (超微 - 終端),0.001333541698422,0.0012045784124367,,,0
2303,聯電,0.0013334242813769,0.0070453397267644,0.001586687863026,30.0,1
2308,台達電,0.0013167784422972,0.0037929523192886,0.0017457008141332,31.0,1
5203,訊連,0.0013151265866,0.000175688460478,0.0006176029406552,7.0,1
2327,國巨*,0.0012825323592833,0.0015811186968305,0.0049047322245177,131.0,1
2412,中華電,0.0012785274758775,0.0012912139425447,0.0038833929929041,107.0,1
2465,麗臺,0.0012352481728983,0.0002081823097599,0.003488799458578,97.0,1
2610,華航,0.0012284137584537,3.5448936045608066e-05,0.0020781801921853,9.0,1
META,Meta (臉書),0.0011807374744162,0.0,,,0
INTC,Intel (英特爾/Barefoot),0.0011751071520854,0.0035147402233556,,,0
3037,欣興,0.0011453265150331,0.0016021843342821,0.0034186621316539,93.0,1
2345,智邦,0.0011264817585408,0.0015070376500771,0.0019268696412394,41.0,1
3711,日月光投控,0.0010863004823683,0.0014519015150006,0.0016548180429712,32.0,1
2368,金像電,0.001073551157713,0.0003743556643695,0.0013922109441272,27.0,1
2301,光寶科,0.0010725541014148,0.0018563871133633,0.0033269350562475,93.0,1
005930.KS,Samsung (三星 - NB),0.0010699803246632,0.0013719074037216,,,0
2450,神腦,0.0010637535455536,0.000206319843768,0.0021653066939332,56.0,1
4904,遠傳,0.0010187733210562,0.0002586758322067,0.0013332219988318,25.0,1
3045,台灣大,0.001004487492001,0.0004628227989842,0.0037499069429839,103.0,1
2731,雄獅,0.0010002748821868,1.7072604925643115e-05,0.0005116527790739,2.0,1
2324,仁寶,0.0009731387139843,0.0003593690984005,0.0058264888504153,172.0,1
SMCI,Supermicro (美超微),0.0009686932469847,2.2612578998736905e-05,,,0
2206,三陽工業,0.0009680284261935,3.3110506522459374e-06,0.0015852707082901,27.0,1
3231,緯創,0.0009679469703723,0.0021090621140377,0.0023081039246842,58.0,1
2454,聯發科,0.0009677277442865,0.0018947553619179,0.0032940046434948,80.0,1
2353,宏碁,0.000951445516107,0.000418020144846,0.0023472699389195,53.0,1
2376,技嘉,0.0009399445595208,0.0016546570491272,0.0029123018825348,84.0,1
2882,國泰金,0.0009156234158912,0.0003122734646399,0.000594443796813,3.0,1
1101,台泥,0.0008950979917816,0.0005155409335879,0.0011561951151495,12.0,1
2002,中鋼,0.0008924744690221,0.0013239328227725,0.001648015363602,13.0,1
2618,長榮航,0.0008758991690479,2.9737373670483827e-05,0.0025539403482546,11.0,1
1211.HK,BYD (比亞迪),0.0008622013930581,0.0,,,0
3406,玉晶光,0.0008489607145354,0.0001872094858184,0.0007903079355243,9.0,1
8299,群聯,0.0008446057286561,0.0017732563518135,0.0023922254529391,46.0,1
3017,奇鋐,0.0008441462328044,0.0005028457192518,0.0006762154110681,9.0,1
2634,漢翔,0.0008434187332875,4.081904632221945e-05,0.0008954352600499,9.0,1
8046,南電,0.000841412550155,0.0006422556270879,0.0035030318755006,93.0,1
2890,永豐金,0.000827193239605,0.0003091693546534,0.0012127702779953,9.0,1
2377,微星,0.0008219639933328,0.0005606475670244,0.0049649585250789,142.0,1
6409,旭隼,0.0008183167756323,0.0007361871777291,0.0010762304301119,13.0,1
6515,穎崴,0.0008166816574314,0.0004644060305269,,,1
1227,佳格,0.0008143583840553,4.583735746702969e-05,0.0017265582419217,12.0,1
2207,和泰車,0.0008048200071724,2.669534588373287e-05,0.0003052813676605,0.0,1
2313,華通,0.0007991568924047,0.0002573198192162,0.0053778999544908,155.0,1
2395,研華,0.0007964061756599,0.0019225510154366,0.002194532353873,43.0,1
GOOGL,Google (谷歌),0.0007958844106438,0.0003273032661166,,,0
2393,億光,0.0007831023126959,0.0002576411288778,0.0015768591901068,25.0,1
2881,富邦金,0.00077842231645,0.0003116526426426,0.0014452355947229,12.0,1
2903,遠百,0.0007773811657902,1.3037261943218378e-05,0.0010769273875377,6.0,1
MU,Micron (美光),0.0007771287982236,0.0005000097507049,,,0
2409,友達,0.0007764418865668,0.0006893793332711,0.0010892954080419,7.0,1
4958,臻鼎-KY,0.0007747670431477,0.0004156731218164,0.0043994630029602,128.0,1
4743,合一,0.0007622957965586,2.2763473234190818e-06,0.0020352091177368,2.0,1
6274,台燿,0.0007622837339148,0.0002511916854835,0.0015790522193808,27.0,1
8454,富邦媒,0.0007607818945135,0.0002584171563745,0.0013537090435903,15.0,1
5457,宣德,0.0007607717320976,0.0002076649580955,0.0020743747425802,50.0,1
4142,國光生,0.0007600117750893,2.5867583220671385e-06,0.0012659771550826,4.0,1
1904,正隆,0.0007569829631546,4.9665759783689065e-06,0.0008983527839098,7.0,1
2059,川湖,0.0007569829631546,0.0002489496209157,0.0034423042660126,91.0,1
2421,建準,0.0007569829631546,0.0002498808539116,0.0039422979107225,105.0,1
2707,晶華,0.0007569829631546,2.1728769905363965e-06,0.00092838409255,5.0,1
3661,世芯-KY,0.0007444696664723,0.0005836902876232,0.0042491061339678,125.0,1
3008,大立光,0.0007346057963208,0.0002595757366852,0.0014240064081389,20.0,1
3481,群創,0.0007339526441246,0.0005143797162235,0.0017276885275434,29.0,1
5371,中光電,0.0007264121738551,0.000466547730968,0.0011300115045232,16.0,1
CSCO,Cisco (思科),0.0007243725589531,0.0044148535539089,,,0
3044,健鼎,0.0007241972006873,0.0001529300477706,0.0044775644827071,129.0,1
2329,華泰,0.0007207324597123,0.0002728771353948,0.0030021554032886,84.0,1
5607,遠雄港,0.0007188398292275,0.0015101594767884,0.0007434632080017,4.0,1
3163,波若威,0.0007185987380652,3.042027786750955e-05,0.0012126210405615,17.0,1
6239,力成,0.0007164053911598,0.0002481445630651,0.0007682009388986,8.0,1
2458,義隆,0.0007159824287768,0.000634106756659,0.0007259177821401,6.0,1
8261,富鼎,0.0007151860241174,0.0003285262661589,0.0013505124043305,19.0,1
2027,大成鋼,0.0007143433667058,6.208219972961133e-06,0.000664626392457,6.0,1
9945,潤泰新,0.0007095344307989,0.0004571836658421,0.002729236209963,26.0,1
3665,貿聯-KY,0.0007033901488668,0.0003903288946508,0.0027042470571305,67.0,1
1907,永豐餘,0.0007024761491936,7.760274966201416e-06,0.0005153970194383,1.0,1
2880,華南金,0.0007011361891379,0.0003091693546534,0.0018878478560647,16.0,1
2884,玉山金,0.0007008667266666,0.0002581584805423,0.002471076295225,23.0,1
2204,中華,0.0006974614571088,1.696913459276043e-05,0.0019194391809679,47.0,1
6214,精誠,0.0006962940328855,0.0011412389357625,0.004178623743584,96.0,1
1476,儒鴻,0.000692649910002,3.259746612191603e-05,0.0018823852472689,17.0,1
3293,鈊象,0.0006914728354106,0.0003128942866372,0.0004088098792698,2.0,1
2231,為升,0.0006857580033156,0.0004122258062046,0.0012730301586889,11.0,1
1215,卜蜂,0.0006853108923106,1.4899727935106718e-05,0.0011176992132116,6.0,1
5706,鳳凰,0.0006837066876284,1.6296577429022973e-05,0.0026429025501812,24.0,1
3687,歐買尬,0.0006821621932714,0.0002625559696898,0.0006140041207465,5.0,1
9917,中保科,0.0006821621932714,0.0002625559696898,0.0020590417047681,23.0,1
3026,禾伸堂,0.0006815849854813,0.0004738558189517,0.0011695247907601,15.0,1
8069,元太,0.0006784415518655,0.0006321707592768,0.0010234913258749,11.0,1
QCOM,Qualcomm (高通),0.000670175310853,0.0008282947038372,,,0
3617,碩天,0.000668334536252,0.0004707857738851,0.0012565199459125,21.0,1
1218,泰山,0.0006667564359433,5.173516644134277e-05,0.001696098832386,13.0,1
3130,一零四,0.0006649403095016,0.0002617799421931,0.0004375536143153,1.0,1
6182,合晶,0.0006621166000998,0.0001924423701312,0.0028003484528938,58.0,1
3189,景碩,0.0006608449845386,0.0002043678362372,0.0033298238490306,88.0,1
3019,亞光,0.0006528708290362,0.000276581373312,0.0016713141666242,28.0,1
1231,聯華食,0.0006514602316351,4.1388133153074215e-06,0.0018158271017466,13.0,1
1513,中興電,0.0006514602316351,2.5867583220671385e-06,0.0011613428865826,13.0,1
1519,華城,0.0006514602316351,2.5867583220671385e-06,0.003777039756943,101.0,1
1532,勤美,0.0006514602316351,2.5867583220671385e-06,0.0013243337445273,10.0,1
1533,車王電,0.0006514602316351,2.5867583220671385e-06,0.0004036495923652,1.0,1
1536,和大,0.0006514602316351,2.5867583220671385e-06,0.0030861536844359,73.0,1
1560,中砂,0.0006514602316351,0.0002087513965908,0.0008570224639487,7.0,1
1565,精華,0.0006514602316351,3.621461650893994e-06,0.0016128202248238,13.0,1
1589,永冠-KY,0.0006514602316351,2.5867583220671385e-06,0.0016328863575971,20.0,1
1605,華新,0.0006514602316351,0.0002511742330727,0.0025920372462939,28.0,1
1609,大亞,0.0006514602316351,0.0002113381549128,0.0017791041351686,19.0,1
1707,葡萄王,0.0006514602316351,0.0,0.0017530509178361,9.0,1
1736,喬山,0.0006514602316351,2.5867583220671385e-06,0.0003052813676605,0.0,1
1762,中化生,0.0006514602316351,2.5867583220671385e-06,0.0005588882232817,1.0,1
1785,光洋科,0.0006514602316351,0.0002092687482552,0.0011352263603097,15.0,1
1802,台玻,0.0006514602316351,0.0003080829161581,0.0035536068929338,91.0,1
1810,和成,0.0006514602316351,2.5867583220671385e-06,0.0006518684257739,6.0,1
1815,富喬,0.0006514602316351,0.0003075655644937,0.0008773911050664,13.0,1
1903,士紙,0.0006514602316351,2.5867583220671385e-06,0.002068239746312,19.0,1
1909,榮成,0.0006514602316351,2.5867583220671385e-06,0.000971080609691,6.0,1
2006,東和鋼鐵,0.0006514602316351,0.0002234959190266,0.0013369827734623,22.0,1
2233,宇隆,0.0006514602316351,2.3280824898604246e-06,0.0037478390727107,100.0,1
2312,金寶,0.0006514602316351,4.397489147514136e-06,0.0044917160986738,115.0,1
2328,廣宇,0.0006514602316351,0.0002087513965908,0.0046052523018266,132.0,1
2351,順德,0.0006514602316351,0.0002118555065772,0.0048419583356371,140.0,1
2354,鴻準,0.0006514602316351,0.0002082340449264,0.0012296488865107,21.0,1
2360,致茂,0.0006514602316351,0.0002131488857383,0.0007842624678261,11.0,1
2385,群光,0.0006514602316351,1.2933791610335693e-06,0.0046747764216165,133.0,1
2392,正崴,0.0006514602316351,0.0002077166932619,0.0027912128055477,80.0,1
2723,美食-KY,0.0006514602316351,1.2933791610335693e-06,0.0013091110902079,5.0,1
2727,王品,0.0006514602316351,1.5520549932402832e-06,0.0016392770263001,12.0,1
3030,德律,0.0006514602316351,0.0002079753690941,0.0050635446263906,133.0,1
3376,新日興,0.0006514602316351,0.0002079753690941,0.0046097908533324,135.0,1
3413,京鼎,0.0006514602316351,0.0002141835890671,0.000925020767187,6.0,1
3450,聯鈞,0.0006514602316351,0.0002079753690941,0.0012538183746329,16.0,1
3483,力致,0.0006514602316351,9.053654127234984e-06,0.0041370801071352,111.0,1
3491,昇達科,0.0006514602316351,0.0002079753690941,0.002143057807402,47.0,1
3535,晶彩科,0.0006514602316351,0.0002071993415975,0.0015448226972807,20.0,1
3548,兆利,0.0006514602316351,0.0002079753690941,0.0008699340531716,8.0,1
3563,牧德,0.0006514602316351,0.00024030984812,0.0013978965544282,18.0,1
3583,辛耘,0.0006514602316351,0.0002095274240874,0.0008586281775643,8.0,1
3624,光頡,0.0006514602316351,1.2933791610335693e-06,0.0011127130346937,16.0,1
3653,健策,0.0006514602316351,0.0002074580174297,0.0009458978713231,15.0,1
3689,湧德,0.0006514602316351,0.0002079753690941,0.0020304864136812,38.0,1
4104,佳醫,0.0006514602316351,1.2933791610335693e-06,0.0013783746964279,21.0,1
4105,東洋,0.0006514602316351,1.2933791610335693e-06,0.0022128798243912,8.0,1
4106,雃博,0.0006514602316351,1.2933791610335693e-06,0.000868297126761,6.0,1
4107,邦特,0.0006514602316351,1.2933791610335693e-06,0.0013901980828473,2.0,1
4114,健喬,0.0006514602316351,1.2933791610335693e-06,0.0017957110983732,7.0,1
4128,中天,0.0006514602316351,2.3280824898604246e-06,0.0020352091177368,2.0,1
4129,聯合,0.0006514602316351,1.2933791610335693e-06,0.000790329981281,3.0,1
4147,中裕,0.0006514602316351,7.760274966201416e-07,0.0010126143996382,3.0,1
4164,承業醫,0.0006514602316351,1.2933791610335693e-06,0.0015081446055971,4.0,1
4175,杏一,0.0006514602316351,1.2933791610335693e-06,0.0015889217339749,11.0,1
4736,泰博,0.0006514602316351,1.2933791610335693e-06,0.0006114093727106,4.0,1
4746,台耀,0.0006514602316351,1.2933791610335693e-06,0.0010350341207327,8.0,1
4916,事欣科,0.0006514602316351,7.760274966201416e-06,0.0015310469135488,16.0,1
4953,緯軟,0.0006514602316351,1.2933791610335693e-06,0.0024928767728507,53.0,1
4956,光鋐,0.0006514602316351,0.0002097860999196,0.0013357126781595,13.0,1
5288,豐祥-KY,0.0006514602316351,1.2933791610335693e-06,0.0024241496848931,45.0,1
5392,能率,0.0006514602316351,0.0002118555065772,0.0026212486573231,64.0,1
5530,龍巖,0.0006514602316351,1.2933791610335693e-06,0.0003052813676605,0.0,1
5608,四維航,0.0006514602316351,1.138173661709541e-05,0.0006716794189946,2.0,1
5871,中租-KY,0.0006514602316351,1.2933791610335693e-06,0.0007305528238159,5.0,1
5904,寶雅,0.0006514602316351,1.2933791610335693e-06,0.000368709309848,1.0,1
6139,亞翔,0.0006514602316351,0.0002079753690941,0.0009317154142352,3.0,1
6147,頎邦,0.0006514602316351,0.0002105621274162,0.0005276156834032,4.0,1
6155,鈞寶,0.0006514602316351,1.2933791610335693e-06,0.0022605822949035,55.0,1
6196,帆宣,0.0006514602316351,0.0002172876990536,0.001194621032097,10.0,1
6197,佳必琪,0.0006514602316351,0.0002077166932619,0.0045944372239097,123.0,1
6203,海韻電,0.0006514602316351,1.2933791610335693e-06,0.0020920614441333,39.0,1
6209,今國光,0.0006514602316351,0.0002077166932619,0.0007433226263194,8.0,1
6217,中探針,0.0006514602316351,0.0002079753690941,0.0021149905901077,43.0,1
6235,華孚,0.0006514602316351,1.2933791610335693e-06,0.0024142488945138,56.0,1
6271,同欣電,0.0006514602316351,0.000209010072423,0.0013480093562119,25.0,1
6275,元山,0.0006514602316351,0.000210303451584,0.0042663923640866,106.0,1
6278,台表科,0.0006514602316351,0.0002077166932619,0.004553516360604,118.0,1
6279,胡連,0.0006514602316351,1.2933791610335693e-06,0.0007618385289468,5.0,1
8021,尖點,0.0006514602316351,0.0002426379306098,0.0033396159781463,91.0,1
8033,雷虎,0.0006514602316351,1.2933791610335693e-06,0.001692347232528,22.0,1
8103,瀚荃,0.0006514602316351,0.0002079753690941,0.0045443854821096,130.0,1
8163,達方,0.0006514602316351,0.0002074580174297,0.0029013711991356,65.0,1
8215,明基材,0.0006514602316351,2.276347323419082e-05,0.0018552842132904,31.0,1
8222,寶一,0.0006514602316351,1.0605709120475268e-05,0.0007648242523797,3.0,1
8341,日友,0.0006514602316351,0.0002092687482552,0.0006264173166041,3.0,1
8358,金居,0.0006514602316351,0.0002540196672269,0.0049350719011339,139.0,1
8383,千附,0.0006514602316351,0.0002209091607045,0.0013026735234112,13.0,1
8422,可寧衛*,0.0006514602316351,0.0002079753690941,0.0011376873053739,17.0,1
8436,大江,0.0006514602316351,5.949544140754418e-06,0.0003052813676605,0.0,1
8464,億豐,0.0006514602316351,1.2933791610335693e-06,0.0005594148491622,1.0,1
8466,美吉吉-KY,0.0006514602316351,1.2933791610335693e-06,0.0010232156078284,6.0,1
8996,高力,0.0006514602316351,2.5867583220671385e-06,0.0011279499822113,16.0,1
9942,茂順,0.0006514602316351,1.2933791610335693e-06,0.0015336275595788,28.0,1
9951,皇田,0.0006514602316351,1.2933791610335693e-06,0.0007032366201073,1.0,1
9955,佳龍,0.0006514602316351,1.2933791610335693e-06,0.0005595750285779,4.0,1
5201,凱衛,0.00064812758291,0.0002573824530456,0.0017293234859747,14.0,1
6143,振曜,0.0006423915261063,0.0002576411288778,0.0014396083164332,26.0,1
2356,英業達,0.0006407584888152,0.0001126965082681,0.003168124348651,67.0,1
2603,長榮,0.0006387687478679,9.6744761245311e-06,0.002137119349496,9.0,1
1783,和康生,0.0006383004708852,5.173516644134277e-06,0.000801989071558,5.0,1
4123,晟德,0.0006375823841792,2.017671491212368e-06,0.0021251695217106,12.0,1
SI,System Integrators (系統整合商),0.0006365398633191,0.0,,,0
2885,元大金,0.0006364356762797,0.0003150671636277,0.0011363130262892,8.0,1
8038,長園科,0.0006360130159115,0.0001663802952753,0.0017291894702622,30.0,1
8042,金山電,0.0006360130159115,1.0347033288268554e-06,0.004598916567514,132.0,1
1216,統一,0.0006329057752679,0.0001670011172726,0.0010190757639251,6.0,1
6146,耕興,0.000632810984867,0.0002204327425248,0.0042436552742806,104.0,1
1210,大成,0.0006325495265509,9.3123299594417e-06,0.0017328960570767,11.0,1
6758.T,Sony (索尼),0.0006322600683787,0.0006138128439867,,,0
3374,精材,0.0006311324222508,0.0003185334197793,0.0009220720666644,9.0,1
2387,精元,0.0006308228860003,0.0004159507381883,0.0009364153322256,2.0,1
2374,佳能,0.0006297264916013,0.0002573824530456,0.0022057319675247,51.0,1
1720,生達,0.0006285318152718,6.15648480651979e-06,0.0024800863821077,11.0,1
1102,亞泥,0.000625313544363,0.0005543899976301,0.0010748716233522,7.0,1
2615,萬海,0.0006250913262943,1.6800995301826066e-05,0.0024137337451644,10.0,1
9941,裕融,0.0006249438177636,0.0002638493488508,0.0025424031108729,24.0,1
8054,安國,0.0006243640960909,0.0002571237772134,0.0012877643216043,21.0,1
AVGO,Broadcom (博通),0.000623818113501,0.001248556744475,,,0
4190,佐登-KY,0.000623679580404,1.267511577812898e-05,0.0009451850469578,6.0,1
2498,宏達電,0.0006235125542609,0.0003103065600561,0.0012788218120488,25.0,1
3006,晶豪科,0.0006208850267219,8.194850364308695e-05,0.0016935988768164,30.0,1
1590,亞德客-KY,0.0006182292711645,1.810730825446997e-05,0.0025920372462939,28.0,1
2008,高興昌,0.0006181347248816,1.3968494939162548e-05,0.0025961327517328,25.0,1
3587,閎康,0.000618089081209,0.0002205626382933,0.0003052813676605,0.0,1
9933,中鼎,0.0006173648955675,0.0001955589291482,0.0011999682654812,17.0,1
2375,凱美,0.0006141793151575,0.0002576411288778,0.0003698167335936,1.0,1
3081,聯亞,0.0006137735418068,0.0002281759823052,0.0021055984109473,42.0,1
2886,兆豐金,0.0006122072287725,0.0002584171563745,0.0016964286124111,14.0,1
6125,廣運,0.0006096015395291,0.000170208697592,0.0022886912840933,33.0,1
3338,泰碩,0.0006047597743256,0.0002289148646208,0.005291629348753,152.0,1
8374,羅昇,0.0006047597743256,0.0002576411288778,0.0018437781711004,33.0,1
5351,鈺創,0.0006027922002202,0.0002077625998236,0.0014469499041403,16.0,1
3036,文曄,0.0006021333748685,0.0003082381216575,0.0033429204069962,85.0,1
3306,鼎天,0.0006009922508097,0.0003085485326561,0.0015715493575451,30.0,1
1905,華紙,0.000600226466759,6.932512303139931e-06,0.0012357750369846,5.0,1
2912,統一超,0.0005990355240774,3.4766031848582344e-05,0.0006978231791028,4.0,1
1722,台肥,0.0005986988658754,2.5867583220671385e-06,0.0026495606731181,27.0,1
2101,南港,0.0005986988658754,2.5867583220671385e-06,0.0021329038881441,19.0,1
2402,毅嘉,0.0005986988658754,0.0002095274240874,0.001739572244295,37.0,1
2637,慧洋-KY,0.0005986988658754,1.1899088281508837e-05,0.0012054211555933,5.0,1
3576,聯合再生,0.0005986988658754,1.2933791610335693e-06,0.0008462493715232,9.0,1
4908,前鼎,0.0005986988658754,1.2933791610335693e-06,0.0023848914384221,45.0,1
4934,太極,0.0005986988658754,1.0347033288268554e-06,0.0009684142083962,9.0,1
5483,中美晶,0.0005986988658754,0.0002249042949555,0.0022610492228816,26.0,1
5880,合庫金,0.0005986988658754,1.2933791610335693e-06,0.0016554618832272,14.0,1
6176,瑞儀,0.0005986988658754,0.0002069406657653,0.0009224703569442,10.0,1
6230,尼得科超眾,0.0005986988658754,2.5867583220671385e-06,0.0011494902966603,17.0,1
8121,越峰,0.0005986988658754,0.0001749643090583,0.0007514616627165,8.0,1
2009,第一銅,0.0005986988658754,0.0002121659175759,0.0043774558219125,127.0,1
3324,雙鴻,0.0005986988658754,0.0002089583372565,0.0039380395659057,105.0,1
2338,光罩,0.0005962307070491,0.0001596267004228,0.0006523590621217,2.0,1
3023,信邦,0.0005921189855005,3.1041099864805663e-06,0.0028708975295139,56.0,1
5347,世界,0.0005914747658608,0.0003769108100083,0.0023611306313044,51.0,1
8044,網家,0.0005907777710128,2.302214906639753e-05,0.0010685137533009,9.0,1
2344,華邦電,0.0005906602665183,0.0004283554299719,0.0006519480323754,4.0,1
2227,裕日車,0.0005905739125056,0.0006668145602624,0.0009305978361462,7.0,1
1584,精剛,0.0005902769732551,1.6451782928347e-05,0.0023906039867313,37.0,1
4915,致伸,0.0005865078927244,0.0003191720952615,0.0043273481908779,116.0,1
2609,陽明,0.0005860073821082,8.833779669859278e-06,0.002137119349496,9.0,1
6173,信昌電,0.0005858188725903,0.0001682427612672,0.0041207002129626,109.0,1
3533,嘉澤,0.000585115370524,0.0003140928179931,0.0035413741018924,96.0,1
8114,振樺電,0.0005849169014562,0.0002138333019939,0.0012432801652955,20.0,1
5443,均豪,0.0005834367321885,0.0005943392102826,0.0015761847257463,20.0,1
9914,美利達,0.0005823976853586,1.1640412449302124e-05,0.0012962759119046,9.0,1
9921,巨大,0.0005823976853586,1.1640412449302124e-05,0.0010509628826778,7.0,1
6442,光聖,0.0005809236942437,0.0005700568221461,0.001581113693891,25.0,1
3552,同致,0.0005801448119056,5.358584831198612e-05,0.0005338582635856,4.0,1
6805,富世達,0.0005794321878876,0.0001779088075285,,,1
2352,佳世達,0.0005794135569792,0.0002597105355355,0.0019878438867987,50.0,1
1717,長興,0.0005782609006914,0.0002985571777757,0.0021036145897469,20.0,1
3213,茂訊,0.0005780032803921,0.0001576054423276,0.0007868078888541,5.0,1
6223,旺矽,0.0005761507346987,0.0012824006579529,0.0014592934137432,25.0,1
1319,東陽,0.0005761375283769,6.699704054153889e-06,0.0007299739965878,9.0,1
5009,榮剛,0.0005736463913465,0.0003503438058918,0.0015936820471161,17.0,1
4971,IET-KY,0.0005723181829956,0.0001702237870155,0.000852061392765,9.0,1
3218,大學光,0.0005699628314938,2.3280824898604246e-06,0.0005907990600988,4.0,1
3545,敦泰,0.0005674876780849,0.0003356120158869,0.000735715373244,6.0,1
5314,世紀*,0.0005674876780849,0.0002573824530456,0.0013359698530107,13.0,1
6138,茂達,0.0005674876312429,0.0002573824530456,0.0024058354855297,56.0,1
3362,先進光,0.0005670420464196,0.0001674020648125,0.002557163174346,56.0,1
4903,聯光通,0.0005670420464196,8.639772795704243e-06,0.0017483890694687,28.0,1
8255,朋程,0.0005669765237292,0.0004254285496156,0.0007560503166604,6.0,1
2201,裕隆,0.0005653733591218,2.3694706230134988e-05,0.0016967468087869,17.0,1
2208,台船,0.0005653733591218,0.0002870525709997,0.0009485268029035,5.0,1
2236,百達-KY,0.0005653733591218,1.0760914619799295e-05,0.002349219807208,58.0,1
3032,偉訓,0.0005653733591218,6.7255716373745605e-06,0.0030109451763143,81.0,1
4532,瑞智,0.0005653733591218,6.7255716373745605e-06,0.0007461592707097,6.0,1
5243,乙盛-KY,0.0005653733591218,0.0001963535282431,0.0051959875669225,148.0,1
5465,富驊,0.0005653733591218,0.0001768969996955,0.0034563506446956,96.0,1
6117,迎廣,0.0005653733591218,0.0002583624393582,0.0031432992898189,88.0,1
9911,櫻花,0.0005653733591218,6.7255716373745605e-06,0.0005480742063139,3.0,1
3356,奇偶,0.0005645121066706,0.0002571237772134,0.0010801747488167,16.0,1
4938,和碩,0.0005639213065037,0.000633566415088,0.0046116299598426,136.0,1
2379,瑞昱,0.0005573310563333,0.0006692549124801,0.0012285973727116,20.0,1
4919,新唐,0.0005571774644894,0.0005959036201461,0.0015323113519532,29.0,1
4126,太醫,0.0005569892231411,1.1123060784888695e-05,0.0008961565808,1.0,1
3479,安勤,0.0005548589429572,0.0002573824530456,0.0015376453577208,28.0,1
3693,營邦,0.0005544424645871,0.0002573824530456,0.0013625829585546,24.0,1
2892,第一金,0.0005529723488836,1.5520549932402832e-06,0.0021622531547768,20.0,1
2049,上銀,0.0005522589065069,0.0018820542445443,0.0031694003311284,76.0,1
GOOG,Google (谷歌),0.000549626845376,0.0,,,0
5903,全家,0.0005482807597569,2.457420405963781e-05,0.002158899309462,19.0,1
4303,信立,0.000548192487997,2.498808539116856e-05,0.0021521998387164,27.0,1
3078,僑威,0.000547048427724,0.0005071618657078,0.0029252468369627,64.0,1
1314,中石化,0.0005459375001157,0.000250398205576,0.002649660428829,30.0,1
1503,士電,0.0005459375001157,2.0694066576537107e-06,0.0038823690523119,99.0,1
1515,力山,0.0005459375001157,2.0694066576537107e-06,0.0008453707883854,8.0,1
1786,科妍,0.0005459375001157,2.0694066576537107e-06,0.0006744284231077,2.0,1
2348,海悅,0.0005459375001157,8.277626630614843e-07,0.0020908028283409,18.0,1
2428,興勤,0.0005459375001157,1.0347033288268554e-06,0.0055029636593174,154.0,1
2439,美律,0.0005459375001157,1.1174795951330038e-05,0.0018076664390342,46.0,1
2464,盟立,0.0005459375001157,8.277626630614843e-07,0.001813517985813,22.0,1
2482,連宇,0.0005459375001157,1.2416439945922266e-06,0.0009435605452732,15.0,1
2486,一詮,0.0005459375001157,0.0001659664139438,0.0012518946867227,15.0,1
2493,揚博,0.0005459375001157,0.0001947311664852,0.0021005401166428,28.0,1
2497,怡利電,0.0005459375001157,1.4485846603575977e-06,0.002047125534692,49.0,1
2548,華固,0.0005459375001157,8.277626630614843e-07,0.0008872979326535,4.0,1
2851,中再保,0.0005459375001157,3.5179913180113084e-06,0.0010350341207327,8.0,1
2915,潤泰全,0.0005459375001157,1.2416439945922266e-06,0.002846621543212,30.0,1
3027,盛達,0.0005459375001157,1.0347033288268554e-06,0.0023532919834769,49.0,1
3131,弘塑,0.0005459375001157,0.0001659664139438,0.0018493641600868,19.0,1
3162,精確,0.0005459375001157,1.0347033288268554e-06,0.0007293635063945,8.0,1
3217,優群,0.0005459375001157,0.0001659664139438,0.0007287388427446,6.0,1
3305,昇貿,0.0005459375001157,0.000165759473278,0.0016464857838673,30.0,1
4119,旭富,0.0005459375001157,1.0347033288268554e-06,0.0010126143996382,3.0,1
4162,智擎,0.0005459375001157,6.208219972961133e-07,0.0020352091177368,1.0,1
5312,寶島科,0.0005459375001157,1.0347033288268554e-06,0.0005227279564983,3.0,1
2359,所羅門,0.0005454930685946,0.0002573824530456,0.0017166235762076,29.0,1
8927,北基,0.0005450914583095,5.690868308547705e-06,0.0021435910652833,32.0,1
3454,晶睿,0.0005429265172408,0.0005727421379638,0.0015376453577208,28.0,1
8467,波力-KY,0.0005426929993121,1.1278266284212724e-05,0.0012249945323399,14.0,1
8110,華東,0.0005416495292164,0.0002901510763432,0.0005796193328568,3.0,1
1402,遠東新,0.0005414724067255,0.0002148044110644,0.0031842905173347,34.0,1
2449,京元電子,0.0005410197234644,0.0002494805687044,0.0026833290904535,58.0,1
5534,長虹,0.0005409605068185,1.7589956590056543e-05,0.0010315141031377,4.0,1
3680,家登,0.0005375156074954,0.0004378913068633,0.0019064919111603,22.0,1
2332,友訊,0.0005359572804234,0.0004130535688676,0.0018650989096611,39.0,1
3005,神基,0.0005352719326692,0.0003088589436548,0.004368221518985,107.0,1
8050,廣積,0.0005352719326692,0.0003523496748921,0.0022222551412227,45.0,1
2612,中航,0.0005332460163485,0.0005625463782552,0.0011935624261914,8.0,1
8111,立碁,0.0005329105994884,2.8454341542738524e-06,0.0015834993438091,23.0,1
2404,漢唐,0.0005327777393658,0.000131669408411,0.0005693346388312,1.0,1
6245,立端,0.0005313028230825,0.0009094308173107,0.0013334856148662,21.0,1
6669,緯穎,0.0005312084663239,0.0001855838388556,0.0042766942996889,113.0,1
2355,敬鵬,0.0005285352474975,2.6333199718643472e-05,0.0023339576968023,49.0,1
3675,德微,0.000525968814674,2.5867583220671385e-06,0.0050540836668771,142.0,1
3532,台勝科,0.000524184178161,0.000316545840996,0.000621896572909,2.0,1
2408,南亞科,0.0005241540537686,0.0002373758331105,0.0023208297539613,47.0,1
2467,志聖,0.0005232600224524,0.0003138341421609,0.0013423095752228,17.0,1
9910,豐泰,0.0005208848067753,1.9193746749738167e-05,0.0006988496149377,2.0,1
1303,南亞,0.0005203252725124,0.0010836179515921,0.0010787012595318,11.0,1
2887,台新新光金,0.0005202869980172,0.0003088589436548,0.0015993268857283,13.0,1
5234,達興材料,0.0005165652633442,0.000329805115126,0.0011599296424004,12.0,1
3588,通嘉,0.000516127824451,3.3627858186872804e-05,0.0025141141431527,59.0,1
2480,敦陽科,0.0005158488107457,0.0107541007317007,0.0039734065538962,105.0,1
3034,聯詠,0.0005147384161964,0.0023350204857553,0.0026744122329158,63.0,1
6188,廣明,0.0005146942234974,0.0003440912900155,0.0013117879421299,21.0,1
8926,台汽電,0.0005135236028685,0.0003496381466631,0.0014170753181918,22.0,1
2031,新光鋼,0.0005126119933621,1.4692787269341346e-05,0.0018509088404942,17.0,1
4551,智伸科,0.0005124631329665,3.466256151569965e-06,0.0008023847644948,4.0,1
3515,華擎,0.0005121275952343,0.0002571237772134,0.0037326242150343,104.0,1
3706,神達,0.0005121275952343,0.0010887195567169,0.0037825215503525,101.0,1
3289,宜特,0.0005089917788528,0.0002938037431843,0.0030122293963895,70.0,1
3228,金麗科,0.0005078774524794,0.0002571237772134,0.001951596203253,29.0,1
4966,譜瑞-KY,0.0005078774524794,0.0001541246156087,0.0034049892369861,88.0,1
5269,祥碩,0.0005078774524794,0.0002586306954673,0.0006594312091102,5.0,1
2337,旺宏,0.0005072932230188,0.0002845618279553,0.0051490744831592,147.0,1
2891,中信金,0.000506684497253,0.0003097901766507,0.0018195477953846,15.0,1
6191,精成科,0.0005065402565293,1.0864384952681985e-05,0.0026221708524189,62.0,1
COST,Costco (好市多),0.0005063767881038,0.0,,,0
4163,鐿鈦,0.0005032979036669,2.4315528227431104e-06,0.0009517986191574,5.0,1
5014,建錩,0.0005032979036669,2.5867583220671385e-06,0.0012219012146856,9.0,1
2801,彰銀,0.0005002109831239,1.2933791610335693e-06,0.0023232204007961,21.0,1
5876,上海商銀,0.0005002109831239,1.2933791610335693e-06,0.0025327493859443,23.0,1
8271,宇瞻,0.0004997052886787,0.0003042483544624,0.001576682810076,28.0,1
9958,世紀鋼,0.0004994845434751,7.760274966201416e-06,0.0006604510910073,4.0,1
2457,飛宏,0.0004947790214337,5.742603474989048e-06,0.0045788057426246,121.0,1
3090,日電貿,0.0004946313691771,2.8454341542738524e-06,0.0033828244129418,83.0,1
2605,新興,0.000493176134356,0.0002566581607155,0.0010106214342864,4.0,1
2606,裕民,0.000493176134356,0.0001611251299262,0.0013167694132782,6.0,1
3051,力特,0.000493176134356,8.277626630614843e-07,0.0020387642838548,29.0,1
5434,崇越,0.000493176134356,0.0001570045692071,0.0012297426405475,11.0,1
9904,寶成,0.0004913253139733,1.760720164553699e-05,0.0017214054422554,14.0,1
2883,凱基金,0.0004908266982051,0.0003088589436548,0.0005055014641273,2.0,1
8155,博智,0.0004908260162228,0.000150978593001,0.0028921239918627,81.0,1
1777,生泰,0.0004890191607666,5.432192476340991e-06,0.0013706782432664,5.0,1
6121,新普,0.0004887199391643,0.0005156670453442,0.0026693192694203,62.0,1
3416,融程電,0.0004884960066454,0.0002565546903826,0.0013330605601832,12.0,1
3673,TPK-KY,0.00048789999778,0.0001340371937217,0.0013713690642312,20.0,1
1789,神隆,0.0004852550394933,4.552694646838164e-05,0.0023829637107049,8.0,1
CON.DE,Continental (大陸集團),0.0004842105895265,0.0,,,0
8210,勤誠,0.0004833174384114,0.00076617404217,0.003376404710668,94.0,1
2481,強茂,0.0004820110059184,0.0003070006521091,0.0054231811613696,147.0,1
8150,南茂,0.0004818701274074,0.0001397553116529,0.0023578758910716,34.0,1
5289,宜鼎,0.0004811615457862,0.0003060449929248,0.002037617267248,33.0,1
3059,華晶科,0.0004805917921322,0.0002056990217707,0.0031920981325028,78.0,1
6231,系微,0.0004804925415996,0.0053849025007838,0.005178818785627,148.0,1
9938,百和,0.0004802366787621,2.4772522197662982e-05,0.0016625088191465,16.0,1
9939,宏全,0.0004802366787621,0.0002613660608616,0.001875431530155,16.0,1
Govt,Government (政府機關),0.0004802222470014,0.0,,,0
Banks,Financial Industry (金融業),0.0004802222470014,0.0,,,0
CHT/FET,Telecom (電信業),0.0004802222470014,0.0,,,0
B2B,Enterprises (大型企業),0.0004802222470014,0.0,,,0
Other,Other,0.0004802222470014,0.0,,,0
6213,聯茂,0.0004790080128532,0.000170526651823,,,1
5388,中磊,0.0004781317395954,0.0001127721565218,0.0020550884978707,42.0,1
4541,晟田,0.0004776091364652,2.338429523148693e-05,0.0007934487033571,6.0,1
4545,銘鈺,0.0004774377495223,0.0001766111689307,0.0017122046417068,31.0,1
5306,桂盟,0.0004774377495223,2.017671491212368e-05,0.0009205094090287,5.0,1
8349,恒耀,0.0004774377495223,5.940921613014193e-06,0.0017935757394898,23.0,1
3708,上緯投控,0.0004727381691719,1.0864384952681985e-05,0.0012725396840205,14.0,1
4991,環宇-KY,0.0004717803602497,2.3280824898604246e-06,0.0019381130753596,32.0,1
2492,華新科,0.0004697051713368,0.0002957294206647,0.00493404461047,142.0,1
2105,正新,0.0004689495636383,5.97541172397509e-05,0.0011058293068739,5.0,1
2342,茂矽,0.0004683609879228,0.0001668459117733,0.0006267547714664,4.0,1
5498,凱崴,0.0004665411675529,0.0001671195001567,0.0031888203310105,86.0,1
3022,威強電,0.0004664353914382,0.0002591931838711,0.0020444854224467,39.0,1
2316,楠梓電,0.0004649748994038,2.607452388643676e-05,0.0010328355895332,17.0,1
6153,嘉聯益,0.0004626478577127,8.991571927505374e-05,0.0008299548781012,8.0,1
3042,晶技,0.0004615193149001,0.0001280548839756,0.0060084801850486,169.0,1
2501,國建,0.0004614535146801,2.1056212741626507e-05,0.0023160017611879,21.0,1
2474,可成,0.0004606088827877,0.0002455730390526,0.0047596815006365,136.0,1
1504,東元,0.0004598506276024,0.0002148680380834,0.0005061374159438,3.0,1
1723,中碳,0.0004598506276024,0.0002159943198926,0.0006838408079534,3.0,1
2371,大同,0.0004598506276024,9.053654127234984e-06,0.002758088872711,38.0,1
3013,晟銘電,0.0004598506276024,0.0001879486353426,0.0027416078871585,79.0,1
3004,豐達科,0.0004597017672068,8.50526136295675e-06,0.001654744696973,28.0,1
3702,大聯大,0.0004589763958676,0.0002815451916019,0.0030798364716662,77.0,1
8070,長華*,0.0004580018905161,0.0001473393103437,0.0010667211705601,12.0,1
3380,明泰,0.0004578784508636,0.0002068371954324,0.0029188998871916,72.0,1
3707,漢磊,0.0004574583142691,0.0001825298413025,0.0009655129646739,10.0,1
3152,璟德,0.0004554894445276,1.008835745606184e-06,0.0034993618697084,80.0,1
8039,台虹,0.0004554894445276,0.0001626329783137,0.0053696907203854,146.0,1
5475,德宏,0.0004539414336164,0.0004266817480195,0.0009269793440183,9.0,1
8081,致新,0.0004510815213172,0.0002568651013812,0.0029467670274662,70.0,1
ASML,ASML (艾司摩爾),0.0004493733265992,0.0010461831485984,,,0
3016,嘉晶,0.0004468555963738,0.0001376946416444,0.0007298109016894,6.0,1
2471,資通,0.0004441169686391,0.0001541190608287,0.0003052813676605,0.0,1
4927,泰鼎-KY,0.0004430547140695,0.0001535202542724,0.0023013966691931,57.0,1
WMT,Walmart (沃爾瑪),0.0004423975093559,0.0,,,0
BBY,Best Buy (美國經銷商),0.0004421350209598,0.0,,,0
6257,矽格,0.0004419388469991,0.000111074975401,0.0034776225156515,87.0,1
3260,威剛,0.0004412427192585,0.000256606425549,0.0036413413960736,89.0,1
2472,立隆電,0.0004404147685962,0.0001250956324551,0.0052005954161397,145.0,1
VARs,Value-Added Resellers (加值經銷商),0.0004392868748239,0.0,,,0
PChome/Momo,Retailers/E-commerce (零售/電商),0.0004392868748239,0.0,,,0
Cloud,CSP/Data Center (資料中心),0.0004392868748239,0.0,,,0
Telco,Telecom Operators (電信商),0.0004392868748239,0.0,,,0
OEM/ODM,Semiconductor Clients (半導體客戶),0.0004392868748239,0.0,,,0
Channel,Consumer Product Clients (資訊消費),0.0004392868748239,0.0,,,0
Enterprise,Enterprise Product Clients (商用加值),0.0004392868748239,0.0,,,0
3558,神準,0.00043920934433,0.0002858472648006,0.0022755249255666,42.0,1
2401,凌陽,0.0004375608211475,0.0002568651013812,0.0021710477563784,42.0,1
6104,創惟,0.0004375608211475,0.0001107387045912,0.0006844756018054,6.0,1
6108,競國,0.0004356503141697,0.0001265246092634,0.0009511712746166,14.0,1
4906,正文,0.0004347341134286,0.0002238461807655,0.0012283125913357,22.0,1
B2C,Individual Gamers (玩家),0.0004280399065684,0.0,,,0
CN_Devs,Chinese Game Devs,0.0004280399065684,0.0,,,0
GRVY,Ragnarok (Gravity),0.0004280399065684,0.0,,,0
EC,E-Commerce Clients,0.0004280399065684,0.0,,,0
1305,華夏,0.0004266114218691,0.0004329724627349,0.0011684070034668,11.0,1
3265,台星科,0.000426293017218,0.0001386630353141,0.0028405461744832,59.0,1
2104,國際中橡,0.000420245699944,5.918503040889613e-05,0.000799049736132,4.0,1
5309,系統電,0.0004201525350126,0.0002066960733951,0.0013861380421356,26.0,1
5469,瀚宇博,0.0004192209072435,0.0001040700045741,0.0035393235066673,95.0,1
NKE,Nike (耐吉),0.0004169383402967,0.0,,,0
5439,高技,0.0004167002432096,0.0002633968004275,0.0032791204923338,78.0,1
1419,新紡,0.000416423589977,1.965936324771025e-05,0.0024902116456111,26.0,1
3596,智易,0.0004156770803149,0.0001680798295746,0.0020550884978707,42.0,1
3704,合勤控,0.0004156770803149,0.0003048799006107,0.0022458800643267,44.0,1
2441,超豐,0.0004150427549996,0.0001492326258907,0.0019853059915644,41.0,1
3227,原相,0.0004146931642889,0.0002535679225758,0.0014926130118531,20.0,1
2363,矽統,0.0004144655695624,0.0002571237772134,0.000989653389193,16.0,1
2367,燿華,0.0004122135336441,6.576095777282968e-05,0.0065950842095151,192.0,1
4722,國精化,0.0004121260477469,1.138173661709541e-05,0.0006921763748158,3.0,1
7267.T,Honda (本田),0.0004118672475987,0.0,,,0
4977,眾達-KY,0.0004086442889981,0.0002820320323686,0.0015035823179593,25.0,1
3046,建碁,0.0004068391898278,0.0002056990217707,0.0022827911474615,39.0,1
3014,聯陽,0.000406593626021,0.0002792215558744,0.0006211391758022,6.0,1
2460,建通,0.00040507795129,1.0140092622503184e-05,0.0007330203707858,9.0,1
3257,虹冠電,0.000404767546127,0.000583814560589,0.0009302818207763,11.0,1
2455,全新,0.0004027280787678,9.356735977303852e-05,0.0021769375267413,44.0,1
1810.HK,Xiaomi (小米),0.0004002020147399,0.0,,,0
5425,台半,0.0003983975763107,0.0003141171521307,0.0018981282975332,25.0,1
5522,遠雄,0.0003976471751553,0.0012639000845276,0.0010315141031377,4.0,1
4979,華星光,0.0003968390086483,0.0001753723201979,0.0022491403254484,42.0,1
1477,聚陽,0.0003968072307806,3.3985693088092094e-05,0.0008416148323158,6.0,1
3211,順達,0.0003964791155869,0.0002350247838633,0.0029915901806407,61.0,1
3003,健和興,0.0003936089721126,1.5210138933754777e-05,0.0029426810257225,64.0,1
5274,信驊,0.0003925425138829,0.0002126763316412,0.0007291863893393,10.0,1
3443,創意,0.0003911938303435,0.000321694716801,0.0010723494407012,18.0,1
7974.JP,Nintendo (任天堂),0.0003890592024415,0.0,,,0
6187,萬潤,0.0003888051065418,0.0029132033252721,0.0016156959450632,23.0,1
Enterprise,AI Workstation/Server (AI工作站/伺服器),0.000388145589129,0.0,,,0
Designers,Pro Graphics (專業繪圖卡),0.000388145589129,0.0,,,0
Disti/Channel,Gaming/Others (電競/其他),0.000388145589129,0.0,,,0
Medical,Smart Healthcare (智慧醫療),0.000388145589129,0.0,,,0
4968,立積,0.0003849814198887,0.0002373674690226,0.0013884305605748,23.0,1
BA,Boeing (波音),0.0003812998428166,2.502947352432164e-05,,,0
MDT,Medtronic (美敦力),0.0003798239931141,0.0,,,0
MRVL,Marvell (邁威爾 - 合作夥伴),0.0003783258515392,0.0002613898884215,,,0
2388,威盛,0.0003755514095378,0.0002568651013812,0.0029001502524774,57.0,1
8016,矽創,0.0003747309241875,0.0002607581040247,0.001545082175113,27.0,1
5340,建榮,0.0003635014877226,0.0002728283429854,0.0018921038164458,30.0,1
AIR.PA,Airbus (空中巴士),0.000362699300795,2.2442715202254506e-05,,,0
6758.JP,Sony (索尼),0.0003619202251417,0.0,,,0
TGT,Target (塔吉特),0.0003581365561087,0.0,,,0
6269,台郡,0.0003571251261932,5.1166079610488e-05,0.0022248690315544,55.0,1
Consumers,Communication Products (通訊產品),0.0003509370099368,0.0,,,0
Household,Info/Appliances (資訊家電),0.0003509370099368,0.0,,,0
Service,Accessories/Maintenance (配件/維修),0.0003509370099368,0.0,,,0
New Biz,Health/Others (保健/其他),0.0003509370099368,0.0,,,0
T,AT&T,0.0003501206991375,0.0,,,0
1326,台化,0.0003499667130081,0.0001280158287774,0.0014428825783969,19.0,1
1727,中華化,0.0003499667130081,1.5520549932402832e-06,0.0011854652853198,10.0,1
2451,創見,0.0003484199942777,0.000205492081105,0.0009470907666983,13.0,1
B2C,Global B2C Users,0.00034820138682,0.0,,,0
B2B,FaceMe Clients (AIoT),0.00034820138682,0.0,,,0
AMAT,Applied Materials (應用材料),0.0003455177038847,0.000275307425799,,,0
7751.T,Canon (佳能),0.0003455177038847,0.0003590489531251,,,0
HD,The Home Depot,0.0003455177038847,0.0,,,0
8086,宏捷科,0.0003419860585442,0.0001287648053012,0.0026021798915941,58.0,1
Public,Mobile Subscribers (行動用戶),0.0003386909684357,0.0,,,0
Public,Enterprise Clients (企業客戶),0.0003386909684357,0.0,,,0
Public,Broadband Subscribers (寬頻用戶),0.0003386909684357,0.0,,,0
000625.SZ,ChangAn Auto (長安汽車),0.0003335137250212,0.0,,,0
LITE,Lumentum,0.0003287558235622,3.699064400556008e-05,,,0
ADS.DE,Adidas (愛迪達),0.0003286931402656,0.0,,,0
3105,穩懋,0.0003285709389019,0.0001406624672393,0.0024207373705407,47.0,1
3264,欣銓,0.0003285427660239,0.0001986222985083,0.0026756127865124,53.0,1
TXN,Texas Instruments (德州儀器),0.0003263688496391,0.0016378132507965,,,0
IFX.DE,Infineon (英飛凌),0.0003249175665094,8.38295998360719e-05,,,0
005930,Samsung (三星),0.0003218573525277,0.0001096959442568,,,0
3323,加百裕,0.0003216570522656,0.000256606425549,0.0022727124131343,54.0,1
SE,Shopee/EC Sellers (電商),0.00032055985783,0.0,,,0
3141,晶宏,0.0003199364013379,0.0002844070695676,0.0012689700195057,23.0,1
HON,Honeywell (霍尼韋爾),0.0003180098038872,0.0,,,0
GM,GM (通用汽車),0.0003158946859734,0.0,,,0
3035,智原,0.0003135692049781,0.0003373986482221,0.0005782128975695,5.0,1
7974.T,Nintendo (任天堂),0.0003127740363657,0.0,,,0
300750.SZ,CATL (寧德時代),0.0003120778262448,0.0,,,0
2436,偉詮電,0.000311623740951,0.0004326632260323,0.0034211257036579,95.0,1
3062,建漢,0.0003101543487955,0.0002568651013812,0.0011076749499243,19.0,1
TH.TO,Theratechnologies,0.0003085725155769,0.0,,,0
Private,Clinical Trial Partners,0.0003085725155769,0.0,,,0
Private,Other Valued Partners,0.0003085725155769,0.0,,,0
ORCL,Oracle (甲骨文),0.0003075195196143,0.0007629432136357,,,0
BG,Bunge (邦吉),0.0003074410411481,2.4212057894548416e-05,,,0
F,Ford (福特),0.0003038907071098,0.0,,,0
0175.HK,Geely Auto (吉利好車),0.0003010316826753,0.0,,,0
SAF.PA,Safran Group (賽峰集團),0.0002997604282927,0.0,,,0
RTX,Pratt & Whitney (普惠),0.0002997604282927,0.0,,,0
6770,力積電,0.0002980998731857,1.4434111437134623e-05,,,1
Consumer,Personal Users (個人用戶),0.0002979616942682,0.0,,,0
B2B,Enterprise Users (企業用戶),0.0002979616942682,0.0,,,0
Govt,Government (政府單位),0.0002979616942682,0.0,,,0
B2B,Financial Sector (金融業),0.0002979616942682,0.0,,,0
B2B,Manufacturing (製造業),0.0002979616942682,0.0,,,0
MGA,Magna (麥格納),0.00029478696195,0.0,,,0
FIT,Individual Travelers (自由行散客),0.000293696496614,0.0,,,0
B2E,Corporate Clients (企業客戶),0.000293696496614,0.0,,,0
B2B,Other Agents (同業),0.000293696496614,0.0,,,0
1301,台塑,0.0002918927343942,0.000253780742608,0.0013237936389939,13.0,1
RR.L,Rolls-Royce (勞斯萊斯),0.0002912030940851,9.643435024666296e-06,,,0
600062.SS,CR Double-Crane (華潤雙鶴),0.0002856784287278,0.0,,,0
Hospitals,Taiwan Market (台灣市場),0.0002856784287278,0.0,,,0
Distributor,Singapore/Malaysia,0.0002856784287278,0.0,,,0
Consumer,Health Supplements,0.0002856784287278,0.0,,,0
Public (B2C),Refractive Surgery Patients (屈光手術病患),0.0002850438861632,0.0,,,0
Public (B2C),Cataract Surgery Patients (白內障病患),0.0002850438861632,0.0,,,0
Public (B2C),Optical Products Customers (眼鏡產品客戶),0.0002850438861632,0.0,,,0
NXPI,NXP (恩智浦),0.0002830396259978,4.7411347542453445e-05,,,0
LOW,Lowe's (Kobalt),0.0002811268195611,0.0,,,0
IPN.PA,Ipsen (益普生),0.0002786621760371,0.0,,,0
Private,Servier (施維雅),0.0002786621760371,0.0,,,0
Hospitals,Taiwan Market (台灣市場),0.0002786621760371,0.0,,,0
000725.SZ,BOE (京東方),0.0002783716133959,1.7072604925643115e-06,,,0
Public,Datacenter/AI Clients (數據中心),0.0002771317617831,0.0,,,0
Lumentum,Telecom Clients (電信客戶),0.0002771317617831,0.0,,,0
CommScope,FTTH Clients (光纖到府),0.0002771317617831,0.0,,,0
Telecom,Infrastructure (基礎建設),0.0002771317617831,0.0,,,0
TMUS,T-Mobile US,0.0002764263479523,0.0,,,0
VZ,Verizon,0.0002764263479523,0.0,,,0
Lion/Cola,Travel Agencies (旅行社),0.0002736992513538,0.0,,,0
Dimerco/Coretronic,Freight Forwarders (貨攬),0.0002736992513538,0.0,,,0
SkyTeam,Other Airlines (聯航夥伴),0.0002736992513538,0.0,,,0
LI,Li Auto (理想汽車),0.0002729632596169,0.0,,,0
CHPT,EV Chargers (ChargePoint),0.000271421643156,0.0,,,0
FR.PA,Valeo (法雷奧),0.0002713291868967,0.0,,,0
BWA,BorgWarner (博格華納),0.0002663314055592,0.0,,,0
SNX,Ingram Micro (英邁),0.0002659228909349,0.0,,,0
000660.KS,SK Hynix (SK海力士),0.0002645094602137,0.0001404104623133,,,0
Mobile/Netcom,Power Supply (電源供應器),0.0002639846469833,0.0,,,0
Shell/Audi,EV Charging (電動車充電樁),0.0002639846469833,0.0,,,0
TCC Group,Energy Storage (儲能應用),0.0002639846469833,0.0,,,0
000100.SZ,TCL CSOT (華星光電),0.0002637037652544,0.0,,,0
SWKS,Skyworks (思佳訊),0.0002629899411426,0.0,,,0
HPE,HP Enterprise (惠普),0.0002619318095467,1.5050542503588867e-05,,,0
CSP,Cloud/HPC Clients (雲端客戶),0.0002612803402153,0.0,,,0
Subscribers,Consumer Business (個人家庭),0.0002600712671936,0.0,,,0
Enterprise,Enterprise Business (企業客戶),0.0002600712671936,0.0,,,0
Global,International Business (國際客戶),0.0002600712671936,0.0,,,0
Priv.,Others (其他),0.0002600712671936,0.0,,,0
ANET,Arista Networks,0.0002587614241412,0.0,,,0
LOGI,Logitech (羅技),0.0002571141281943,0.0,,,0
Index_Ind,Invisible Light Clients,0.0002568380327206,0.0,,,0
B2C_Device,Consumer Electronics,0.0002568380327206,0.0,,,0
AUO/Innolux,Panel Makers (Backlight),0.0002568380327206,0.0,,,0
Tier1_Auto,Automotive Clients,0.0002568380327206,0.0,,,0
Lighting_Co,Lighting Clients,0.0002568380327206,0.0,,,0
AMKR,Amkor,0.0002549273777716,0.0,,,0
CMCSA,Comcast,0.0002547405343124,0.0,,,0
B2C,Individual Consumers (Consumers),0.0002534172343564,0.0,,,0
VIP,momo Card Members,0.0002534172343564,0.0,,,0
Enterprise,Corporate Clients (B2B),0.0002534172343564,0.0,,,0
TV_Home,TV Shopping Clients,0.0002534172343564,0.0,,,0
Global_User,Cross-border (Haigo),0.0002534172343564,0.0,,,0
Public,Life Policyholders (壽險保戶),0.000253389874827,0.0,,,0
Public,Retail Banking Clients (消金戶),0.000253389874827,0.0,,,0
SME/Corp,Corporate Clients (企業貸款戶),0.000253389874827,0.0,,,0
VIP,Wealth Mgmt Clients (財管戶),0.000253389874827,0.0,,,0
Public,P&C Policyholders (產險保戶),0.000253389874827,0.0,,,0
Investors,Brokerage Clients (證券經紀戶),0.000253389874827,0.0,,,0
Private,Starlink (SpaceX),0.0002533765359597,0.0,,,0
Dell/HP,Server Clients,0.0002533765359597,0.0,,,0
002475.SZ,Luxshare (立訊),0.0002533765359597,0.0,,,0
Govt,Taiwan CDC (疾管署),0.000253011115774,0.0,,,0
SNY,Sanofi (賽諾菲),0.000253011115774,0.0,,,0
Public,China Market (中國市場),0.000253011115774,0.0,,,0
Private,Eastern Europe (東歐),0.000253011115774,0.0,,,0
Hospitals,Self-Paid Market (自費),0.000253011115774,0.0,,,0
US Solar,US Module Makers (美國模組廠),0.0002511746528647,0.0,,,0
Module,Domestic/Other Modules,0.0002511746528647,0.0,,,0
Tech,SiC Clients (碳化矽客戶),0.0002511746528647,0.0,,,0
Project,EPC Projects,0.0002511746528647,0.0,,,0
LGD/BOE,Panel Clients (面板廠),0.0002511746528647,0.0,,,0
Tier1,Auto Clients (車用),0.0002511746528647,0.0,,,0
IFX,Infineon (英飛凌),0.0002511225593709,0.0010701013665969,,,0
Mega/First,Financial Sector (金融業),0.00024968749879,0.0,,,0
TCC/Gogoro,Commercial/Enterprise (一般企業),0.00024968749879,0.0,,,0
Gov,Government Projects (政府專案),0.00024968749879,0.0,,,0
ETN,Eaton (伊頓),0.0002489000268762,0.0,,,0
Gov/Defense,Military/Defense Clients (軍工國防),0.0002468372674707,0.0,,,0
Consumers,Consumer Channel (台灣筆電通路),0.0002468372674707,0.0,,,0
Industrial,Industrial/Mining (工業/礦業),0.0002468372674707,0.0,,,0
DHL.DE,DHL Express,0.0002461747909062,0.0,,,0
9375.T,KWE (近鐵運通),0.0002461747909062,0.0,,,0
2308/2301,Power Supply Makers (Delta/LiteOn),0.0002455665009856,0.0,,,0
2357/2376,MB/NB Makers (Asus/Giga),0.0002455665009856,0.0,,,0
2421/2308,Fan Makers (Sunon/Delta),0.0002455665009856,0.0,,,0
Panel_Maker,Display Clients,0.0002455665009856,0.0,,,0
0763.HK,ZTE (中興通訊),0.0002447346340764,0.0,,,0
B2C_Home,Home Buyers (Residential),0.0002443389559279,0.0,,,0
B2B_Const,Construction Clients,0.0002443389559279,0.0,,,0
B2C_Ret,CITYLINK Shoppers,0.0002443389559279,0.0,,,0
Profit_Src,Nan Shan Life (Investment),0.0002443389559279,0.0,,,0
RIO,Rio Tinto (力拓),0.0002437269445201,0.0,,,0
BHP,BHP (必和必拓),0.0002437269445201,0.0,,,0
VALE,Vale (淡水河谷),0.0002437269445201,0.0,,,0
SME/Corp,Corporate Clients (企業貸款戶),0.0002433369418947,0.0,,,0
Public,Mortgage Borrowers (房貸戶),0.0002433369418947,0.0,,,0
VIP,Wealth Mgmt Clients (財管戶),0.0002433369418947,0.0,,,0
Public,Credit Card Users (信用卡戶),0.0002433369418947,0.0,,,0
Global,Treasury Investment (財務投資),0.0002433369418947,0.0,,,0
SME/Corp,Corporate Clients (企業貸款戶),0.0002410776134398,0.0,,,0
Solar/Wind,Green Energy Clients (綠能戶),0.0002410776134398,0.0,,,0
Public,DAWHO Digital Clients (大戶),0.0002410776134398,0.0,,,0
Investors,Brokerage Clients (證券經紀戶),0.0002410776134398,0.0,,,0
Public,Mortgage Borrowers (房貸戶),0.0002410776134398,0.0,,,0
VIP,Wealth Mgmt Clients (財管戶),0.0002410776134398,0.0,,,0
TSMC/ASE,Semiconductor (半導體自動化),0.0002399582755373,0.0,,,0
AUO/Innolux,Optoelectronics (面板自動化),0.0002399582755373,0.0,,,0
Auto/Logistics,Intelligent Robotics (智能機器人),0.0002399582755373,0.0,,,0
IT/Controller,Others (其他自動化/資訊),0.0002399582755373,0.0,,,0
2889.0,IBFC (國票金),0.0002399582755373,0.0,,,0
Consumer,Home Buyers (購屋大眾),0.0002399582755373,0.0,,,0
Service,Agency Revenue (代銷收入),0.0002399582755373,0.0,,,0
Build,Construction Revenue (營建收入),0.0002399582755373,0.0,,,0
Invest,Investment Revenue (轉投資),0.0002399582755373,0.0,,,0
B2B,Commercial Clients (Business),0.0002399198451698,0.0,,,0
Gov_City,Smart City (Government),0.0002399198451698,0.0,,,0
B2C,Residential Clients (House),0.0002399198451698,0.0,,,0
Bank_Ind,Banks/ATM (Logistics),0.0002399198451698,0.0,,,0
Building,Resident Guard Clients,0.0002399198451698,0.0,,,0
6763,綠界科技*,0.0002399198451698,0.0,,,1
Consumer,Gamers (遊戲玩家),0.0002399198451698,0.0,,,0
Private,O'Pay (歐付寶),0.0002399198451698,0.0,,,0
SME/Public,E-commerce Merchants (電商),0.0002399198451698,0.0,,,0
Public,Digital Content Providers,0.0002399198451698,0.0,,,0
B2C,Individual Tourists (個人旅客),0.0002398578854422,0.0,,,0
B2B,Corporate Clients (企業客戶),0.0002398578854422,0.0,,,0
B2B,Sub-Agents (同業),0.0002398578854422,0.0,,,0
B2C,Cruise Passengers,0.0002398578854422,0.0,,,0
OTA,Online Booking,0.0002398578854422,0.0,,,0
6758,Consumer Electronics (Sony),0.0002394866732143,0.0,,,1
Public/SME,Corporate Clients (一般企業客戶),0.0002369397876438,0.0,,,0
Large Corp,Executive Search Clients (獵才客戶),0.0002369397876438,0.0,,,0
Enterprise,HR System Clients (人資系統客戶),0.0002369397876438,0.0,,,0
Public,Consulting/Assessment (顧問/測評),0.0002369397876438,0.0,,,0
Public,Other Services (其他),0.0002369397876438,0.0,,,0
VSH,Vishay,0.0002364391794015,1.2416439945922266e-06,,,0
JD/BABA,JD.com (京東)/Tmall (天貓),0.0002362829266214,0.0,,,0
TSMC,Semiconductor Fab (半導體廠),0.0002346821389613,0.0,,,0
Global_PC,PC Brands (Dell/HP/Lenovo),0.0002346821389613,0.0,,,0
CSP_US,Cloud/Server Clients,0.0002346821389613,0.0,,,0
Tech_Giants,Smart Home/IoT (Google/Amazon),0.0002346821389613,0.0,,,0
GPRO,Action Camera (GoPro),0.0002346821389613,0.0,,,0
Tier1_EU,Automotive Tier 1,0.0002346821389613,0.0,,,0
Gov_Tw,Energy Clients (Taipower),0.0002346821389613,0.0,,,0
2392_Sub,Studio A (Retail),0.0002346821389613,0.0,,,0
HP/Dell,Consumer Electronics,0.0002346821389613,0.0,,,0
6448.T,Brother (兄弟),0.0002346821389613,9.720347972109088e-05,,,0
3714,富采,0.0002346821389613,0.0002501912649103,,,1
6752.T,Panasonic (松下),0.0002346821389613,0.0002508120869076,,,0
SME,Taiwan Franchisees (台灣加盟主),0.0002346821389613,0.0,,,0
Wistron/Foxconn,Server/Netcom Clients (伺服器/網通),0.0002346821389613,0.0,,,0
Bosch/Denso,Automotive Clients (車用電子),0.0002346821389613,0.0,,,0
Apple/Foxconn,Mobile Phone Clients (手機客戶),0.0002346821389613,0.0,,,0
Quanta/Compal,PC/NB Clients (電腦客戶),0.0002346821389613,0.0,,,0
Dell/HP/Quanta,NB ODMs/Brands (筆電客戶),0.0002346821389613,0.0,,,0
Dell/Samsung,Monitor Clients (監視器客戶),0.0002346821389613,0.0,,,0
Xiaomi/Samsung,Folding Device Clients (摺疊機),0.0002346821389613,0.0,,,0
Public,Other 3C/E-Bike,0.0002346821389613,0.0,,,0
Public,Other Semi Equipment Clients,0.0002346821389613,0.0,,,0
Public,Environmental/Medical,0.0002346821389613,0.0,,,0
Foundries,Spare Parts Market (備品市場),0.0002346821389613,0.0,,,0
MSFT/GOOG,Cloud Service Providers (雲端大廠),0.0002346821389613,0.0,,,0
Nokia/Ericsson,Telecom Equipment (電信設備),0.0002346821389613,0.0,,,0
Public,Industrial/LiDAR Clients,0.0002346821389613,0.0,,,0
Public,Consumer Electronics,0.0002346821389613,0.0,,,0
Private,Huawei (華為),0.0002346821389613,0.0,,,0
Private,SpaceX (Starlink),0.0002346821389613,0.0,,,0
CRNT,Ceragon Networks,0.0002346821389613,0.0,,,0
ETL.PA,Eutelsat OneWeb,0.0002346821389613,0.0,,,0
ERIC/NOKIA,Ericsson/Nokia,0.0002346821389613,0.0,,,0
6116,彩晶,0.0002346821389613,0.0,,,1
Private,Huawei (華為),0.0002346821389613,0.0,,,0
Dell/HP,Monitor Clients (監視器),0.0002346821389613,0.0,,,0
Quanta/Compal,NB ODMs (筆電代工),0.0002346821389613,0.0,,,0
Public,Other 3C Clients,0.0002346821389613,0.0,,,0
ASE/Amkor,Packaging Clients (封測廠),0.0002346821389613,0.0,,,0
Diversified,Agency Clients (設備代理),0.0002346821389613,0.0,,,0
Private,EV Charger Clients (中國車載),0.0002346821389613,0.0,,,0
Continental/Bosch,Automotive Tier 1 (歐美),0.0002346821389613,0.0,,,0
Siemens/Honeywell,Industrial Clients (工控),0.0002346821389613,0.0,,,0
AMZN/MSFT,US CSP (美系雲端),0.0002346821389613,0.0,,,0
Public,Medical/Consumer,0.0002346821389613,0.0,,,0
Bosch/Continental,Automotive Tier 1 (車用),0.0002346821389613,0.0,,,0
ASE/Amkor,OSAT (封測廠),0.0002346821389613,0.0,,,0
HPQ/DELL/CSCO,Server/Data Center (伺服器),0.0002346821389613,0.0,,,0
Public,PC/NB Clients (電腦),0.0002346821389613,0.0,,,0
Samsung/Sony,Consumer Electronics (消費),0.0002346821389613,0.0,,,0
Public,Networking ODMs (其他網通),0.0002346821389613,0.0,,,0
Public/Private,Partnered Hospitals (合作醫院),0.0002346821389613,0.0,,,0
Local,Dialysis Clinics (洗腎診所),0.0002346821389613,0.0,,,0
Local,Aesthetic Clinics (醫美診所),0.0002346821389613,0.0,,,0
Public,General Hospitals (綜合醫院),0.0002346821389613,0.0,,,0
Private,Long-term Care (長照機構),0.0002346821389613,0.0,,,0
Public/Private,Taiwan Hospitals (醫學中心),0.0002346821389613,0.0,,,0
Public,Regional Hospitals (區域醫院),0.0002346821389613,0.0,,,0
Private,US Partners (美國合作夥伴),0.0002346821389613,0.0,,,0
Private,SE Asia Partners (東南亞),0.0002346821389613,0.0,,,0
Local,Healthcare Channel (保健),0.0002346821389613,0.0,,,0
Public/Private,European DME Providers (歐洲DME),0.0002346821389613,0.0,,,0
Public,Asian Hospitals (亞洲醫院),0.0002346821389613,0.0,,,0
Consumer,Home Care (居家照護),0.0002346821389613,0.0,,,0
Private,US DME Providers (美國DME),0.0002346821389613,0.0,,,0
Public,Others (其他),0.0002346821389613,0.0,,,0
Private,American Medical Brands (美洲客戶),0.0002346821389613,0.0,,,0
Public,Asian Hospitals (亞洲醫院),0.0002346821389613,0.0,,,0
FMC/Local,Taiwan Dialysis Centers (國內洗腎),0.0002346821389613,0.0,,,0
Private,European Clients (歐洲客戶),0.0002346821389613,0.0,,,0
Public,China Market (中國市場),0.0002346821389613,0.0,,,0
Public/Private,Taiwan Hospitals (醫院),0.0002346821389613,0.0,,,0
Local,Taiwan Clinics (診所),0.0002346821389613,0.0,,,0
Local,Drugstores (連鎖藥局),0.0002346821389613,0.0,,,0
Public,China Market (中國市場),0.0002346821389613,0.0,,,0
Private,SE Asia (東南亞),0.0002346821389613,0.0,,,0
Subsidiary,Cotton Field Organic (棉花田),0.0002346821389613,0.0,,,0
Consumer,General Consumers (一般消費者),0.0002346821389613,0.0,,,0
Local,Drugstores (藥妝店),0.0002346821389613,0.0,,,0
Dali,Direct Sales (直銷),0.0002346821389613,0.0,,,0
Private,European Distributors (歐洲經銷商),0.0002346821389613,0.0,,,0
Private,US Distributors (美國經銷商),0.0002346821389613,0.0,,,0
Public,Taiwan Hospitals (國內醫院),0.0002346821389613,0.0,,,0
Private,Japanese Partners (日本夥伴),0.0002346821389613,0.0,,,0
Public,China Market (中國市場),0.0002346821389613,0.0,,,0
Govt,Military Hospitals (國軍醫院/三總),0.0002346821389613,0.0,,,0
Public,TMU Hospital (北醫附醫),0.0002346821389613,0.0,,,0
Public,Public Hospitals (部立醫院),0.0002346821389613,0.0,,,0
Private,Private Hospitals (私立醫院),0.0002346821389613,0.0,,,0
Public,China Market (中國市場),0.0002346821389613,0.0,,,0
Consumer,General Consumers (一般消費者),0.0002346821389613,0.0,,,0
Channel,Hospital Stores (醫院型門市),0.0002346821389613,0.0,,,0
Channel,Community Stores (社區型門市),0.0002346821389613,0.0,,,0
Line/Web,E-commerce (電商平台),0.0002346821389613,0.0,,,0
B2B,Institutions (醫療機構),0.0002346821389613,0.0,,,0
Pharma,European OEM Clients (歐洲代工),0.0002346821389613,0.0,,,0
Pharma,American OEM Clients (美洲代工),0.0002346821389613,0.0,,,0
Subsidiary,Fora Care (自有品牌),0.0002346821389613,0.0,,,0
Local,Domestic Market (台灣市場),0.0002346821389613,0.0,,,0
Pharma,Asian/Other OEM (亞洲代工),0.0002346821389613,0.0,,,0
Pharma,Phosphate Binder Clients (降膽磷客戶),0.0002346821389613,0.0,,,0
Pharma,Vitamin D Clients (維生素D客戶),0.0002346821389613,0.0,,,0
Pharma,CDMO Clients (歐美藥廠),0.0002346821389613,0.0,,,0
Pharma,Respiratory Drug Clients (呼吸用藥),0.0002346821389613,0.0,,,0
Pharma,Other API Clients (其他原料藥),0.0002346821389613,0.0,,,0
Gaming,Gaming Clients (博弈客戶),0.0002346821389613,0.0,,,0
Def,Aerospace/Defense (航太國防),0.0002346821389613,0.0,,,0
Private,SpaceX (星鏈),0.0002346821389613,0.0,,,0
Retail,Kiosk Clients (自助機台),0.0002346821389613,0.0,,,0
BABA/Tencent,China Internet Clients (中國互聯網),0.0002346821389613,0.0,,,0
Bank,Financial Clients (金融銀行),0.0002346821389613,0.0,,,0
Auto,EV/Auto Clients (新能源車),0.0002346821389613,0.0,,,0
Semi,Taiwan High-Tech (台灣半導體),0.0002346821389613,0.0,,,0
Telco,Telecom/Others (電信/其他),0.0002346821389613,0.0,,,0
Sensor,Sensing Clients (感測應用),0.0002346821389613,0.0,,,0
Auto,Automotive Clients (車用客戶),0.0002346821389613,0.0,,,0
Ind,UV Curing Clients (固化客戶),0.0002346821389613,0.0,,,0
Lighting,General Lighting (照明),0.0002346821389613,0.0,,,0
PI,Polaris (北極星),0.0002346821389613,0.0,,,0
HOG,Harley-Davidson (哈雷),0.0002346821389613,0.0,,,0
Invacare/Others,Medical Clients (醫療),0.0002346821389613,0.0,,,0
TM/F,Toyota/Ford (汽車),0.0002346821389613,0.0,,,0
7203.T,Atsumitec (Toyota),0.0002346821389613,0.0,,,0
7731.T,Nikon (尼康),0.0002346821389613,0.0,,,0
Makita,Electric Tool Clients,0.0002346821389613,0.0,,,0
B2C,Individual Buyers (個人客戶),0.0002346821389613,0.0,,,0
B2B,Property Tenants (租戶),0.0002346821389613,0.0,,,0
B2B,Corporate Clients,0.0002346821389613,0.0,,,0
Govt,Govt/Public,0.0002346821389613,0.0,,,0
Global,Overseas Clients,0.0002346821389613,0.0,,,0
Global_Trade,Global Charterers (國際租家),0.0002346821389613,0.0,,,0
Private,Cargill (嘉吉),0.0002346821389613,0.0,,,0
GLEN,Glencore (嘉能可),0.0002346821389613,0.0,,,0
Subsidiary,Green World Hotels (綠舞觀光),0.0002346821389613,0.0,,,0
SME_TW,Taiwan SMEs (台灣中小企業),0.0002346821389613,0.0,,,0
SME_CN,China SMEs (中國中小企業),0.0002346821389613,0.0,,,0
SME_ASEAN,ASEAN SMEs (東協中小企業),0.0002346821389613,0.0,,,0
Govt,Taipower (台電),0.0002346821389613,0.0,,,0
B2C,Consumers (一般消費者),0.0002346821389613,0.0,,,0
B2C,Female Consumers (女性客群),0.0002346821389613,0.0,,,0
B2C,General Households (家庭客),0.0002346821389613,0.0,,,0
B2C,Male Consumers (男性客群),0.0002346821389613,0.0,,,0
B2C,Tourists (觀光客),0.0002346821389613,0.0,,,0
VIP,Members (會員),0.0002346821389613,0.0,,,0
2303 / UMC,UMC Singapore (聯電新加坡),0.0002346821389613,0.0,,,0
Govt,Public Works (榮工),0.0002346821389613,0.0,,,0
CN_Clients,China Projects (蘇州亞翔),0.0002346821389613,0.0,,,0
AUO/Innolux,Panel/Other Tech,0.0002346821389613,0.0,,,0
JP_Elec,Japanese Clients (日系客戶),0.0002346821389613,0.0,,,0
CN_Elec,Chinese Clients (陸系客戶),0.0002346821389613,0.0,,,0
TW_Semi,Taiwan Clients (台系客戶),0.0002346821389613,0.0,,,0
Server_ODM,AI Server Chain,0.0002346821389613,0.0,,,0
EU_Ind,European Clients (歐系),0.0002346821389613,0.0,,,0
MSFT/AMZN,CSPs (雲端大廠),0.0002346821389613,0.0,,,0
Quanta/Wiwynn,Server ODMs,0.0002346821389613,0.0,,,0
Various,Consumer/Netcom,0.0002346821389613,0.0,,,0
Sea_Sonic,PC DIY Market (自有品牌),0.0002346821389613,0.0,,,0
Corsair/Others,OEM Clients (代工),0.0002346821389613,0.0,,,0
NVDA_Chain,AI Server Chain,0.0002346821389613,0.0,,,0
Advantech,Industrial PC,0.0002346821389613,0.0,,,0
Medical,Medical/Other,0.0002346821389613,0.0,,,0
Security,Security/New Apps,0.0002346821389613,0.0,,,0
IC_Fab/Design,Semiconductor Test (半導體),0.0002346821389613,0.0,,,0
Gogoro/Others,EV/E-Bike (新能源),0.0002346821389613,0.0,,,0
AMZN/GOOG,Amazon/Google,0.0002346821389613,0.0,,,0
Misc,Other Consumer,0.0002346821389613,0.0,,,0
VOW/BMW,European Brands (Audi/BMW),0.0002346821389613,0.0,,,0
US_Auto,North American Clients,0.0002346821389613,0.0,,,0
Others,Asian Brands (Hyundai/Toyota),0.0002346821389613,0.0,,,0
VOW/BMW,European Auto (VW/BMW),0.0002346821389613,0.0,,,0
NVDA_Chain,AI Server Chain,0.0002346821389613,0.0,,,0
Advantech,Industrial/IPC,0.0002346821389613,0.0,,,0
BOE/CSOT,Panel Makers (京東方/華星),0.0002346821389613,0.0,,,0
Tesla/Ford,Auto Clients,0.0002346821389613,0.0,,,0
Sony/Others,Consumer Electronics,0.0002346821389613,0.0,,,0
LEA/MGA,Lear/Magna (Tier 1),0.0002346821389613,0.0,,,0
Global_Dist,RC Hobby Distributors,0.0002346821389613,0.0,,,0
Medical_Dist,Medical Clients (Dental),0.0002346821389613,0.0,,,0
Uni-Pre/Others,Beverage Companies,0.0002346821389613,0.0,,,0
Govt_TW,Ministry of National Defense,0.0002346821389613,0.0,,,0
Govt_US,US Army/Govt,0.0002346821389613,0.0,,,0
2308/2301,Server Power Clients (Delta/LiteOn),0.0002346821389613,0.0,,,0
2382/2324,NB ODMs (Quanta/Compal),0.0002346821389613,0.0,,,0
Ind_Client,Industrial Clients,0.0002346821389613,0.0,,,0
Tier1,Automotive Clients,0.0002346821389613,0.0,,,0
Euro_Bike,E-Bike Brands (Europe),0.0002346821389613,0.0,,,0
Global_Dist,Passive Comp Clients,0.0002346821389613,0.0,,,0
GE,GE Aerospace (奇異),0.0002346821389613,0.0,,,0
Ind_Client,Industrial Clients (Tech/Chem),0.0002346821389613,0.0,,,0
Hospitals,Medical Institutions,0.0002346821389613,0.0,,,0
Gov_EPA,Government Projects,0.0002346821389613,0.0,,,0
Sub_China,Beijing Runta (北京潤泰),0.0002346821389613,0.0,,,0
LMT,Lockheed Martin (洛克希德馬丁),0.0002346821389613,0.0,,,0
GOV_TW,Government (EPA/Local),0.0002346821389613,0.0,,,0
Steel_Co,Steel Industry Clients,0.0002346821389613,0.0,,,0
Energy_Paper,Paper/Solar Clients,0.0002346821389613,0.0,,,0
Ind_Misc,General Ind Clients,0.0002346821389613,0.0,,,0
Distributors,Specialty Stores (Norman),0.0002346821389613,0.0,,,0
EU_Retail,European Clients,0.0002346821389613,0.0,,,0
EU_Brand,European Distributors,0.0002346821389613,0.0,,,0
BRK.A,Shaw Industries,0.0002346821389613,0.0,,,0
MHK,Mohawk Industries,0.0002346821389613,0.0,,,0
CN_Brand,Local/China Clients,0.0002346821389613,0.0,,,0
BE,Bloom Energy,0.0002346821389613,0.0,,,0
HVAC_Ind,HVAC Clients (Daikin/Trane),0.0002346821389613,0.0,,,0
Alibaba/Bytedance,Chinese Data Centers,0.0002346821389613,0.0,,,0
EU_Client,European Heat Pump,0.0002346821389613,0.0,,,0
B2B_Ind,Industrial Machinery,0.0002346821389613,0.0,,,0
B2B_Auto,Automotive Clients,0.0002346821389613,0.0,,,0
B2B_Agri,Agricultural Machinery,0.0002346821389613,0.0,,,0
China_Truck,Truck/Bus Clients,0.0002346821389613,0.0,,,0
B2B_EV,EV Clients,0.0002346821389613,0.0,,,0
VOW3.DE,Volkswagen Group,0.0002346821389613,0.0,,,0
Mkt_Gold,Jewelry/Gold Market,0.0002346821389613,0.0,,,0
B2B_Semi,Semiconductor Clients,0.0002346821389613,0.0,,,0
B2B_Ind,Industrial Clients,0.0002346821389613,0.0,,,0
B2B_Const,Construction Mat,0.0002346821389613,0.0,,,0
Service,Waste Service Clients,0.0002346821389613,0.0,,,0
Public,Cosmetics Shoppers (化妝品客群),0.0002341709793627,0.0,,,0
Public,Luxury Goods Shoppers (精品客群),0.0002341709793627,0.0,,,0
Public,Dining Customers (餐飲客群),0.0002341709793627,0.0,,,0
Public,Apparel Shoppers (服飾客群),0.0002341709793627,0.0,,,0
Public,Supermarket Shoppers (超市客群),0.0002341709793627,0.0,,,0
Public,Cinema Goers (觀影客群),0.0002341709793627,0.0,,,0
Public,Life Policyholders (壽險保戶),0.0002340812043771,0.0,,,0
SME/Corp,Corporate Clients (企業貸款戶),0.0002340812043771,0.0,,,0
Public,Mortgage/Retail Clients (消金戶),0.0002340812043771,0.0,,,0
Investors,Brokerage Clients (證券經紀戶),0.0002340812043771,0.0,,,0
Public,P&C Policyholders (產險保戶),0.0002340812043771,0.0,,,0
VIP,Wealth Mgmt Clients (財管戶),0.0002340812043771,0.0,,,0
Yuanta/KGI,Securities Brokers (證券商),0.0002340471227554,0.0,,,0
Fin,Futures Brokers (期貨商),0.0002340471227554,0.0,,,0
Bank,Banks (銀行),0.0002340471227554,0.0,,,0
Fund,Investment Trusts (投信投顧),0.0002340471227554,0.0,,,0
B2C,Individual Investors,0.0002340471227554,0.0,,,0
CSP_US,CSP Clients (Google/Amazon),0.0002332872871867,0.0,,,0
Consumer_Brand,Smart Device Clients,0.0002332872871867,0.0,,,0
Oppo/Vivo,Chinese Mobile Brands,0.0002332036109505,0.0,,,0
B2B,Auto/Server Clients,0.0002332036109505,0.0,,,0
4755.T,Kobo (樂天),0.0002331296395002,0.0,,,0
Private,Readmoo (讀墨),0.0002331296395002,0.0,,,0
Private,Pubu,0.0002331296395002,0.0,,,0
Retail_EU,ESL Clients (標籤),0.0002331296395002,0.0,,,0
Transport,Signage Clients (看板),0.0002331296395002,0.0,,,0
6535,順藥,0.000232398117492,0.0,0.0020352091177368,1.0,1
1795,美時,0.000232398117492,0.0,,,1
6499,益安,0.000232398117492,0.0,,,1
4726,永昕,0.000232398117492,0.0,,,1
Private,OmniVision (豪威),0.0002312660559201,0.0,,,0
Global Auto,Automotive Clients (車用客戶),0.0002312660559201,0.0,,,0
Public,Other CIS Clients (其他CIS),0.0002312660559201,0.0,,,0
Canon/Nikon,Camera Brands (Japan),0.0002311945723402,0.0,,,0
Poly/Logi,Video Conf/Surveillance,0.0002311945723402,0.0,,,0
Tier1_JP/EU,Automotive Tier 1,0.0002311945723402,0.0,,,0
Mantis_US,Robotics Clients (Mantis),0.0002311945723402,0.0,,,0
Gov_MY/DE,Smart City Projects,0.0002311945723402,0.0,,,0
NVIDIA/Dell,Server/Network (伺服器/網通),0.0002311647145773,0.0,,,0
HP/Dell/Lenovo,Notebook (筆記型電腦),0.0002311647145773,0.0,,,0
Tesla/BYD,Automotive (車用電子),0.0002311647145773,0.0,,,0
Siemens/GE,Industrial/Medical (工控/醫療),0.0002311647145773,0.0,,,0
DigiKey,Distributors/Others (通路/其他),0.0002311647145773,0.0,,,0
HP/Dell/Lenovo,Non-Apple NB (非蘋筆電),0.0002310074777542,0.0,,,0
Apple/Brand,Tablet/Accessories (平板配件),0.0002310074777542,0.0,,,0
NB OEM,Touchpad/Backlight (模組),0.0002310074777542,0.0,,,0
Priv.,Others (其他),0.0002310074777542,0.0,,,0
Module_Maker,Storage Clients (Module Makers),0.0002303048091671,0.0,,,0
Bitmain/Others,ASIC Clients (Mining/HPC),0.0002303048091671,0.0,,,0
6462,神盾,0.0002303048091671,0.0,0.0028163346031816,65.0,1
Cloud_CSP,Arm Server Clients,0.0002303048091671,0.0,,,0
Tier1,Automotive Clients,0.0002303048091671,0.0,,,0
HIMX,Himax (奇景光電),0.0002299148915226,3.276783340808994e-05,,,0
B2C_Auto,Nissan Car Buyers,0.0002298999110942,0.0,,,0
B2B_Lease,SME Clients (Leasing),0.0002298999110942,0.0,,,0
B2C_Loan,Consumer Finance (Scooter),0.0002298999110942,0.0,,,0
B2C_Used,Used Car Buyers,0.0002298999110942,0.0,,,0
B2B_Power,Green Energy Clients,0.0002298999110942,0.0,,,0
Consumer,Taiwan Members (台灣會員),0.0002298795257515,0.0,,,0
Consumer,China Members (中國會員),0.0002298795257515,0.0,,,0
Consumer,Medical Beauty Clients,0.0002298795257515,0.0,,,0
Consumer,Malaysia Market (馬來西亞),0.0002298795257515,0.0,,,0
Consumer,Tourism Factory Visitors,0.0002298795257515,0.0,,,0
1229,聯華,0.0002293693055573,1.0347033288268554e-07,0.0012766368742756,10.0,1
1434,福懋,0.0002293693055573,3.3110506522459374e-06,0.0011010567149575,8.0,1
1451,年興,0.0002293693055573,5.173516644134277e-08,0.0003052813676605,0.0,1
MediaTek/NVDA,IC Design Houses (IC設計),0.0002290538741418,0.0,,,0
ASE,Packaging,0.0002290538741418,9.57100579164841e-07,,,0
AUO/Innolux,Automotive Panel Clients (車用面板客戶),0.0002287418982098,0.0,,,0
Public,Industrial Clients (工控客戶),0.0002287418982098,0.0,,,0
Public,Consumer Electronics (消費電子),0.0002287418982098,0.0,,,0
Public,TV Panel Clients (電視面板),0.0002287418982098,0.0,,,0
Siemens/ABB,Industrial Clients (Europe),0.0002283023149737,0.0,,,0
Tier1_Auto,Automotive Clients,0.0002283023149737,0.0,,,0
CSP_US,AI/Server Clients,0.0002283023149737,0.0,,,0
Kingston/Adata,Memory Module Makers,0.0002283023149737,0.0,,,0
Consumer_Brand,Consumer Electronics,0.0002283023149737,0.0,,,0
SME/Corp,Corporate Clients (企業貸款戶),0.0002280267468735,0.0,,,0
Importers,Forex Clients (外匯客戶),0.0002280267468735,0.0,,,0
Global,Financial Investment (財務操作),0.0002280267468735,0.0,,,0
Public,Mortgage Borrowers (房貸戶),0.0002280267468735,0.0,,,0
Investors,Brokerage Clients (證券經紀戶),0.0002280267468735,0.0,,,0
Govt,Taoyuan Airport (桃機),0.000227439592125,0.0,,,0
Govt,Chunghwa Post (中華郵政),0.000227439592125,0.0,,,0
SYM Owners,Taiwan Scooter Market (國內機車),0.0002267679340973,0.0,,,0
Nanyang,Hyundai Car Buyers (現代車主),0.0002267679340973,0.0,,,0
Global SYM,Export Markets (機車外銷),0.0002267679340973,0.0,,,0
Partners,OEM Manufacturing (代工業務),0.0002267679340973,0.0,,,0
Aftersales,Parts Sales (零件銷售),0.0002267679340973,0.0,,,0
VMEP,Vietnam Market (越南市場),0.0002267679340973,0.0,,,0
Aph,Aluminum Battery (鋁電池),0.0002267679340973,0.0,,,0
Priv.,Others (其他),0.0002267679340973,0.0,,,0
Local_Mach,Automation Equipment Makers,0.0002267286750605,0.0,,,0
Semi_Equip,Semiconductor Equipment,0.0002267286750605,0.0,,,0
Energy_Co,Energy Clients,0.0002267286750605,0.0,,,0
Panel_Equip,Panel/Opto Makers,0.0002267286750605,0.0,,,0
Logistics,Logistics Clients,0.0002267286750605,0.0,,,0
Tier 1,Automotive Clients (車用客戶),0.0002263461707121,0.0,,,0
Roche (羅氏),Medical Clients (醫療客戶),0.0002263461707121,0.0,,,0
Various,OEM Assembly (組裝代工),0.0002263461707121,0.0,,,0
US Clients,Drone/Robot Clients (無人機/機器人),0.0002263461707121,0.0,,,0
QCOM/AVGO,Wi-Fi Chip Vendors,0.0002262118886146,0.0,,,0
Private,Valve (威爾烏),0.0002262118886146,0.0,,,0
Auto,Auto Clients,0.0002262118886146,0.0,,,0
Consumer,Consumer Electronics,0.0002262118886146,0.0,,,0
Gov,Taiwan MOD (國防部),0.0002261248047537,0.0,,,0
GE,GE Aerospace (奇異),0.0002261248047537,0.0,,,0
Various,Tech Services (科技服務),0.0002261248047537,0.0,,,0
Govt,Taiwan Power Co. (台電),0.0002257090370993,0.0,,,0
Govt,Taiwan Govt Projects (公標案),0.0002257090370993,0.0,,,0
Private,Enterprise EPC Clients (企業),0.0002257090370993,0.0,,,0
Distributors,Overseas Module Clients,0.0002257090370993,0.0,,,0
Govt/Private,Storage Projects (儲能),0.0002257090370993,0.0,,,0
Telco,North American Telecom (北美電信),0.0002257090370993,0.0,,,0
Telco,European Telecom (歐洲電信),0.0002257090370993,0.0,,,0
Asia,Asian Telecom (亞洲電信),0.0002257090370993,0.0,,,0
Tech,Data Center/AI Clients,0.0002257090370993,0.0,,,0
Ind,Industrial Control (工控客戶),0.0002257090370993,0.0,,,0
B2B,Corporate Loans (企業貸款),0.0002257090370993,0.0,,,0
B2C,Mortgage/Retail (房貸/消金),0.0002257090370993,0.0,,,0
Govt,Govt/SOEs (公營事業),0.0002257090370993,0.0,,,0
VIP,Wealth Management,0.0002257090370993,0.0,,,0
B2C,Credit Card Users,0.0002257090370993,0.0,,,0
DELL/HPQ,PC Brands (Dell/HP),0.0002257090370993,0.0,,,0
2382/3231,Server ODMs (廣達/緯創),0.0002257090370993,0.0,,,0
Cisco/Ericsson,Network/Comms,0.0002257090370993,0.0,,,0
Samsung/Others,Smartphones,0.0002257090370993,0.0,,,0
SiC_Client,SiC Wafer Makers,0.0002257090370993,0.0,,,0
TDK/Murata,Other Inductor Makers,0.0002257090370993,0.0,,,0
EV_Supply,EV/Charging Pile,0.0002257090370993,0.0,,,0
Auto_Chip,Automotive Clients,0.000225591614426,0.0,,,0
Retail,Notebook Users (筆電用戶),0.0002250707520942,0.0,,,0
Diversified,Non-PC Business (非電腦事業),0.0002250707520942,0.0,,,0
Predator,Gaming (電競玩家),0.0002250707520942,0.0,,,0
Retail,Desktop/Display (桌機/顯示器),0.0002250707520942,0.0,,,0
Geo,Pan-Asia Market (泛亞市場),0.0002250707520942,0.0,,,0
Geo,Americas Market (美洲市場),0.0002250707520942,0.0,,,0
Geo,EMEA Market (歐洲市場),0.0002250707520942,0.0,,,0
Priv.,Others (其他),0.0002250707520942,0.0,,,0
0669.HK,Techtronic Ind (創科實業),0.000225002129788,0.0,,,0
Consumers,Individual Consumers (B2C),0.0002243018813084,0.0,,,0
Sellers,Marketplace Sellers (C2C),0.0002243018813084,0.0,,,0
Users,FinTech Users,0.0002243018813084,0.0,,,0
Bibian_Users,Cross-border Shoppers,0.0002243018813084,0.0,,,0
Ad_Agency,Advertising Clients,0.0002243018813084,0.0,,,0
HPQ/DELL,Information Clients (HP/Dell),0.0002237627515149,0.0,,,0
BOSE/SONO,Audio Clients (Bose/Sonos),0.0002237627515149,0.0,,,0
Auto,Other Auto/Ind (其他車用/工控),0.0002237627515149,0.0,,,0
Delta/Others,Industrial Clients (工業),0.000223485464458,0.0,,,0
Netcom,Netcom Clients (網通),0.000223485464458,0.0,,,0
EV_Makers,Auto Clients (車用),0.000223485464458,0.0,,,0
Murata/TDK,Japanese Clients (日系),0.000223485464458,0.0,,,0
McD/Starbucks,US Retail Clients (Fast Food),0.0002233603065031,0.0,,,0
Semi_Maker,Chips/Semi Clients (Testing),0.0002233603065031,0.0,,,0
SIE/GE,Medical Clients (Siemens/GE),0.0002233603065031,0.0,,,0
Cloud_CSP,Data Center Clients,0.0002233603065031,0.0,,,0
SME/Corp,Corporate Clients (企業貸款戶),0.0002232364893812,0.0,,,0
Public,Mortgage Borrowers (房貸戶),0.0002232364893812,0.0,,,0
VIP,Wealth Mgmt Clients (財管戶),0.0002232364893812,0.0,,,0
Investors,Brokerage Clients (證券經紀戶),0.0002232364893812,0.0,,,0
Public,Insurance Policyholders (保戶),0.0002232364893812,0.0,,,0
Internal,Proprietary Trading (自營投資),0.0002232364893812,0.0,,,0
Private,Specialized (SBC),0.0002228452950522,0.0,,,0
Merida_EU,MERIDA (Own Brand EU),0.0002228452950522,0.0,,,0
Merida_US,MERIDA (Own Brand US),0.0002228452950522,0.0,,,0
Private,Centurion,0.0002228452950522,0.0,,,0
Private,Miyata,0.0002228452950522,0.0,,,0
Giant,GIANT (Own Brand),0.0002228452950522,0.0,,,0
Private,Trek Bicycle,0.0002228452950522,0.0,,,0
Private,Scott Sports,0.0002228452950522,0.0,,,0
Liv,Liv (Own Brand),0.0002228452950522,0.0,,,0
Private,Colnago,0.0002228452950522,0.0,,,0
600104.SS,SAIC-GM (上汽通用),0.0002226781600977,0.0,,,0
0175.HK/1211.HK,Geely/BYD (吉利/比亞迪),0.0002226781600977,0.0,,,0
Global_IT,Display/IT Clients (Dell/HP),0.0002223024789633,0.0,,,0
BenQ_Brand,BenQ (Brand),0.0002223024789633,0.0,,,0
B2B_Med,Medical Clients (Hospitals),0.0002223024789633,0.0,,,0
Alpha_Networks,Network Clients,0.0002223024789633,0.0,,,0
B2B_Sol,Smart Solution Clients,0.0002223024789633,0.0,,,0
Public (B2C/B2B),SE Asia Players/Operators (東南亞),0.0002218173965022,0.0,,,0
Public (B2C),Taiwan Players (台灣玩家),0.0002218173965022,0.0,,,0
TaDa Gaming,US Operators (美國運營商),0.0002218173965022,0.0,,,0
Public (B2B),China Operators (中國運營商),0.0002218173965022,0.0,,,0
TaDa Gaming,European Operators (歐洲運營商),0.0002218173965022,0.0,,,0
Global,Arcade Operators (商用機台業者),0.0002218173965022,0.0,,,0
Public,Distributors/Agents (通路客戶),0.0002208202368287,0.0,,,0
Bosch/Conti,Automotive Tier 1 (車用一級供應商),0.0002208202368287,0.0,,,0
Public,Industrial/Netcom Clients (工控/網通),0.0002208202368287,0.0,,,0
Public,Consumer Electronics (消費電子),0.0002208202368287,0.0,,,0
Public,System Module Clients (模組客戶),0.0002208202368287,0.0,,,0
Siemens/GE,Industrial Automation (SI),0.0002207923893476,0.0,,,0
B2B_Design,Embedded Design-in Clients,0.0002207923893476,0.0,,,0
B2B_Service,Service IoT (Retail/Medical),0.0002207923893476,0.0,,,0
Rail_Client,Transportation Clients,0.0002207923893476,0.0,,,0
IGT/Aristocrat,Gaming/Slot Machine,0.0002207923893476,0.0,,,0
ASUS/Acer/HP,NB/PC Brands (筆電/電腦品牌),0.0002204874640561,0.0,,,0
Gigabyte/MSI,Motherboard Makers (主機板),0.0002204874640561,0.0,,,0
Delta/Sunon,Fan Makers (風扇廠),0.0002204874640561,0.0,,,0
Adata/Transcend,DDR5 Module Makers,0.0002204874640561,0.0,,,0
Sony/Xbox,Game Consoles (遊戲機),0.0002204874640561,0.0,,,0
OPPO/Vivo/XiaoMi,Chinese Phone Brands (中國手機品牌),0.0002204514031518,0.0,,,0
688036.SH,Transsion (傳音),0.0002204514031518,0.0,,,0
BMW/Hyundai,Automotive Clients (車用客戶),0.0002204514031518,0.0,,,0
Amazon/Dell,Tablet/Industrial (平板/工控),0.0002204514031518,0.0,,,0
Govt,Taiwan Govt/Defense (國防部),0.0002204514031518,0.0,,,0
Bio,Biotech/Healthcare Clients,0.0002204514031518,0.0,,,0
Dist,IC Distributors (代理商),0.0002204514031518,0.0,,,0
Ind,Industrial Drone Clients,0.0002204514031518,0.0,,,0
Global,Export Clients,0.0002204514031518,0.0,,,0
HP/Dell/Lenovo,NB Brands (筆電品牌),0.0002203251759822,0.0,,,0
PC Brands,Fingerprint Module Clients,0.0002203251759822,0.0,,,0
VOLCAR-B,Volvo (富豪汽車),0.0002203251759822,0.0,,,0
Public,Other Auto/IoT Clients,0.0002203251759822,0.0,,,0
Govt,Government Projects (政府標案),0.0002203251759822,0.0,,,0
Govt,Taipower (台電),0.0002203251759822,0.0,,,0
Govt,TRA (台鐵),0.0002203251759822,0.0,,,0
Local,Private Telcos (其他電信),0.0002203251759822,0.0,,,0
4755.T,Rakuten Kobo,0.0002203006000285,0.0,,,0
VU.PA,VusionGroup (SES-imagotag),0.0002203006000285,0.0,,,0
Private,eNote Brands (ReMarkable/Boox),0.0002203006000285,0.0,,,0
6902.T,Denso (電裝),0.0002201725663935,0.0,,,0
Private,Bosch (博世),0.0002201725663935,0.0,,,0
Tier1_EV,xEV Clients (48V),0.0002201725663935,0.0,,,0
6503.T,Mitsubishi Electric,0.0002201725663935,0.0004419148226549,,,0
Esentia/CCTV Camera Pros,US Distributors (美國經銷商),0.0002200239896623,0.0,,,0
Public (Distributors),European Distributors (以捷克為中心),0.0002200239896623,0.0,,,0
Huelin (學琳),Taiwan Distributors (台灣經銷商),0.0002200239896623,0.0,,,0
ASI (Alarm Sys),System Integrators (系統整合商),0.0002200239896623,0.0,,,0
Public,Other Regions (其他地區),0.0002200239896623,0.0,,,0
Dell/HP,Power Supply Clients (電源客戶),0.0002200142908198,0.0,,,0
CSP (AWS/MSFT),Server Case Clients (伺服器機殼),0.0002200142908198,0.0,,,0
DIY Brands,PC Case Clients (電腦機殼),0.0002200142908198,0.0,,,0
Private,Medical Clients (醫療客戶),0.0002200142908198,0.0,,,0
Public,Other Electronic Clients (其他),0.0002200142908198,0.0,,,0
6753.T,Sharp (夏普),0.0002200142908198,0.0,,,0
600690.SS,Haier (海爾),0.0002200142908198,0.0,,,0
000333.SZ,Midea (美的),0.0002200142908198,0.0,,,0
Private,European Heat Pump Clients,0.0002200142908198,0.0,,,0
Space,Low Earth Orbit Clients,0.0002200142908198,0.0,,,0
Auto,Other Auto Clients,0.0002200142908198,0.0,,,0
US_Brand,North American Server Brand,0.0002200142908198,0.0,,,0
B2C_Channel,Dealers/Distributors,0.0002200142908198,0.0,,,0
B2B_Const,Construction Projects (建商),0.0002200142908198,0.0,,,0
Retail_Chain,Modern Channel (Hypermarkets),0.0002200142908198,0.0,,,0
Sakura_CN,Overseas (China/Vietnam),0.0002200142908198,0.0,,,0
Sakura_Store,Direct Stores (Sakura Kitchen),0.0002200142908198,0.0,,,0
Private,German Distributor (德國客戶),0.0002186055599182,0.0,,,0
Private,Japanese Distributor (日本客戶),0.0002186055599182,0.0,,,0
Public,Domestic Hospitals (國內醫院),0.0002186055599182,0.0,,,0
Private,US Clients (美國客戶),0.0002186055599182,0.0,,,0
Local,Emerging Markets (新興市場),0.0002186055599182,0.0,,,0
Medtronic/Other,Healthcare Clients (醫療客戶),0.0002184225942866,0.0,,,0
Gov/Private,US Voting/Gaming (投票/博弈),0.0002184225942866,0.0,,,0
Global Retail,Smart Retail Clients (智慧零售),0.0002184225942866,0.0,,,0
Siemens/Other,Industrial Automation (工業),0.0002184225942866,0.0,,,0
Public,Traffic/Other (交通/其他),0.0002184225942866,0.0,,,0
AMZN/MSFT,North American CSPs (美系雲端),0.0002180986126561,0.0,,,0
Public,System Integrators (SI),0.0002180986126561,0.0,,,0
NVDA/AMD,Nvidia/AMD Partners,0.0002180986126561,0.0,,,0
Netflix/Others,New Media/Streaming,0.0002180986126561,0.0,,,0
Public,Security/Surveillance,0.0002180986126561,0.0,,,0
Lion/Cola,Travel Agencies (旅行社),0.000217285815754,0.0,,,0
Logistics,Freight Forwarders (貨攬),0.000217285815754,0.0,,,0
UA/ANA,Star Alliance (星空聯盟),0.000217285815754,0.0,,,0
Retail,Duty Free (免稅商品),0.000217285815754,0.0,,,0
B2C,Consumers (一般消費者),0.0002169668397428,0.0,,,0
B2B,Corporate Clients (企業),0.0002169668397428,0.0,,,0
B2C,Let's Café Drinkers,0.0002169668397428,0.0,,,0
B2C,FamiPort Users,0.0002169668397428,0.0,,,0
Public,PC/Gaming Clients (電競/PC客戶),0.0002168769579463,0.0,,,0
Public,Networking Clients (網通客戶),0.0002168769579463,0.0,,,0
Public,Industrial/Medical Clients (工控/醫療),0.0002168769579463,0.0,,,0
B2B_Power,Energy/Power Clients,0.0002167919619457,0.0,,,0
TSMC/Micron,Semiconductor Clients,0.0002167919619457,0.0,,,0
B2B_Auto,Rockwell Service Clients,0.0002167919619457,0.0,,,0
Logistics,Logistic Clients,0.0002167919619457,0.0,,,0
Panel_Maker,Display/Electronic Clients,0.0002167919619457,0.0,,,0
Power/Brand,IT/Telecom (資訊/通訊),0.0002167359352374,0.0,,,0
Global,Home Appliance (家電/照明),0.0002167359352374,0.0,,,0
Ind OEM,Industrial (工業應用),0.0002167359352374,0.0,,,0
EV/Tier1,Automotive (車用電子),0.0002167359352374,0.0,,,0
Med,Medical/Others (醫療/其他),0.0002167359352374,0.0,,,0
Bose/Beats,Headsets (耳機產品),0.0002167359352374,0.0,,,0
Phone/NB Brands,Speakers (揚聲器),0.0002167359352374,0.0,,,0
Medical,Hearing Aids/Others (助聽器/其他),0.0002167359352374,0.0,,,0
Gaming Brands,Gaming (電競應用),0.0002167359352374,0.0,,,0
Local,Domestic Life Insurers (壽險業者),0.0002167359352374,0.0,,,0
Global,International Clients (國外客戶),0.0002167359352374,0.0,,,0
Local,Other P&C Insurers (其他產險),0.0002167359352374,0.0,,,0
Public,Energy Storage/Solar Clients (儲能/太陽能客戶),0.0002167359352374,0.0,,,0
Gov,Taipower (台電),0.0002167359352374,0.0,,,0
Public,Communication Clients (通訊客戶),0.0002167359352374,0.0,,,0
Public,Power Supply Clients (電源客戶),0.0002167359352374,0.0,,,0
Public,EV Charging Clients (充電樁客戶),0.0002167359352374,0.0,,,0
TFME (通富),Chinese OSATs (陸系封測),0.0002167359352374,0.0,,,0
Public,Other Clients (其他),0.0002167359352374,0.0,,,0
300014.SZ,EVE Energy (億緯鋰能),0.0002167359352374,0.0,,,0
XPeng/VW,Auto Makers (車廠客戶),0.0002167359352374,0.0,,,0
Public,Other Industrial (其他工控),0.0002167359352374,0.0,,,0
Quanta/Compal,NB/PC ODMs (筆電代工廠),0.0002167359352374,0.0,,,0
Public,Type-C Clients (Type-C客戶),0.0002167359352374,0.0,,,0
Teva/Mylan,Global Generic Pharmas (學名藥廠),0.0002167359352374,0.0,,,0
Private,New Drug Developers (新藥代工),0.0002167359352374,0.0,,,0
China State,Hunan Xiangzhong (湖南湘中),0.0002167359352374,0.0,,,0
Public,Parkinson's Drug Clients,0.0002167359352374,0.0,,,0
Public,Others (其他客戶),0.0002167359352374,0.0,,,0
B2C,End Consumers (一般消費者),0.0002167359352374,0.0,,,0
B2B,Enterprise Group Buying,0.0002167359352374,0.0,,,0
Online,E-commerce (電商平台),0.0002167359352374,0.0,,,0
Med,Medical Institutions,0.0002167359352374,0.0,,,0
Misc,Others,0.0002167359352374,0.0,,,0
B2C,Gas Station Consumers,0.0002166574203475,0.0,,,0
B2C_House,Home Buyers (Pre-sale),0.0002166574203475,0.0,,,0
B2C_EV,EV Owners (Tail Power),0.0002166574203475,0.0,,,0
Gov_Tw,Taipower (Solar),0.0002166574203475,0.0,,,0
B2B_Fleet,Corporate Fleet,0.0002166574203475,0.0,,,0
Confidential,North American ODM Clients (北美代工),0.000216258559153,0.0,,,0
Distributors,Vivotek Brand Channel (自有品牌),0.000216258559153,0.0,,,0
Public,Japan/EU Clients,0.000216258559153,0.0,,,0
Local,System Integrators (系統整合商),0.000216258559153,0.0,,,0
Restaurant,B2B Clients (萬鮮客戶),0.0002162095448074,0.0,,,0
Internal,Hot Pot Brands (火鍋品牌群),0.0002162095448074,0.0,,,0
Internal,Casual Dining (異國料理),0.0002162095448074,0.0,,,0
Internal,Fine Dining (精緻餐飲),0.0002162095448074,0.0,,,0
UMC/PSMC,Foundry Clients,0.0002162095448074,0.0,,,0
AUO/Innolux,Panel/LED Makers,0.0002162095448074,0.0,,,0
ASE/Amkor,Testing Houses,0.0002162095448074,0.0,,,0
ON,ON Semi (安森美),0.0002162095448074,0.0002273760565097,,,0
Private,OmniVision (豪威),0.0002162095448074,0.0,,,0
Private,SpaceX (Starlink),0.0002162095448074,0.0,,,0
Tier1,Automotive Lighting,0.0002162095448074,0.0,,,0
CN_Brand,China Brands (Perfect/Quanjian),0.0002162095448074,0.0,,,0
US_Brand,US Brands (NBTY/GNC?),0.0002162095448074,0.0,,,0
UL,Unilever (聯合利華),0.0002162095448074,0.0,,,0
Asia_Brand,Local/Asia Brands,0.0002162095448074,0.0,,,0
MC.PA,LVMH Group (路易威登),0.0002162095448074,2.1728769905363965e-06,,,0
Private,Bauer Hockey (包爾),0.0002160815969397,0.0,,,0
Self,Bonny Brand (自有品牌),0.0002160815969397,0.0,,,0
Private,CCM Hockey,0.0002160815969397,0.0,,,0
Auto_Maker,Automotive Clients,0.0002160815969397,0.0,,,0
Others,Other Memory Houses,0.0002160309703562,0.0,,,0
Tech/Fin,Corporate Clients (企業客戶),0.0002158335516431,0.0,,,0
VIP,Regent Galleria Clients (精品客),0.0002158335516431,0.0,,,0
B2C,Individual Home Buyers (個人購屋),0.0002156918839837,0.0,,,0
B2B,Corporate Buyers (企業置產),0.0002156918839837,0.0,,,0
Private,Landlords (合建地主),0.0002156918839837,0.0,,,0
Corp,Tenants (租戶),0.0002156918839837,0.0,,,0
MCD/YUM,Smart Retail (US Fast Food),0.000215067965319,0.0,,,0
SIE/HON,Industrial Auto (Siemens/Honeywell),0.000215067965319,0.0,,,0
Govt/Metro,Smart Transportation,0.000215067965319,0.0,,,0
JP_Client,Japan Clients (Gaming/AMR),0.000215067965319,0.0,,,0
Gov_Tw,Government Projects (Public),0.0002145693657893,0.0,,,0
SiP_Client,SiP/IoT Clients,0.0002145693657893,0.0,,,0
EV_Maker,Electric Vehicle Clients,0.0002145693657893,0.0,,,0
Sensor_Maker,IR/Sensor Clients,0.0002145693657893,0.0,,,0
Display_Maker,Display Clients,0.0002145693657893,0.0,,,0
Mid_East,Middle East Clients,0.0002143837738204,0.0,,,0
VIS/AUO,Foundry/Panel (其他晶圓/面板),0.0002143146638706,0.0,,,0
US/Singapore,Overseas Projects (海外專案),0.0002143146638706,0.0,,,0
Priv.,Others (其他),0.0002143146638706,0.0,,,0
CSCO/CHKP,Network Security (Cisco/CheckPoint),0.0002142856648834,0.0,,,0
VZ/T,Telecom (Verizon/AT&T),0.0002142856648834,0.0,,,0
Siemens/Others,Industrial Clients,0.0002142856648834,0.0,,,0
Retail/Trans,Edge Computing,0.0002142856648834,0.0,,,0
Investors,Brokerage Clients (證券經紀戶),0.0002140937264141,0.0,,,0
SME/Corp,Corporate Clients (企業貸款戶),0.0002140937264141,0.0,,,0
Investors,ETF/Fund Investors (基金投資人),0.0002140937264141,0.0,,,0
VIP,Wealth Mgmt Clients (財管戶),0.0002140937264141,0.0,,,0
Public,Mortgage/Retail Clients (消金戶),0.0002140937264141,0.0,,,0
Investors,Futures Traders (期貨交易人),0.0002140937264141,0.0,,,0
ETN/SU,UPS Makers (Eaton/Schneider),0.0002139220898337,0.0,,,0
Cloud_Center,Data Centers,0.0002139220898337,0.0,,,0
Hwan_Sheng,EV/AGV Clients,0.0002139220898337,0.0,,,0
Solar_Proj,Energy Storage (ESS),0.0002139220898337,0.0,,,0
2308/2301,Power Supply Makers (Delta/LiteOn),0.0002139220898337,0.0,,,0
2357/2376,Motherboard Makers (Asus/Giga),0.0002139220898337,0.0,,,0
Server_ODM,Server/Cloud,0.0002139220898337,0.0,,,0
Local_Home,Home Appliance,0.0002139220898337,0.0,,,0
Ind_Motor,Industrial Clients,0.0002139220898337,0.0,,,0
OPPO/Vivo,Smartphone Brands (非蘋),0.0002136363730947,0.0,,,0
Asus/D-Link,Netcom Brands (網通),0.0002136363730947,0.0,,,0
Dell/HP,PC/NB Brands,0.0002136363730947,0.0,,,0
B2B,Component Buyers,0.0002136363730947,0.0,,,0
DIOD,Diodes Inc. (達爾科技),0.0002132399443435,0.0,,,0
Conti/Bosch,Automotive Tier 1 (車用),0.0002132399443435,0.0,,,0
Siemens/Delta,Industrial Clients (工控),0.0002132399443435,0.0,,,0
Delta/LiteOn,AI Server Power (伺服器),0.0002132399443435,0.0,,,0
Public,Consumer Electronics,0.0002132399443435,0.0,,,0
Edu/Med/Gov,Enterprise Clients (企業客戶),0.0002123243922266,0.0,,,0
DISH,Dish Network,0.0002123243922266,0.0,,,0
Gov,Kaohsiung Gov (高雄市政府),0.0002123243922266,0.0,,,0
Private,Salomon,0.000212091774069,0.0,,,0
NKE_Sub,Converse,0.000212091774069,0.0,,,0
CROX,Crocs,0.000212091774069,0.0,,,0
Private,Bauer Hockey,0.000212091774069,0.0,,,0
Public,Networking Clients (網通客戶),0.0002117764472148,0.0,,,0
Xiaomi/Etc,IoT/Consumer Clients (物聯網/消費),0.0002117764472148,0.0,,,0
Public,Display/TV Clients (顯示器客戶),0.0002117764472148,0.0,,,0
BYD/Tier1,Automotive Clients (車用客戶),0.0002117764472148,0.0,,,0
Public,Set-top Box Clients (機上盒客戶),0.0002117764472148,0.0,,,0
Public,Audio/Power Clients (類比IC客戶),0.0002117764472148,0.0,,,0
China,Chinese Panel Makers,0.0002116709758078,0.0,,,0
Lenovo/Dell,NB/PC Brands (筆電品牌),0.0002115271736917,0.0,,,0
Lite-On/Chicony,Adapter ODMs (電源代工),0.0002115271736917,0.0,,,0
Sony/Switch,Consumer Electronics (消費電子),0.0002115271736917,0.0,,,0
Public,Networking Clients (網通),0.0002115271736917,0.0,,,0
Anker/Belkin,Aftermarket (售後市場),0.0002115271736917,0.0,,,0
HPQ/DELL,PC/NB Clients,0.0002114624080123,0.0,,,0
Innolux/Conti,Factory Automation,0.0002114624080123,0.0,,,0
Nanya,Semiconductor Fab,0.0002114624080123,0.0,,,0
Miners,Crypto Miners,0.0002114624080123,0.0,,,0
Gov_Tw,Taipower (台電),0.0002114162289071,0.0,,,0
IPP_Co,Private Power (IPP),0.0002114162289071,0.0,,,0
Global_Chem,Global Petrochem,0.0002114162289071,0.0,,,0
1328,CPC (中油),0.0002114162289071,5.276986977016963e-06,,,1
CSP/SI,Server Clients (伺服器客戶),0.0002112514308215,0.0,,,0
Distributors,Motherboard Channel (主機板通路),0.0002112514308215,0.0,,,0
B2B,Industrial Clients (工業電腦),0.0002112514308215,0.0,,,0
Distributors,Graphics Card Channel (顯卡),0.0002112514308215,0.0,,,0
Consumer/B2B,Mini PC Users (迷你電腦),0.0002112514308215,0.0,,,0
Gov_Tw,Taipower (台電),0.000211122955807,0.0,,,0
Sub_IPP,Taiwan Cogeneration (IPP Subs),0.000211122955807,0.0,,,0
Service_Co,Telecom/Retail Clients,0.000211122955807,0.0,,,0
Ind_Park,Industrial Park Clients,0.000211122955807,0.0,,,0
LULU,Lululemon (露露檸檬),0.000211113898421,0.0,,,0
GAP,Athleta (Gap旗下),0.000211113898421,0.0,,,0
Private,Bosch (博世),0.0002109136230974,0.0,,,0
STX/WDC,Seagate/WD,0.0002109136230974,0.0,,,0
Hyper,North American Data Centers,0.0002108088831105,0.0,,,0
Telco,Asian Telecoms,0.0002108088831105,0.0,,,0
6701.T,NEC (日電),0.0002108088831105,4.684619321263588e-06,,,0
PFM Group,Smart Retail Clients (智慧零售),0.0002104086696868,0.0,,,0
Volta/Revolt,EV Charging Clients (充電樁客戶),0.0002104086696868,0.0,,,0
Public,Industrial Clients (工控客戶),0.0002104086696868,0.0,,,0
Public,QSR Clients (速食連鎖),0.0002104086696868,0.0,,,0
Advantech (研華),Industrial PC Makers (工業電腦廠),0.0002103596312821,0.0,,,0
Ennoconn (樺漢),Automation Clients (自動化客戶),0.0002103596312821,0.0,,,0
Private,CNC/Robotics (機器人/CNC),0.0002103596312821,0.0,,,0
Public,Edge AI/IoT (邊緣運算),0.0002103596312821,0.0,,,0
Public,Other Embedded (其他嵌入式),0.0002103596312821,0.0,,,0
PC,Lenovo/Other PC,0.0002103596312821,0.0,,,0
GIGABYTE/MSI,Other Mobo Makers,0.0002103596312821,0.0,,,0
Advantech,Industrial/IPC Clients,0.0002103596312821,0.0,,,0
WD/Seagate,External Storage Makers,0.0002103596312821,0.0,,,0
2376/2377,PC Brands (技嘉/微星),0.0002099772213342,0.0,,,0
Global_CE,Consumer Electronics,0.0002099772213342,0.0,,,0
Server_ODM,Server Clients (伺服器),0.0002099772213342,0.0,,,0
Conti/Denso,Auto Clients (車用),0.0002099772213342,0.0,,,0
Semi_Test,Probe Card Clients,0.0002099772213342,0.0,,,0
Haier/Midea,Home Appliance (家電端子),0.0002098979431766,0.0,,,0
TE/Amphenol,Automotive (車用端子),0.0002098979431766,0.0,,,0
Ind,Eco/Special Copper (環保/特殊銅),0.0002098979431766,0.0,,,0
Elec,Others (其他),0.0002098979431766,0.0,,,0
Quanta/Compal,PC ODMs (電腦代工廠),0.0002095816582234,0.0,,,0
Private,ByteDance (抖音/字節跳動),0.0002095816582234,0.0,,,0
Inspur/ZTE,China Server Brands (中系伺服器),0.0002095816582234,0.0,,,0
Public,Other/Projector (投影機/其他),0.0002095816582234,0.0,,,0
Wistron/Quanta,Data Center/Server Clients (資料中心/伺服器),0.0002094710669114,0.0,,,0
Apple/OVX,Mobile Phone Clients (手機客戶),0.0002094710669114,0.0,,,0
Public,Communication Clients (通訊客戶),0.0002094710669114,0.0,,,0
Public,Industrial Clients (工控客戶),0.0002094710669114,0.0,,,0
Tier 1,Automotive Clients (車用客戶),0.0002094710669114,0.0,,,0
Public,Consumer Electronics (消費電子),0.0002094710669114,0.0,,,0
JNJ,Johnson & Johnson (嬌生/Ethicon),0.0002094292791286,0.0,,,0
Industrial,Precision Fastener Clients,0.0002094292791286,0.0,,,0
Telco,Microwave Switch Clients,0.0002094292791286,0.0,,,0
Local,Domestic Market (台灣市場),0.0002094292791286,0.0,,,0
Haier/Midea,Home Appliance Makers (家電),0.0002094292791286,0.0,,,0
Ind,Kitchenware Makers (廚具),0.0002094292791286,0.0,,,0
Auto,Auto Parts Makers (汽車零組件),0.0002094292791286,0.0,,,0
Const,Construction/Decoration (建材),0.0002094292791286,0.0,,,0
Ind,Machinery/Equipment (機械),0.0002094292791286,0.0,,,0
GRMN,Garmin (台灣國際航電),0.0002092864761863,0.0,,,0
Denso/Continental,Auto Tier 1 (車用一級供應商),0.0002092864761863,0.0,,,0
Honeywell/Zebra,Industrial Device Makers (工業裝置),0.0002092864761863,0.0,,,0
TOM2,TomTom,0.0002092864761863,0.0,,,0
Pioneer/JVC,Aftermarket Auto (售後車載),0.0002092864761863,0.0,,,0
Public,Other Module Clients (其他模組),0.0002092864761863,0.0,,,0
2454.TW,MediaTek (聯發科),0.000209041496173,0.0,,,0
SME/Corp,Corporate Clients (企業放款),0.000208959246957,0.0,,,0
Public,Mortgage Borrowers (房貸戶),0.000208959246957,0.0,,,0
VIP,Wealth Mgmt Clients (財管戶),0.000208959246957,0.0,,,0
Public,Credit Card Users (信用卡戶),0.000208959246957,0.0,,,0
Global,Treasury Investment (財務投資),0.000208959246957,0.0,,,0
B2B,Corporate Loans (企業貸款),0.000208959246957,0.0,,,0
B2C,Mortgage/Retail (消金/房貸),0.000208959246957,0.0,,,0
Branch,Hong Kong Branch (香港分行),0.000208959246957,0.0,,,0
VIP,Wealth Management (財管),0.000208959246957,0.0,,,0
NVDA_Chain,Nvidia Supply Chain,0.000208959246957,0.0,,,0
CIP,CIP (哥本哈根),0.0002087429567256,0.0,,,0
NPI,Hai Long (海龍),0.0002087429567256,0.0,,,0
Gov_Tw,Taipower (台電),0.0002087429567256,0.0,,,0
ORSTED,Orsted (沃旭),0.0002087429567256,0.0,,,0
Public,Construction Projects,0.0002087429567256,0.0,,,0
Conti/Bosch,Automotive Tier 1 (歐美),0.0002087319599224,0.0,,,0
Denso/Aisin,Automotive Tier 1 (日系),0.0002087319599224,0.0,,,0
B2C_Phone,Consumer Electronics (Phone),0.0002087319599224,0.0,,,0
Google/Garmin,Wearable Device,0.0002087319599224,0.0,,,0
US_Tech,Optical Comm/Gaming,0.0002087319599224,0.0,,,0
Public,General Consumers (一般消費者),0.0002085662321282,0.0,,,0
SME,Franchisees (加盟主),0.0002085662321282,0.0,,,0
Public,E-commerce Pickup (電商取貨客),0.0002085662321282,0.0,,,0
Public,City Cafe Consumers (現煮咖啡客),0.0002085662321282,0.0,,,0
Corp,Logistics Clients (物流客戶),0.0002085662321282,0.0,,,0
Public,Fresh Food Shoppers (鮮食客群),0.0002085662321282,0.0,,,0
Public,PC Clients (電腦客戶),0.0002080510826031,0.0,,,0
Delta/LiteOn,Power Supply Clients (電源客戶),0.0002080510826031,0.0,,,0
EMS (Foxconn),EMS Clients (代工客戶),0.0002080510826031,0.0,,,0
Quanta/Wistron,Server Clients (伺服器客戶),0.0002080510826031,0.0,,,0
Public,Communication Clients (通訊客戶),0.0002080510826031,0.0,,,0
SMIC/HuaHong,Chinese Foundries,0.0002077628333754,0.0,,,0
Amazon/Etc,Industrial Clients (工業客戶),0.0002077230968529,0.0,,,0
ENPH,Enphase Energy,0.0002077230968529,0.0,,,0
Public,Communication Clients (通訊客戶),0.0002077230968529,0.0,,,0
CHPT/Tesla,EV/Charging Clients (車用客戶),0.0002077230968529,0.0,,,0
GE/Philips,Medical Clients (醫療客戶),0.0002077230968529,0.0,,,0
Vestas/Etc,Wind Power Clients (風電客戶),0.0002077230968529,0.0,,,0
MBG.DE,Mercedes-Benz (賓士),0.0002071742389637,0.0,,,0
Gov/Defense,Defense Clients (國防客戶),0.0002071742389637,0.0,,,0
Private,Bosch (博世),0.0002071742389637,0.0,,,0
7936.T,Asics (亞瑟士),0.0002070567585434,0.0,,,0
Private,New Balance,0.0002070567585434,0.0,,,0
3813.HK,Pou Sheng (Retail),0.0002070567585434,0.0,,,0
HPQ/DELL,HP/Dell,0.0002068655231892,0.0,,,0
Tesla/Others,Automotive Clients (車廠),0.0002068655231892,0.0,,,0
8028,昇陽半導體,0.000206691827894,0.0,,,1
992.HK,Lenovo (聯想),0.0002066603414352,0.0,,,0
Apple/Google,Smart Devices (智慧裝置),0.0002066603414352,0.0,,,0
CSP/Enterprise,Server Clients (伺服器),0.0002066603414352,0.0,,,0
Tier 1,Auto Electronics (車用電子),0.0002066603414352,0.0,,,0
Hospitals,Medical Device (醫療),0.0002066603414352,0.0,,,0
Priv.,Others (其他),0.0002066603414352,0.0,,,0
EPC,Solar/Energy Storage (綠能),0.0002058464878458,0.0,,,0
KTN.DE,Kontron,0.0002058145704583,0.0,,,0
Govt,Aerospace/Defense Clients,0.0002058145704583,0.0,,,0
AIoT,AIoT Clients (Smart City),0.0002058145704583,0.0,,,0
HPQ/DELL,PC Brands (HP/Dell),0.0002057815338509,0.0,,,0
CSP_ODM,Server Clients (CSP/ODM),0.0002057815338509,0.0,,,0
DT/VOD,European Telcos,0.000205420667755,0.0,,,0
Consumer,Electronic Clients (3C電子),0.0002050591210499,0.0,,,0
3060,銘異,0.0002050591210499,0.0,,,1
Auto,Automotive Clients (車用),0.0002050591210499,0.0,,,0
Auto,Auto Timing Clients,0.0002050591210499,0.0,,,0
LiftMaster,Garage Door Clients,0.0002050591210499,0.0,,,0
VOW.DE,Volkswagen (福斯),0.0002050591210499,0.0,,,0
Tier1,Tier 1 (Bosch/Conti),0.0002050591210499,0.0,,,0
7309.T,Shimano (禧瑪諾),0.0002050591210499,0.0,,,0
STX,Seagate (希捷),0.0002050591210499,3.5225078801609493e-06,,,0
WDC,Western Digital (威騰),0.0002050591210499,0.0002077512225662,,,0
KEYS,Keysight (是德科技),0.0002049931674799,0.0001540045043887,,,0
COHR,Coherent (II-VI),0.0002049931674799,2.812280535112692e-05,,,0
Govt,Defense Clients (國防客戶),0.0002049931674799,0.0,,,0
7011.T,Mitsubishi Heavy Ind (三菱重工),0.0002049695107667,0.0,,,0
GE,GE Aviation (奇異),0.0002049695107667,0.0,,,0
Semi,Semi Equipment Clients (半導體設備),0.0002049695107667,0.0,,,0
6355.T,Sumitomo Precision,0.0002049695107667,0.0,,,0
ENR,Siemens Gamesa (西門子歌美颯),0.0002042433724935,0.0,,,0
VWS,Vestas (維斯塔斯),0.0002042433724935,0.0,,,0
002202,Goldwind (金風科技),0.0002042433724935,0.0,,,0
Public,Industrial Clients (耐蝕),0.0002042433724935,0.0,,,0
601615,MingYang Smart Energy,0.0002042433724935,0.0,,,0
China,Chinese RF/Opto Clients,0.0002040410643068,0.0,,,0
QRVO/SWKS,US RF Clients (Qorvo/Skyworks),0.0002040410643068,0.0,,,0
Tech,Datacenter Clients,0.0002040410643068,0.0,,,0
Europe,European Clients,0.0002040410643068,0.0,,,0
Local,Taiwan Clients,0.0002040410643068,0.0,,,0
System,Server System Builders,0.0002039863380228,0.0,,,0
ASUS/MSI,Gaming PC Brands,0.0002039863380228,0.0,,,0
GOOG/META,Google/Meta,0.0002039151460092,0.0,,,0
Micron,Memory Clients (記憶體客戶),0.000203755215827,0.0,,,0
Pegavision,Other/Optics (其他/隱形眼鏡),0.000203755215827,0.0,,,0
GE/Philips,Medical Clients (醫療代工客戶),0.0002035108896699,0.0,,,0
Public,Edge Computing Clients (邊緣運算),0.0002035108896699,0.0,,,0
Private,ODM Gaming/Voting (博弈/投票),0.0002035108896699,0.0,,,0
Public,Networking Clients (網通客戶),0.0002035108896699,0.0,,,0
Public,Industrial Automation (工業自動化),0.0002035108896699,0.0,,,0
Fujifilm/Olympus,Camera Brands (相機品牌),0.0002032498117521,0.0,,,0
011070.KS,LG Innotek,0.0002032498117521,0.0,,,0
Public,MFP/Scanner Clients (事務機客戶),0.0002032498117521,0.0,,,0
Public,Sights/Hunting Clients (瞄準器客戶),0.0002032498117521,0.0,,,0
Public,Projector Clients (投影機客戶),0.0002032498117521,0.0,,,0
CN_Panel,Chinese Panel Makers (BOE/CSOT),0.0002030148346974,0.0,,,0
Miacare,Contact Lens Consumers,0.0002030148346974,0.0,,,0
Med_Client,Medical Product ODMs,0.0002030148346974,0.0,,,0
Auto_Tier1,Automotive Panel Clients,0.0002030148346974,0.0,,,0
Auto/Ind,Automotive/Industrial (車用/工控),0.0002028438402765,0.0,,,0
Consumer,Consumer Electronics (消費電子),0.0002028438402765,0.0,,,0
PC,Computer Clients (電腦應用),0.0002028438402765,0.0,,,0
Huawei/Oppo,Non-Apple Handsets,0.0002024327203412,0.0,,,0
Quanta/Compal,NB ODMs,0.0002024327203412,0.0,,,0
Garmin/Fitbit,Wearables,0.0002024327203412,0.0,,,0
Tesla/EV,Auto Clients,0.0002024327203412,0.0,,,0
SME,SME Borrowers (中小企業戶),0.0002022513863555,0.0,,,0
Public,Mortgage Borrowers (房貸戶),0.0002022513863555,0.0,,,0
Corp,Large Corporate Clients (大企業戶),0.0002022513863555,0.0,,,0
VIP,Wealth Mgmt Clients (財管戶),0.0002022513863555,0.0,,,0
Investors,Brokerage Clients (證券經紀戶),0.0002022513863555,0.0,,,0
Importers,Forex Clients (外匯客戶),0.0002022513863555,0.0,,,0
Cathay Group,Service Clients (勞務客戶),0.0002022346715256,0.0,,,0
8801.T,Mitsui Fudosan (三井不動產),0.0002022346715256,0.0,,,0
EXTR,Extreme Networks,0.0002019254035977,0.0,,,0
Public,North American Operators (北美電信),0.0002019254035977,0.0,,,0
HPE/Other,Enterprise OEMs (企業代工),0.0002019254035977,0.0,,,0
Public,Auto/Radar Clients (車用),0.0002019254035977,0.0,,,0
Pou Chen/Feng Tay,Footwear Factories (鞋廠),0.0002015886543262,0.0,,,0
Local,Furniture Manufacturers (家具廠),0.0002015886543262,0.0,,,0
Tier 1,Automotive Interior (車用內飾),0.0002015886543262,0.0,,,0
Local,Rainwear/Apparel (雨衣/成衣),0.0002015886543262,0.0,,,0
4714,永捷,0.0002015886543262,0.0,,,1
Retail/Fwd,Americas Route Clients (美洲線客戶),0.0002014235658061,0.0,,,0
Retail/Fwd,Europe Route Clients (歐洲線客戶),0.0002014235658061,0.0,,,0
Mfg/Trade,Asia Route Clients (亞洲線客戶),0.0002014235658061,0.0,,,0
Priv.,IKEA (宜家),0.0002014235658061,0.0,,,0
Logistics,Freight Forwarders (貨攬業者),0.0002014235658061,0.0,,,0
Module Makers,Wireless/Networking Clients (網通客戶),0.0002013534749026,0.0,,,0
Public,IoT/Niche Clients (物聯網/利基型),0.0002013534749026,0.0,,,0
Smartphone,Mobile Clients (手機客戶),0.0002013534749026,0.0,,,0
QCOM/MTK,IC Reference Designs (IC設計參考),0.0002013534749026,0.0,,,0
DSBJ,MFLEX (淳華),0.0002013534749026,0.0,,,0
Auto_Chain,Auto/Industrial,0.0002013534749026,0.0,,,0
Priv.,Verifone (惠爾豐),0.0002012543750375,0.0,,,0
6502.T,Toshiba (東芝),0.0002012543750375,0.0,,,0
BLNK,Blink Charging,0.0002012543750375,0.0,,,0
VNT,Gilbarco Veeder-Root,0.0002012543750375,0.0,,,0
Private,RT-Mart Franchise (大潤發加盟店),0.0002012543750375,0.0,,,0
RalphLauren/etc,Global Brands (國際品牌客戶),0.0002012543750375,0.0,,,0
Public,Retail Shoppers (品牌零售客),0.0002012543750375,0.0,,,0
Public,E-commerce Shoppers (網購客),0.0002012543750375,0.0,,,0
Partners,Asian Brand Licensees (亞洲代理商),0.0002012543750375,0.0,,,0
NanShan,Investment Income (投資收益),0.0002012543750375,0.0,,,0
ASE (日月光),Semiconductor Clients (封測廠),0.0002012543750375,0.0,,,0
AAOI,AOI (Applied Optoelectronics),0.00020107679006,0.0,,,0
2409/3481,Panel Makers (AUO/Innolux),0.0002006997094258,0.0,,,0
2382/2324,PC ODMs (Quanta/Compal),0.0002006997094258,0.0,,,0
Delta/Sunon,Motor Clients (Fan Makers),0.0002006997094258,0.0,,,0
TV_Client,TV Brands/ODMs,0.0002006997094258,0.0,,,0
Server_ODM,Server Clients,0.0002006997094258,0.0,,,0
Priv.,Kingston (金士頓),0.0002003961141574,0.0,,,0
301308.SZ,Longsys (江波龍),0.0002003961141574,0.0,,,0
Global,Server/Storage EMS (其他代工),0.0002003961141574,0.0,,,0
Tier 1,Automotive/IoT (車用/物聯網),0.0002003961141574,0.0,,,0
Priv.,Others (其他),0.0002003961141574,0.0,,,0
6669/2382,Server ODMs (Wiwynn/Quanta),0.0001999383989625,0.0,,,0
HPQ/DELL,HP/Dell (惠普/戴爾),0.0001999383989625,0.0,,,0
JNPR,Juniper (瞻博),0.0001999383989625,0.0,,,0
Gov,US Government/Defense (美國軍警),0.0001998644001055,0.0,,,0
Autoliv/ZF,Automotive Tier 1 (車用一級供應商),0.0001998644001055,0.0,,,0
Public,Industrial/Public Safety (工業/公共安全),0.0001998644001055,0.0,,,0
BA/AIR,Boeing/Airbus (波音/空巴),0.0001998644001055,0.0,,,0
HP/Dell,Electronic Brands (電子品牌客戶),0.0001998644001055,0.0,,,0
Public,Logistics/Transportation (物流運輸),0.0001998644001055,0.0,,,0
Trade,Asia Route Clients (亞洲線客戶),0.0001997015984301,0.0,,,0
Retail,Americas Route Clients (美國線客戶),0.0001997015984301,0.0,,,0
Trade,Middle East/India Clients (中東印巴線),0.0001997015984301,0.0,,,0
Trade,South America Clients (南美線客戶),0.0001997015984301,0.0,,,0
Mfg/Retail,Direct Clients (直客),0.0001997015984301,0.0,,,0
Logistics,Freight Forwarders (貨攬),0.0001997015984301,0.0,,,0
Oppo/Vivo,Android Brands,0.0001996465022622,0.0,,,0
Watch/AirPods,Wearables,0.0001996465022622,0.0,,,0
EV/Server,Auto/Server,0.0001996465022622,0.0,,,0
RIO/BHP,Mining Majors (礦商客戶),0.0001993978946642,0.0,,,0
Global,Shipping Lines (航商客戶),0.0001993978946642,0.0,,,0
Local,Power Plants (電廠客戶),0.0001993978946642,0.0,,,0
Various,Logistics Clients (物流客戶),0.0001993978946642,0.0,,,0
Global,Spot Market (散裝現貨),0.0001993978946642,0.0,,,0
Private,Sagemcom,0.0001991611654058,0.0,,,0
Auto,Automotive Clients (車用客戶),0.0001991611654058,0.0,,,0
PC,PC/NB Clients (電腦客戶),0.0001991611654058,0.0,,,0
Comms,Communication Clients (通訊客戶),0.0001991611654058,0.0,,,0
Dell/HP/Lenovo,PC OEMs (電腦品牌廠),0.0001991392864771,0.0,,,0
Ingram/Synnex,Global Distributors (全球通路商),0.0001991392864771,0.0,,,0
Amazon/Newegg,Online Retailers (電商平台),0.0001991392864771,0.0,,,0
Advantech,Industrial/Server OEMs (工控伺服器),0.0001991392864771,0.0,,,0
ASUS/MSI,Gaming (電競應用),0.0001991392864771,0.0,,,0
AMZN/GOOG/MSFT,Amazon/Google/Microsoft (ASIC),0.0001984439282661,0.0,,,0
B2B_Auto,Automotive Tier 1 (Aftermarket),0.000198386953042,0.0,,,0
Global_Audio,Soundbar Brands (JBL/Samsung),0.000198386953042,0.0,,,0
Tier1_OEM,Automotive OEM (Pre-install),0.000198386953042,0.0,,,0
Consumer_Elec,Portable DVD/Player,0.000198386953042,0.0,,,0
Robot_Maker,Service Robots,0.000198386953042,0.0,,,0
Advantech/IPC,Industrial/Embedded (工控應用),0.0001982092560429,0.0,,,0
Dashcam/Apple,Strategic Products (策略產品),0.0001982092560429,0.0,,,0
Retail/Disti,Consumer Products (消費產品),0.0001982092560429,0.0,,,0
Priv.,Others (其他),0.0001982092560429,0.0,,,0
T-Mobile/Verizon,US Telecom Operators (美國電信商),0.0001981088691002,0.0,,,0
Vodafone/Orange,EU Telecom Operators (歐洲電信商),0.0001981088691002,0.0,,,0
Asia/Other,Other Regions (其他地區),0.0001981088691002,0.0,,,0
Tech,AI Computing Clients,0.0001981088691002,0.0,,,0
MG Taiwan,MG Brand Buyers (MG車主),0.000197971524887,0.0,,,0
CMC,Commercial Users - CMC (商用車主),0.000197971524887,0.0,,,0
Mitsubishi,Mitsubishi Car Buyers (三菱車主),0.000197971524887,0.0,,,0
eMoving,Electric Scooters (eMoving),0.000197971524887,0.0,,,0
Global,Export Markets (外銷),0.000197971524887,0.0,,,0
Aftersales,Parts Sales (售後零件),0.000197971524887,0.0,,,0
Partners,OEM Assembly (代工業務),0.000197971524887,0.0,,,0
Priv.,Others (其他),0.000197971524887,0.0,,,0
Global,CMOS Sensor Clients,0.0001978962272751,0.0,,,0
Conti/Bosch,Auto Parts Makers (車用),0.0001978962272751,0.0,,,0
Quanta/Compal,NB/PC ODMs,0.0001978962272751,0.0,,,0
SME/Corp,Corporate Clients (企業貸款戶),0.0001975612431494,0.0,,,0
VIP,Wealth Mgmt Clients (財管戶),0.0001975612431494,0.0,,,0
Public,Credit Card Users (信用卡戶),0.0001975612431494,0.0,,,0
Public,Mortgage Borrowers (房貸戶),0.0001975612431494,0.0,,,0
Public,Richart Digital Clients (Richart戶),0.0001975612431494,0.0,,,0
Investors,Brokerage Clients (證券經紀戶),0.0001975612431494,0.0,,,0
Gov,Gov/Education (政府/教育),0.0001971723005158,0.0,,,0
SMP/Wells,North American AM Market (北美售後),0.0001968427210151,0.0,,,0
Tier 1,Auto Switches Clients (開關客戶),0.0001968427210151,0.0,,,0
Distributors,European Market (歐洲市場),0.0001968427210151,0.0,,,0
US OEM,Radar - School Buses (校車雷達),0.0001968427210151,0.0,,,0
RV OEM,Radar - RVs/Specialty (露營車),0.0001968427210151,0.0,,,0
CN OEM,Chinese Market (中國市場),0.0001968427210151,0.0,,,0
Subsidiary,System Integration (系統整合),0.0001968427210151,0.0,,,0
Priv.,Others (其他),0.0001968427210151,0.0,,,0
AMZN/MSFT,North American CSPs,0.0001966839546909,0.0,,,0
Subaru/Toyota,Auto Clients (車用),0.0001966839546909,0.0,,,0
Synnex,Enterprise/Channel (企業),0.0001966839546909,0.0,,,0
Public,Smart Retail/IoT,0.0001966839546909,0.0,,,0
GLEN.L,Glencore (嘉能可),0.0001966054762246,0.0,,,0
Priv.,Cargill (嘉吉),0.0001966054762246,0.0,,,0
9101.T,NYK Line (日本郵船),0.0001966054762246,0.0,,,0
9104.T,MOL (商船三井),0.0001966054762246,0.0,,,0
Priv.,Viterra (威特發),0.0001966054762246,0.0,,,0
Global,Spot Market (現貨市場),0.0001966054762246,0.0,,,0
Priv.,CoreWeave,0.0001965531674034,0.0,,,0
NB2.DE,Northern Data / Other CSPs,0.0001965531674034,0.0,,,0
Public,Other Clients (其他),0.0001963501465111,0.0,,,0
Public,Other Clients (其他),0.0001961274354661,0.0,,,0
SME/Corp,Corporate Clients (企業貸款戶),0.0001957082149643,0.0,,,0
Public,Credit Card Users (信用卡戶),0.0001957082149643,0.0,,,0
Public,Life Policyholders (壽險保戶),0.0001957082149643,0.0,,,0
Public,Mortgage Borrowers (房貸戶),0.0001957082149643,0.0,,,0
VIP,Wealth Mgmt Clients (財管戶),0.0001957082149643,0.0,,,0
Public,Lottery Buyers (彩券購買者),0.0001957082149643,0.0,,,0
Quanta/Wistron,Data Center/Server OEMs,0.0001954989242103,0.0,,,0
Ind,IPC Makers,0.0001954989242103,0.0,,,0
Quantum,Drone Clients,0.0001954989242103,0.0,,,0
Auto,Other Auto OEMs,0.0001954989242103,0.0,,,0
Logistics,Europe Route Clients (歐洲線客戶),0.0001950142073333,0.0,,,0
Logistics,Americas Route Clients (美洲線客戶),0.0001950142073333,0.0,,,0
ONE/HMM,THE Alliance (聯盟夥伴),0.0001950142073333,0.0,,,0
Trade,Asia Route Clients (亞洲線客戶),0.0001950142073333,0.0,,,0
HLAG,Hapag-Lloyd (赫伯羅德),0.0001950142073333,0.0,,,0
Priv.,ONE (海洋網聯),0.0001950142073333,0.0,,,0
Quanta/Wistron,Server ODMs (伺服器代工),0.0001949010218782,0.0,,,0
Asus/Giga,PC/MB Makers (主機板廠),0.0001949010218782,0.0,,,0
Public,Automotive/Other,0.0001949010218782,0.0,,,0
Distributor,Global Distributors,0.0001948632663977,0.0,,,0
Gaming_PC,Gaming Clients (Zadak),0.0001948632663977,0.0,,,0
Ind_Niche,Healthcare/Defense,0.0001948632663977,0.0,,,0
DTE.DE,Deutsche Telekom (德國電信),0.0001948522542352,0.0,,,0
Orange/Vodafone,European Telcos (其他歐系),0.0001948522542352,0.0,,,0
6285,啟碁,0.0001945220465594,0.0,0.0021454752109454,42.0,1
TSLA/F,Auto Clients (Tesla/Ford),0.0001945220465594,0.0,,,0
6414,樺漢,0.0001945220465594,0.0,0.0013269899814352,21.0,1
ODM_TW,NB ODMs (Quanta/Compal),0.0001944732890871,0.0,,,0
B2B_Ind,Industrial HMI Clients,0.0001944732890871,0.0,,,0
ASIC_Client,ASIC Clients (Custom),0.0001944732890871,0.0,,,0
Consumer_Audio,Smart Speaker/TWS,0.0001944732890871,0.0,,,0
Tier1_Auto,Automotive Tier 1,0.0001944732890871,0.0,,,0
AMZN/MSFT/GOOG,CSPs (北美雲端業者),0.0001940138421564,0.0,,,0
2382/6669,Server ODMs (廣達/緯穎),0.0001940138421564,0.0,,,0
DELL/HPQ,PC/NB Brands (Dell/HP),0.0001940138421564,0.0,,,0
6758/7974,Game Consoles (Sony/Nintendo),0.0001940138421564,0.0,,,0
SpaceX,Starlink (星鏈),0.0001940138421564,0.0,,,0
Global,Coating/Ink Manufacturers (塗料油墨廠),0.0001939524961606,0.0,,,0
Global,UPR Clients (人造石/FRP廠),0.0001939524961606,0.0,,,0
2383/6213,EMC (台光電/聯茂),0.0001939524961606,0.0,,,0
Local,Paper Coating Clients (紙上光廠),0.0001939524961606,0.0,,,0
Local,Furniture Coating (木器塗料廠),0.0001939524961606,0.0,,,0
Private_US,LEO Satellite (SpaceX),0.0001938414668582,0.0,,,0
DELL/HPQ,NB Clients (Dell/HP),0.0001938414668582,0.0,,,0
Meta/HTC,Wearable/AR/VR,0.0001938414668582,0.0,,,0
SU.PA,Schneider Electric (施耐德/APC),0.0001934822444144,0.0,,,0
VRT,Vertiv (維諦),0.0001934822444144,0.0,,,0
LR.PA,Legrand (羅格朗),0.0001934822444144,0.0,,,0
Priv.,Local Brands (India/Luminous),0.0001934822444144,0.0,,,0
6645.T,Japanese Brands (Omron/Others),0.0001934822444144,0.0,,,0
Public,KGI Life Policyholders (壽險保戶),0.0001934617367137,0.0,,,0
Investors,Brokerage Clients (證券經紀戶),0.0001934617367137,0.0,,,0
SME/Public,Corporate/Retail Borrowers (銀行戶),0.0001934617367137,0.0,,,0
Startups,Venture Capital Portfolio (創投對象),0.0001934617367137,0.0,,,0
VIP,Wealth Mgmt Clients (財管戶),0.0001934617367137,0.0,,,0
Institutions,Institutional Investors (機構投資人),0.0001934617367137,0.0,,,0
Skyworks/Murata,RF Clients (射頻),0.000193118802115,0.0,,,0
Casio/Dyson,Consumer Electronics (消費電子),0.000193118802115,0.0,,,0
WD/Seagate,Storage Clients (儲存設備),0.000193118802115,0.0,,,0
SpaceX,Starlink (星鏈計畫),0.000193118802115,0.0,,,0
US Client,AI Server (AI伺服器),0.000193118802115,0.0,,,0
Charter/Comcast,Network Comms (網通設備),0.000193118802115,0.0,,,0
TClient,Semiconductor Equipment (半導體設備),0.000193118802115,0.0,,,0
Priv.,Others (其他),0.000193118802115,0.0,,,0
Global Brands,Consumer Electronics (消費電子),0.000193118802115,0.0,,,0
Tier 1,Auto Industry (車用電子),0.000193118802115,0.0,,,0
H3C/Others,Network Comms (網通設備),0.000193118802115,0.0,,,0
Global,Industrial Control (工業控制),0.000193118802115,0.0,,,0
Niche,Medical Device (醫療),0.000193118802115,0.0,,,0
Server ODM,AI Server (AI伺服器),0.000193118802115,0.0,,,0
Priv.,Others (其他),0.000193118802115,0.0,,,0
CSP/Nvidia,AI Server Clients (AI伺服器),0.000193118802115,0.0,,,0
HP/Dell,PC/NB Clients (電腦客戶),0.000193118802115,0.0,,,0
Tesla/BMW,EV Clients (電動車),0.000193118802115,0.0,,,0
Sony,Game Console (遊戲機),0.000193118802115,0.0,,,0
Priv.,Others (其他),0.000193118802115,0.0,,,0
CSP_US,CSP Clients (Amazon/Microsoft),0.000193118802115,0.0,,,0
Delta/Liteon,Power/E-Mobility,0.000193118802115,0.0,,,0
3592,瑞鼎,0.000193118802115,9.307156442797569e-06,,,1
Delta (台達電),PSU Makers (電源供應器廠),0.0001926950067044,0.0,,,0
6412,群電,0.0001926950067044,0.0,0.0046170771650513,128.0,1
Corsair/MSI,Gaming Brands (電競品牌),0.0001926950067044,0.0,,,0
Public,AI PC/Server (AI應用),0.0001926950067044,0.0,,,0
BIDU,Baidu (百度),0.0001922863729721,0.0,,,0
BABA,Alibaba (阿里巴巴),0.0001922863729721,0.0,,,0
Dealers,Toyota Car Buyers (豐田車主),0.0001922724669375,0.0,,,0
Dealers,Lexus Car Buyers (凌志車主),0.0001922724669375,0.0,,,0
Hotai Leasing,Leasing Clients (租賃客戶),0.0001922724669375,0.0,,,0
China/Global,Overseas Dealerships (海外經銷),0.0001922724669375,0.0,,,0
Hotai Ins.,Insurance Clients (產險客戶),0.0001922724669375,0.0,,,0
Commercial,Hino Truck Buyers (日野車主),0.0001922724669375,0.0,,,0
Carmax,Parts & Accessories (配件),0.0001922724669375,0.0,,,0
yoxi/iRent,MaaS Services (移動服務),0.0001922724669375,0.0,,,0
Priv.,Others (其他),0.0001922724669375,0.0,,,0
ARW,Arrow Electronics (艾拉物),0.0001920883890797,0.0,,,0
Priv.,Digi-Key / Mouser,0.0001920883890797,0.0,,,0
BRK.B,"TTI, Inc.",0.0001920883890797,0.0,,,0
Priv.,Automotive Tier 1 (Bosch/Continental),0.0001920883890797,0.0,,,0
Priv.,Huawei (華為),0.0001920883890797,0.0,,,0
AVT,Avnet (安富利),0.0001920883890797,1.218621845525829e-05,,,0
PEP,Quaker Oats (桂格燕麥),0.0001918999840125,4.495785963752687e-05,,,0
ONON,On Running,0.0001918999840125,0.0,,,0
Private,New Balance,0.0001918999840125,0.0,,,0
UA,Under Armour,0.0001918999840125,0.0,,,0
KO,Coca-Cola (可口可樂),0.0001918999840125,0.0,,,0
0322.HK,Ting Hsin (康師傅),0.0001918999840125,0.0,,,0
Japan_Bev,Kirin/Suntory,0.0001918999840125,0.0,,,0
SES/Pricer,ESL Clients (電子標籤客戶),0.0001917710549075,0.0,,,0
Hyundai,Automotive Clients (車用客戶),0.0001917710549075,0.0,,,0
Public,Industrial/Appliance (工控/家電),0.0001917710549075,0.0,,,0
Priv.,SpaceX (Starlink),0.000191587901193,0.0,,,0
HUAWEI,Chinese Mobile Brands (Huawei/Xiaomi),0.000191587901193,0.0,,,0
DELL/HPQ,PC Brands (Dell/HP/Asus),0.000191587901193,0.0,,,0
AMZN/MSFT,Server/Cloud Clients (AWS/Microsoft),0.000191587901193,0.0,,,0
Private,Kioxia (鎧俠),0.0001914936487783,0.0,,,0
Private,Kingston (金士頓),0.0001914936487783,0.0,,,0
MediaTek/Others,Logic Designers,0.0001914936487783,0.0,,,0
CSP/ODM,Server BBU Clients (伺服器備援電池),0.0001913886118308,0.0,,,0
Public,LEV Clients (輕型電動車),0.0001913886118308,0.0,,,0
B2C,Individual Buyers (個人購屋),0.0001912261716302,0.0,,,0
B2B,Corporate Tenants (企業租戶),0.0001912261716302,0.0,,,0
BOT,Dome Layout (大巨蛋),0.0001912261716302,0.0,,,0
Govt,Public Construction,0.0001912261716302,0.0,,,0
Quanta/Wistron,Server ODMs,0.0001907850701493,0.0,,,0
Cisco/Juniper,Networking Clients (網通客戶),0.0001904598069764,0.0,,,0
Private,Chinese AI/HPC Clients,0.0001904598069764,0.0,,,0
Sony/Other,Consumer Electronics (消費性),0.0001904598069764,0.0,,,0
Global,TV Brands (電視品牌),0.0001901961177518,0.0,,,0
Auto/Ind,Others (其他),0.0001901961177518,0.0,,,0
2333.HK,Great Wall Motor (長城汽車),0.0001901961177518,0.0,,,0
Priv.,FAW Hongqi (一汽紅旗),0.0001901961177518,0.0,,,0
7203.T,Toyota (豐田),0.0001901961177518,0.0,,,0
TATAMOTORS,TATA Motors (塔塔),0.0001901961177518,0.0,,,0
Global,Others (其他),0.0001901961177518,0.0,,,0
Priv.,Huawei (華為),0.0001894436425388,0.0,,,0
Priv.,Vivo/Oppo,0.0001894436425388,0.0,,,0
Priv.,Pico (ByteDance),0.0001894436425388,0.0,,,0
Tier 1,Automotive Clients (車用客戶),0.0001892902392215,0.0,,,0
Public,Mobile Phone Clients (非蘋手機),0.0001892902392215,0.0,,,0
Public,Networking/Server Clients (網通/伺服器),0.0001892902392215,0.0,,,0
Public,PC Clients (電腦客戶),0.0001892902392215,0.0,,,0
Public,Other Clients (其他),0.0001892902392215,0.0,,,0
Quanta/Foxconn,Server/PC ODMs (代工廠),0.0001891672875736,0.0,,,0
Xiaomi/Oppo,Mobile OEMs (手機品牌),0.0001891672875736,0.0,,,0
Public,Automotive Clients (車用),0.0001891672875736,0.0,,,0
Delta/Advantech,Industrial Clients (工控),0.0001891672875736,0.0,,,0
Sony/Samsung,Consumer Brands (消費),0.0001891672875736,0.0,,,0
SMIC/HuaHong,China Foundries (陸系晶圓廠),0.0001891199106196,0.0,,,0
MU/000660.KS,Micron/SK Hynix,0.0001891199106196,0.0,,,0
GE,GE Aviation (奇異航空),0.0001889248633692,0.0,,,0
Tier1,Automotive Clients (汽車客戶),0.0001889248633692,0.0,,,0
Public,Industrial Clients (工業客戶),0.0001889248633692,0.0,,,0
6669/2382,Server ODMs (Wiwynn/Quanta),0.0001882374583615,0.0,,,0
Priv.,Kitchen/Furniture Clients (IKEA),0.0001882374583615,0.0,,,0
Global,VIA Labs/ASIC Clients (威宏/ASIC),0.0001878456199917,0.0,,,0
Zhaoxin,X86 CPU/Zhaoxin (處理器/兆芯),0.0001878456199917,0.0,,,0
6756,威鋒電子,0.0001878456199917,0.0,,,1
Auto/Ind,VIA Smart/Embedded (智能/嵌入式),0.0001878456199917,0.0,,,0
Priv.,Others (其他),0.0001878456199917,0.0,,,0
Ingram/Synnex,Global Distributors (全球通路商),0.0001876223514791,0.0,,,0
JD/AMZN,JD.com (京東)/Amazon,0.0001876223514791,0.0,,,0
Fitbit/Garmin,AIoT/Wearables,0.0001876131023081,0.0,,,0
Private,Mobile Sensors (Oppo/Vivo),0.0001876131023081,0.0,,,0
VOW/VOLV,Automotive (VW/Volvo),0.0001876131023081,0.0,,,0
Grid_Corp,Industrial (Smart Meters),0.0001876131023081,0.0,,,0
5347/6770,Powerchip/Vanguard,0.0001875419562664,0.0,,,0
Dell/HP/Apple,NB Clients (筆電客戶),0.0001875106134513,0.0,,,0
Meta/Supermicro,Server Clients (伺服器客戶),0.0001875106134513,0.0,,,0
NVDA/Gigabyte,VGA Clients (顯卡客戶),0.0001875106134513,0.0,,,0
Dell/HP,Desktop Clients (桌機客戶),0.0001875106134513,0.0,,,0
Samsung,Smartphone/Others (手機/其他),0.0001875106134513,0.0,,,0
URE/Motech,Solar Module Makers,0.0001875106134513,0.0,,,0
3037.0,Unimicron (欣興),0.0001873495141453,0.0,,,0
8046.0,Nan Ya PCB (南電),0.0001873495141453,0.0,,,0
2330.0,TSMC (台積電),0.0001873495141453,0.0,,,0
3711.0,ASE (日月光),0.0001873495141453,0.0,,,0
5930.0,Samsung (三星),0.0001873495141453,0.0,,,0
Priv.,Others (其他),0.0001872643082622,0.0,,,0
OSAT,Packaging Houses,0.0001872643082622,3.541039997932292e-06,,,0
CN,OPPO,0.0001872643082622,2.284969851159306e-06,,,0
Priv.,Chinese AI Startups,0.0001872281754314,0.0,,,0
STM/Infineon,Global IDMs (國際IDM),0.0001872106576929,0.0,,,0
TER,Teradyne (泰瑞達),0.000186908060263,7.480974868833206e-05,,,0
Priv.,Chinese GPU/AI Clients,0.000186908060263,0.0,,,0
Retail,Dairy Products (乳製品),0.0001868722943014,0.0,,,0
Costco/PX Mart,Nutrition/Oats (營養食品),0.0001868722943014,0.0,,,0
Retail,Kitchen/Oil (廚房料理),0.0001868722943014,0.0,,,0
Carrefour/Costco,Hypermarkets (量販通路),0.0001868722943014,0.0,,,0
Priv.,PX Mart (全聯),0.0001868722943014,0.0,,,0
Watsons/GreatTree,Drugstores (藥妝/藥局),0.0001868722943014,0.0,,,0
7-11/FamilyMart,Convenience Stores (超商),0.0001868722943014,0.0,,,0
Duoli,China Market (大陸市場),0.0001868722943014,0.0,,,0
Momo,E-commerce (電商),0.0001868722943014,0.0,,,0
Priv.,Others (其他),0.0001868722943014,0.0,,,0
Dealers,Nissan Car Buyers (日產車主),0.0001865232209822,0.0,,,0
Service,Parts & Service (售後服務),0.0001865232209822,0.0,,,0
Infiniti,Infiniti Buyers (無限車主),0.0001865232209822,0.0,,,0
Profit,China Investment (中國轉投資),0.0001865232209822,0.0,,,0
Used Cars,Used Car Trading (中古車),0.0001865232209822,0.0,,,0
Dealers,Accessories (配件),0.0001865232209822,0.0,,,0
Priv.,Others (其他),0.0001865232209822,0.0,,,0
Private/Public,Enterprise Clients (US),0.0001863450816375,0.0,,,0
Senao,EnGenius Brand (自有品牌),0.0001863450816375,0.0,,,0
CheckPoint/Fortinet,Network Security Clients,0.0001863450816375,0.0,,,0
CSP/SI,Data Center/Edge Clients,0.0001863450816375,0.0,,,0
Public,Industrial/IoT,0.0001863450816375,0.0,,,0
Samsung/LG/Dell,TV/Monitor Brands (電視/監視器品牌),0.0001857384765266,0.0,,,0
Epson/Others,Projector ODMs (日系/美系),0.0001857384765266,0.0,,,0
HP/Lenovo,Laptop Brands (筆電品牌),0.0001857384765266,0.0,,,0
TDY,Teledyne FLIR (無人機),0.0001857384765266,0.0,,,0
Gov.,Taiwan MOD (國防部),0.0001857384765266,0.0,,,0
Barco/Eizo,Medical Display Clients,0.0001857384765266,0.0,,,0
Ind,US/EU Industrial Clients,0.000185562469309,0.0,,,0
3110.T,Nittobo (日東紡),0.000185562469309,7.6935264573418e-05,,,0
Global,Bosch (博世),0.0001854218878842,0.0,,,0
Denso/BorgWarner,Automotive Tier 1 (其他車用),0.0001854218878842,0.0,,,0
Fox/DT Swiss,Bicycle Components (自行車),0.0001854218878842,0.0,,,0
NVO,Medical - Novo Nordisk (諾和諾德),0.0001854218878842,0.0,,,0
Global,Industrial Application (工業應用),0.0001854218878842,0.0,,,0
Clients,E-Bike/Off-Road (電動自行車),0.0001854218878842,0.0,,,0
ODM,AI Server Cooling (AI散熱),0.0001854218878842,0.0,,,0
Harmonic,Robotics (機器人),0.0001854218878842,0.0,,,0
Priv.,Others (其他),0.0001854218878842,0.0,,,0
1810.HK/Priv.,Xiaomi/Huawei (陸系 NB),0.0001848102872084,0.0,,,0
2382/2324,Chromebook ODMs (廣達/仁寶),0.0001848102872084,0.0,,,0
Priv.,E-Reader Clients (電子書),0.0001848102872084,0.0,,,0
RS,Distributors - Reliance (主要盤商),0.0001845841303071,0.0,,,0
Ryerson/Alro,Other Distributors (其他分銷商),0.0001845841303071,0.0,,,0
US Ind.,Aluminum Market (鋁捲板市場),0.0001845841303071,0.0,,,0
US Ind.,Stainless Steel Market (不鏽鋼市場),0.0001845841303071,0.0,,,0
BBI,Fasteners - BBI (扣件通路),0.0001845841303071,0.0,,,0
General,Industrial Manufacturing (工業製造),0.0001845841303071,0.0,,,0
Builders,Construction Industry (營建業),0.0001845841303071,0.0,,,0
Tier 1,Automotive Sector (車用),0.0001845841303071,0.0,,,0
API,Oil & Gas (油氣產業),0.0001845841303071,0.0,,,0
Priv.,Others (其他),0.0001845841303071,0.0,,,0
NVDA/AMZN,AI Server Clients (Nvidia/CSPs),0.0001840546881608,0.0,,,0
CSCO/ANET,Switch/Network Clients (Cisco/Arista),0.0001840546881608,0.0,,,0
SpaceX,Satellite Clients (Starlink),0.0001840546881608,0.0,,,0
2382/3231,General Server ODMs (Quanta/Wistron),0.0001840546881608,0.0,,,0
EO.PA,Faurecia (佛吉亞),0.0001839513970266,0.0,,,0
3533/3324,Press Machine Clients (設備客戶),0.0001839513970266,0.0,,,0
Airports,Service Robots (服務機器人),0.0001839513970266,0.0,,,0
Global,Benteler (本特勒),0.0001839513970266,0.0,,,0
7259.JP,Aisin (愛信),0.0001839513970266,0.0,,,0
Priv.,Others (其他),0.0001839513970266,0.0,,,0
Gov,CPC Corp (中油),0.000183786759279,0.0,,,0
Global,Spot Market (現貨市場),0.000183786759279,0.0,,,0
600019.SS,Baosteel (寶鋼),0.000183786759279,0.0,,,0
Local/Global,Power Plants (電廠客戶),0.000183786759279,0.0,,,0
Global,Spot Market (現貨市場),0.000183786759279,0.0,,,0
Global Brands,Display Business (顯示科技),0.0001836771017612,0.0,,,0
Auto/BHTC,Mobility Solution (智慧移動),0.0001836771017612,0.0,,,0
Retail/Medical,Vertical Solution (垂直場域),0.0001836771017612,0.0,,,0
Wearable/Auto,Micro LED Clients (新技術),0.0001836771017612,0.0,,,0
Priv.,Others (其他),0.0001836771017612,0.0,,,0
Banks,Financial Industry (金融業),0.0001830814539267,0.0,,,0
TSMC/Others,Tech / Manufacturing (科技),0.0001830814539267,0.0,,,0
Govt,Government (政府),0.0001830814539267,0.0,,,0
Retail,Retail/Service (零售),0.0001830814539267,0.0,,,0
SMBs,Cloud Services (雲端),0.0001830814539267,0.0,,,0
Telefonica/Orange,European Telcos (歐系電信),0.0001830179742023,0.0,,,0
Public,North American Telcos (美系電信),0.0001830179742023,0.0,,,0
Public,Enterprise Clients (企業),0.0001830179742023,0.0,,,0
Govt,Defense Clients (國防),0.0001830179742023,0.0,,,0
Public,Emerging Market Telcos,0.0001830179742023,0.0,,,0
2368/3044,PCB Makers (金像電/健鼎),0.0001826695992166,0.0,,,0
META/MSFT,Meta/Microsoft,0.0001826695992166,0.0,,,0
MSFT/GOOG,Hyperscale Data Centers (Microsoft/Google),0.0001826688482477,0.0,,,0
TSLA/VOW,Electric Vehicle OEMs (Tesla/VW),0.0001826688482477,0.0,,,0
ROK/SIE,Industrial Auto Clients (Rockwell/Siemens),0.0001826688482477,0.0,,,0
DELL/HPQ,PC/Notebook Brands (Dell/HP),0.0001826688482477,0.0,,,0
0941/T,Telecom Operators (China Mobile/AT&T),0.0001826688482477,0.0,,,0
6758/7974,Game Consoles (Sony/Nintendo),0.0001826688482477,0.0,,,0
Razer/Corsair,Gaming Mouse (電競滑鼠客戶),0.0001825737491901,0.0,,,0
HP/Dell/Lenovo,Other Mouse Clients (一般滑鼠),0.0001825737491901,0.0,,,0
Public,Automotive/Wearable (車用/穿戴),0.0001825737491901,0.0,,,0
Electronics/FMCG,Corrugated Box Clients (紙器客戶),0.0001823837416048,0.0,,,0
Paper Converters,Industrial Paper Sales (工紙銷售),0.0001823837416048,0.0,,,0
Spring Breeze,Household Paper (家庭用紙),0.0001823837416048,0.0,,,0
VN Operations,Vietnam Market (越南市場),0.0001823837416048,0.0,,,0
CN Operations,China Market (中國市場),0.0001823837416048,0.0,,,0
Nike,Nike (Not Direct Supplier),0.0001823837416048,0.0,,,0
Apple,Apple (Removed),0.0001823837416048,0.0,,,0
Momo/PChome,E-commerce Logistics (電商物流),0.0001823837416048,0.0,,,0
Local Agri,Fruit/Agri Packaging (蔬果包裝),0.0001823837416048,0.0,,,0
Priv.,Others (其他),0.0001823837416048,0.0,,,0
Retail/B2B,Meat Processing (肉品加工),0.0001822092761602,0.0,,,0
7-11/PX Mart,Processed Food (加工食品),0.0001822092761602,0.0,,,0
Farms,Feed Customers (飼料客戶),0.0001822092761602,0.0,,,0
Costco/Carrefour,Hypermarkets (量販店),0.0001822092761602,0.0,,,0
Priv.,F&B Chains (餐飲連鎖),0.0001822092761602,0.0,,,0
Momo/PChome,Online Channels (電商),0.0001822092761602,0.0,,,0
Priv.,Egg Products (蛋品),0.0001822092761602,0.0,,,0
Priv.,Biotech (生技),0.0001822092761602,0.0,,,0
Priv.,Others (其他),0.0001822092761602,0.0,,,0
Semi/PCB,Others (其他),0.0001819024247876,0.0,,,0
688153.SH,Vanchip (唯捷創芯),0.0001818433477005,0.0,,,0
Private,Lansus (飛驤),0.0001818433477005,0.0,,,0
HPQ/DELL,HP/Dell (惠普/戴爾),0.0001813999189746,0.0,,,0
Global,Consumer Market (一般消費者),0.0001808526839911,0.0,,,0
Global,SMB/Enterprise (中小企業),0.0001808526839911,0.0,,,0
Telco,Telecom Operators (電信商),0.0001808526839911,0.0,,,0
Geo,Emerging Markets (新興市場),0.0001808526839911,0.0,,,0
Geo,European Market (歐洲市場),0.0001808526839911,0.0,,,0
Channel,Switch Clients (交換器客戶),0.0001808526839911,0.0,,,0
Channel,Wireless/IoT Clients (無線),0.0001808526839911,0.0,,,0
Priv.,Others (其他),0.0001808526839911,0.0,,,0
Priv.,Huawei (華為),0.0001806114558436,0.0,,,0
Priv.,Oppo,0.0001806114558436,0.0,,,0
Priv.,Vivo,0.0001806114558436,0.0,,,0
Priv.,Honor (榮耀),0.0001806114558436,0.0,,,0
Design Houses,MOSFET Clients (金氧半導體),0.0001806034177382,0.0,,,0
Industrial,IGBT Clients (絕緣閘雙極),0.0001806034177382,0.0,,,0
Global,Global IDMs (國際大廠),0.0001806034177382,0.0,,,0
New,SiC Clients (碳化矽),0.0001806034177382,0.0,,,0
Local,Consumer (消費電子),0.0001806034177382,0.0,,,0
Priv.,Others (其他),0.0001806034177382,0.0,,,0
B2B,Food Industry Clients (食品加工),0.000180599818775,0.0,,,0
PX Mart (全聯),Retail Channels (零售通路),0.000180599818775,0.0,,,0
7-11/FamilyMart,Convenience Stores (超商),0.000180599818775,0.0,,,0
Priv.,Food Service (餐飲通路),0.000180599818775,0.0,,,0
USA/Canada,International Markets (海外),0.000180599818775,0.0,,,0
Zhangzhou,China Market (大陸市場),0.000180599818775,0.0,,,0
Farms,Feed Clients (飼料客戶),0.000180599818775,0.0,,,0
Momo,E-commerce (電商),0.000180599818775,0.0,,,0
Seasonal,Gift Market (禮盒),0.000180599818775,0.0,,,0
Rent,Others (其他),0.000180599818775,0.0,,,0
Samsung/Vizio,TV Brands (電視品牌),0.0001804069054883,0.0,,,0
BMW/Tesla,CarUX Clients (車用客戶),0.0001804069054883,0.0,,,0
Dell/HP/Lenovo,NB Brands (筆電品牌),0.0001804069054883,0.0,,,0
Public,Mobile/Commercial (手機/商用),0.0001804069054883,0.0,,,0
Dell/Acer,Monitor Brands (監視器),0.0001804069054883,0.0,,,0
Private,Bosch (博世),0.0001801298649904,0.0,,,0
Auto,Hella/Valeo,0.0001801298649904,0.0,,,0
Medtronic/Stryker,Medical Clients (醫療客戶),0.0001799178852645,0.0,,,0
Auto/Semi,Others (其他),0.0001799178852645,0.0,,,0
Priv.,Bosch (博世),0.0001798273637161,0.0,,,0
VW/Ford,Fuel Vehicle Clients (燃油車),0.0001798273637161,0.0,,,0
Tesla/ByD,EV Clients (電動車),0.0001798273637161,0.0,,,0
Global,Industrial Clients (工業),0.0001798273637161,0.0,,,0
Telco,Communication (網通),0.0001798273637161,0.0,,,0
Global,Consumer (消費電子),0.0001798273637161,0.0,,,0
Priv.,Others (其他),0.0001798273637161,0.0,,,0
Global,Electronics OEM (電子代工),0.000179719083365,0.0,,,0
Gov,Taipower (台電),0.000179719083365,0.0,,,0
Gov/Ent,System Integration (系統整合),0.000179719083365,0.0,,,0
Retail,Consumer Products (消費電子),0.000179719083365,0.0,,,0
Meta/Util,US Market (美國市場),0.000179719083365,0.0,,,0
Util,Japan/SE Asia (海外電表),0.000179719083365,0.0,,,0
Asset,Real Estate (資產開發),0.000179719083365,0.0,,,0
Private,Bytedance (字節跳動),0.000179719083365,0.0,,,0
Private,Giglio Group (吉利),0.000179719083365,0.0,,,0
Delta/Others,Green Energy/Grid Clients (綠能/電網客戶),0.0001796063317388,0.0,,,0
Tesla/EV,EV/Charging Clients (電動車/充電樁客戶),0.0001796063317388,0.0,,,0
Public,Energy Storage Clients (儲能客戶),0.0001796063317388,0.0,,,0
Public,Home Appliance Clients (家電客戶),0.0001796063317388,0.0,,,0
Public,Telecom/Datacom Clients (通訊客戶),0.0001796063317388,0.0,,,0
DigiKey/Mouser,Distributors (經銷商),0.0001796063317388,0.0,,,0
Dell/HPE/CSPs,Server/Networking Clients (伺服器/網通),0.0001795064822093,0.0,,,0
Tesla/Bosch,Automotive Clients (汽車電子),0.0001795064822093,0.0,,,0
Samsung/Kingston,Memory Module Makers (記憶體),0.0001795064822093,0.0,,,0
AUO/Innolux,Panel Clients (光電面板),0.0001795064822093,0.0,,,0
Xiaomi/Samsung,Mobile Phone Clients (手機),0.0001795064822093,0.0,,,0
Dell/HP,Notebook Clients (筆電),0.0001795064822093,0.0,,,0
Phison/WD,SSD Clients (固態硬碟),0.0001795064822093,0.0,,,0
SpaceX,Low Orbit Satellite (低軌衛星),0.0001795064822093,0.0,,,0
Global,Consumer Electronics (消費性電子),0.0001794552529589,0.0,,,0
PC/Mobile,Standard/Mobile (標準/行動),0.0001794552529589,0.0,,,0
Server,Server/Others (伺服器/其他),0.0001794552529589,0.0,,,0
WPG,Distributors (通路商),0.0001794552529589,0.0,,,0
MediaTek,IC Design Partners (晶片夥伴),0.0001794552529589,0.0,,,0
Priv.,PX Mart (全聯 - 休閒),0.0001792643564996,0.0,,,0
Carrefour,Hypermarkets (量販 - 家樂福/大潤發),0.0001792643564996,0.0,,,0
7-11/FamilyMart,Convenience Stores (超商 - 零售),0.0001792643564996,0.0,,,0
Momo/PChome,E-commerce (電商),0.0001792643564996,0.0,,,0
Global,Export Markets (外銷),0.0001792643564996,0.0,,,0
B2B,Food Service (餐飲通路),0.0001792643564996,0.0,,,0
Watsons,Drugstores (藥妝),0.0001792643564996,0.0,,,0
Priv.,Others (其他),0.0001792643564996,0.0,,,0
Taipower,Taipower (台電 - 強韌電網),0.0001792643564996,0.0,,,0
Solar EPC,Green Energy Projects (綠能工程),0.0001792643564996,0.0,,,0
Consumers,Dodohome Parking (嘟嘟房),0.0001792643564996,0.0,,,0
Telecom/Bus,Hydrogen Clients (氫能客戶),0.0001792643564996,0.0,,,0
AIDC (漢翔),Aerospace Clients (航太),0.0001792643564996,0.0,,,0
Priv.,Maintenance Services (維保),0.0001792643564996,0.0,,,0
iCharging,EV Charging (充電樁),0.0001792643564996,0.0,,,0
Local,China Market (大陸內銷),0.0001792643564996,0.0,,,0
Priv.,Others (其他),0.0001792643564996,0.0,,,0
US Utilities,US Market (美國電力公司),0.0001792643564996,0.0,,,0
Taipower,Taipower (台電 - 強韌電網),0.0001792643564996,0.0,,,0
E-Value,Fortune Electric Energy (華城電能),0.0001792643564996,0.0,,,0
Solar/Wind,Green Energy Projects (綠能案場),0.0001792643564996,0.0,,,0
MSFT/OpenAI,Data Centers (資料中心),0.0001792643564996,0.0,,,0
Priv.,Construction/Commercial (商辦),0.0001792643564996,0.0,,,0
Auto/Gov,EV Charging Clients (車廠/公部門),0.0001792643564996,0.0,,,0
Global,Other Export Markets (其他外銷),0.0001792643564996,0.0,,,0
Priv.,Others (其他),0.0001792643564996,0.0,,,0
TRW/Conti,Auto Parts Clients (車用零件),0.0001792643564996,0.0,,,0
Home Buyers,CMP Midtown Buyers (勤美之森住戶),0.0001792643564996,0.0,,,0
Daikin/Panasonic,Compressor Clients (壓縮機),0.0001792643564996,0.0,,,0
John Deere,Mechanical/Agri Parts (機械農機),0.0001792643564996,0.0,,,0
Consumers,Park Lane Consumers (勤美誠品),0.0001792643564996,0.0,,,0
Consumers,Hotel Guests (飯店住客),0.0001792643564996,0.0,,,0
Pujhen,Construction Projects (其他建案),0.0001792643564996,0.0,,,0
Tesla/Byton,EV Components (電動車),0.0001792643564996,0.0,,,0
Local Auto,China Market (大陸內銷),0.0001792643564996,0.0,,,0
Priv.,Others (其他),0.0001792643564996,0.0,,,0
Global AM,Auto Electronics AM Market (售後市場),0.0001792643564996,0.0,,,0
2237/Bus,Wah Hong / Bus Operators (電動巴士),0.0001792643564996,0.0,,,0
Durofix,Digital Tools Clients (數位工具),0.0001792643564996,0.0,,,0
Auto OEM,OEM Auto Makers (原廠代工),0.0001792643564996,0.0,,,0
E-Bus,Energy Storage/Charging (儲能/充電),0.0001792643564996,0.0,,,0
Local,Domestic Bus Market (國內客運),0.0001792643564996,0.0,,,0
Export,US Market (美國市場),0.0001792643564996,0.0,,,0
Export,European Market (歐洲市場),0.0001792643564996,0.0,,,0
Export,Japan Market (日本市場),0.0001792643564996,0.0,,,0
Priv.,Others (其他),0.0001792643564996,0.0,,,0
Punch,Punch Powertrain (邦奇),0.0001792643564996,0.0,,,0
BMW,BMW (寶馬),0.0001792643564996,0.0,,,0
AGCO,AGCO (農業機械),0.0001792643564996,0.0,,,0
DOO,BRP (龐巴迪),0.0001792643564996,0.0,,,0
US Truck,Truck Clients (電動卡車),0.0001792643564996,0.0,,,0
Tesla/Appollo,AI Robotics (機器人),0.0001792643564996,0.0,,,0
Priv.,Others (其他),0.0001792643564996,0.0,,,0
Siemens Gamesa/Vestas/GE,Wind Power Clients (風電客戶),0.0001792643564996,0.0,,,0
Global,Industrial Machinery (產業機械),0.0001792643564996,0.0,,,0
Haitian/Engel,Injection Molding Clients (注塑機),0.0001792643564996,0.0,,,0
Siemens Gamesa,Offshore Wind (離岸風電),0.0001792643564996,0.0,,,0
Vestas/Nordex,Onshore Wind (陸域風機),0.0001792643564996,0.0,,,0
Priv.,Medical/Other Machinery (其他機械),0.0001792643564996,0.0,,,0
GE,Thermal Power (火電/氣電),0.0001792643564996,0.0,,,0
Caterpillar,Mining Equipment (礦山機械),0.0001792643564996,0.0,,,0
Local,China Market (大陸內銷),0.0001792643564996,0.0,,,0
Priv.,Others (其他),0.0001792643564996,0.0,,,0
PLNT,Planet Fitness (星球健身),0.0001792643564996,0.0,,,0
BFIT,Basic-Fit (歐洲最大健身房),0.0001792643564996,0.0,,,0
SMFT,Smart Fit (拉美最大健身房),0.0001792643564996,0.0,,,0
Johnson Fitness,Home Use Retail (家用零售),0.0001792643564996,0.0,,,0
Fuji,Fuji Massage Chair (富士按摩椅),0.0001792643564996,0.0,,,0
Gold's/Anytime,Other Gym Chains (其他連鎖),0.0001792643564996,0.0,,,0
Marriott/Hilton,Hotels/Hospitality (飯店),0.0001792643564996,0.0,,,0
Local,Government/Corporate (政府/企業),0.0001792643564996,0.0,,,0
Amazon/Own Site,E-commerce (電商),0.0001792643564996,0.0,,,0
Priv.,Others (其他),0.0001792643564996,0.0,,,0
Global Pharm,Generic Makers - EVE (抗癌/免疫),0.0001792643564996,0.0,,,0
Amarin Generics,US Generic Makers - EPAE (魚油),0.0001792643564996,0.0,,,0
Global,Immunosuppressant Clients (免疫),0.0001792643564996,0.0,,,0
US/EU,Rapamycin Clients (雷帕黴素),0.0001792643564996,0.0,,,0
Global,Antifungal Clients (抗真菌),0.0001792643564996,0.0,,,0
Japan/EU,Bone Marrow/Cancer (骨髓/抗癌),0.0001792643564996,0.0,,,0
Biotech,CDMO Services (委託開發製造),0.0001792643564996,0.0,,,0
Global,Statins Clients (降血脂),0.0001792643564996,0.0,,,0
Japan/India,Export Markets - Asia (亞洲),0.0001792643564996,0.0,,,0
Priv.,Others (其他),0.0001792643564996,0.0,,,0
Market,Precious Metal Trading (貴金屬買賣),0.0001792643564996,0.0,,,0
STX/WDC,HDD Makers - Seagate/WD (硬碟廠),0.0001792643564996,0.0,,,0
AUO/Innolux,Panel/Display Makers (面板廠),0.0001792643564996,0.0,,,0
Local,Solar/LED Clients (太陽能/LED),0.0001792643564996,0.0,,,0
Global,Automotive Electronics (車用電子),0.0001792643564996,0.0,,,0
Priv.,Ceramic Parts Clients (陶瓷),0.0001792643564996,0.0,,,0
Local,Chemical Industry (特用化學),0.0001792643564996,0.0,,,0
Tech clients,Recycling Service Clients (回收服務),0.0001792643564996,0.0,,,0
Priv.,Others (其他),0.0001792643564996,0.0,,,0
Local,Construction Projects (建案工程),0.0001792643564996,0.0,,,0
HCG Stores,Retail/Distribution (經銷通路),0.0001792643564996,0.0,,,0
PH Dept.,Philippines Market (菲律賓市場),0.0001792643564996,0.0,,,0
MND/NCSIST,Ministry of National Defense (國防部),0.0001792643564996,0.0,,,0
CN Dept.,China Market (中國市場),0.0001792643564996,0.0,,,0
Tech/Medical,Precision Ceramic Clients (精密陶瓷),0.0001792643564996,0.0,,,0
Local,Kitchenware Clients (廚具),0.0001792643564996,0.0,,,0
Product,Electronic Bidet Clients (免治馬桶),0.0001792643564996,0.0,,,0
Local,System Furniture (系統櫃),0.0001792643564996,0.0,,,0
Priv.,Others (其他),0.0001792643564996,0.0,,,0
Local,Tenants/Leasing (租賃客戶),0.0001792643564996,0.0,,,0
POYA/Cosmed,Consumer Retail Channels (零售通路),0.0001792643564996,0.0,,,0
Hotel,Sunlight Hotel Guests (旅館房客),0.0001792643564996,0.0,,,0
Momo/Shopee,Online Channels (電商通路),0.0001792643564996,0.0,,,0
Global,Exports (外銷),0.0001792643564996,0.0,,,0
B2B,Corporate Gifts (企業禮贈),0.0001792643564996,0.0,,,0
Local,Baby Stores (婦嬰用品店),0.0001792643564996,0.0,,,0
Legacy,Industrial Paper Users (工紙客戶),0.0001792643564996,0.0,,,0
Project,Asset Development (資產開發),0.0001792643564996,0.0,,,0
Priv.,Others (其他),0.0001792643564996,0.0,,,0
CN Ops,China Packaging Market (中國包裝市場),0.0001792643564996,0.0,,,0
TW Ops,Taiwan Packaging Market (台灣包裝市場),0.0001792643564996,0.0,,,0
Alibaba/JD,E-commerce Logistics (電商物流),0.0001792643564996,0.0,,,0
TingHsin,Food/Beverage Industry (食品飲料),0.0001792643564996,0.0,,,0
Foxconn,Electronics Packaging (電子包裝),0.0001792643564996,0.0,,,0
Central CN,Hubei Plant Clients (湖北廠客戶),0.0001792643564996,0.0,,,0
East CN,Zhejiang Plant Clients (浙江廠客戶),0.0001792643564996,0.0,,,0
East CN,Wuxi Plant Clients (無錫廠客戶),0.0001792643564996,0.0,,,0
Eco-friendly,Green Packaging (綠色包裝),0.0001792643564996,0.0,,,0
Priv.,Others (其他),0.0001792643564996,0.0,,,0
NOKIA,Nokia (諾基亞),0.0001790519958188,9.977989100986976e-06,,,0
ERIC,Ericsson (愛立信),0.0001790519958188,3.439698766130077e-05,,,0
Shengyi,China CCL Makers,0.0001789203389455,0.0,,,0
HP/Dell/Lenovo,PC Brands (筆電品牌廠),0.0001785574491882,0.0,,,0
Public,Netcom Clients (網通客戶),0.0001785574491882,0.0,,,0
Public,E-Bike/ESS (電動自行車/儲能),0.0001785574491882,0.0,,,0
Public,Others (其他),0.0001785574491882,0.0,,,0
Arcadyan/Others,Router ODMs (路由器代工),0.0001784721551026,0.0,,,0
Oppo/Vivo,Chinese Mobile Brands,0.0001784721551026,0.0,,,0
Telco,Telecom Operators,0.0001784721551026,0.0,,,0
Priv.,High-End Appliance (Dyson),0.0001782108268753,0.0,,,0
2308/Other,Energy Storage Projects (Taiwan),0.0001782108268753,0.0,,,0
B2B,Industrial Packaging Clients (工紙客戶),0.0001781355406812,0.0,,,0
1905/Global,Forest/Pulp Market (林漿紙市場),0.0001781355406812,0.0,,,0
PX Mart/7-11,Retail Channels (零售通路),0.0001781355406812,0.0,,,0
Momo/PChome,E-commerce Channels (電商通路),0.0001781355406812,0.0,,,0
YFY Invest,Investment/Others (投資/其他),0.0001781355406812,0.0,,,0
VN Ops,Vietnam Market (越南市場),0.0001781355406812,0.0,,,0
CN Ops,China Market (中國市場),0.0001781355406812,0.0,,,0
Subsidiaries,Bio-related Clients (生技客戶),0.0001781355406812,0.0,,,0
Taipower,Energy Clients (能源客戶),0.0001781355406812,0.0,,,0
Priv.,Others (其他),0.0001781355406812,0.0,,,0
US Dist.,US Market (美國外銷),0.0001780537208162,0.0,,,0
Local,Taiwan Hospitals/Clinics (台灣醫療院所),0.0001780537208162,0.0,,,0
China Dist.,China Market (大陸市場),0.0001780537208162,0.0,,,0
Global,EU/Other Asia (歐洲/其他亞洲),0.0001780537208162,0.0,,,0
Product,Joint Injection Products (關節注射液),0.0001780537208162,0.0,,,0
Product,Dermal Fillers (醫美填充劑),0.0001780537208162,0.0,,,0
Product,Dental/Orthopedic (牙科/骨科),0.0001780537208162,0.0,,,0
Product,Surgical Hemostats (外科止血),0.0001780537208162,0.0,,,0
Global,Generic/ODM Clients (代工),0.0001780537208162,0.0,,,0
6469,大樹,0.0001780537208162,0.0,0.0004972465400846,1.0,1
Priv.,Livestock Farms (養殖戶),0.0001777227252292,0.0,,,0
PX Mart/7-11,Retail Channels (零售通路),0.0001777227252292,0.0,,,0
McDonalds/KFC,Food Service/B2B (餐飲業務),0.0001777227252292,0.0,,,0
Priv.,Commodity Traders (大宗物資),0.0001777227252292,0.0,,,0
Priv.,Gino/Saboten (自營餐飲),0.0001777227252292,0.0,,,0
Priv.,China Market (大陸市場),0.0001777227252292,0.0,,,0
Neo Foods,Plant-Based (植物肉),0.0001777227252292,0.0,,,0
Gomo,Pet Food (寵物食品),0.0001777227252292,0.0,,,0
Priv.,Biotech Clients (生技),0.0001777227252292,0.0,,,0
8081/Others,Power IC Clients (致新/立錡),0.0001774729723339,0.0,,,0
Cloud,North American AI (AWS/MSFT),0.0001774729723339,0.0,,,0
Auto_Chip,Auto Clients,0.0001774729723339,0.0,,,0
UAA,Under Armour (UA),0.0001774295457853,0.0,,,0
Priv.,Six Little Giants (新客戶群),0.0001774295457853,0.0,,,0
Priv.,Patagonia,0.0001774295457853,0.0,,,0
Priv.,Other Brands (其他),0.0001774295457853,0.0,,,0
Tier1,Automotive Electronics (車用電子),0.0001773774008061,0.0,,,0
Delta/Others,Industrial/Green Energy (工業/綠能),0.0001773774008061,0.0,,,0
Sony/Others,Consumer Electronics (消費電子),0.0001773774008061,0.0,,,0
Huawei/ZTE,Telecom/Network (網通電信),0.0001773774008061,0.0,,,0
Cloud/NVIDIA,Cloud/Server (雲端伺服器),0.0001773774008061,0.0,,,0
Disti,Distributors/Others (代理/其他),0.0001773774008061,0.0,,,0
Yulon Nissan,Nissan Car Buyers (日產車主),0.0001772730833612,0.0,,,0
Luxgen,Luxgen Buyers (納智捷車主),0.0001772730833612,0.0,,,0
Retail,Yulon City Tenants (裕隆城),0.0001772730833612,0.0,,,0
Aftersales,Service/Parts (維修零件),0.0001772730833612,0.0,,,0
Global,Export Markets (外銷),0.0001772730833612,0.0,,,0
Energy,Energy Solutions (儲能/充電),0.0001772730833612,0.0,,,0
Priv.,Others (其他),0.0001772730833612,0.0,,,0
HP/Dell/Lenovo,Notebook Brands (筆電客戶),0.0001769494063974,0.0,,,0
Nintendo/Sony,Game Consoles (遊戲機),0.0001769494063974,0.0,,,0
Sunon/Delta,Fan Motor Makers (風扇馬達),0.0001769494063974,0.0,,,0
Global,Consumer/Others (消費/其他),0.0001769494063974,0.0,,,0
Public,Consumer/SMB Clients (消費/中小企業),0.0001769060505112,0.0,,,0
SI/SP,Enterprise Clients (企業客戶),0.0001769060505112,0.0,,,0
Telecom,Telecom/Broadband Clients (電信/寬頻),0.0001769060505112,0.0,,,0
Public,New Business (AI/Satellite),0.0001769060505112,0.0,,,0
Public,Other Clients (其他),0.0001769060505112,0.0,,,0
Foxconn/Luxshare,Electronic Equipment Makers (電子設備),0.0001764861602213,0.0,,,0
CATL/BYD,Battery Industry (電池行業),0.0001764861602213,0.0,,,0
BYD/Tesla,Automotive Industry (汽車製造),0.0001764861602213,0.0,,,0
Priv.,Packaging Machinery (包裝機械),0.0001764861602213,0.0,,,0
Priv.,General Machinery (通用機械),0.0001764861602213,0.0,,,0
Priv.,Machine Tools (工具機),0.0001764861602213,0.0,,,0
Priv.,Energy & Lighting (能源照明),0.0001764861602213,0.0,,,0
Priv.,Linear Guide Clients (線性滑軌),0.0001764861602213,0.0,,,0
Priv.,Medical Equipment (醫療設備),0.0001764861602213,0.0,,,0
Priv.,Overseas Distributors (海外經銷),0.0001764861602213,0.0,,,0
Local,Domestic Construction (國內營建),0.0001764169833598,0.0,,,0
Foundries,Tech Plant Expansion (科技廠房),0.0001764169833598,0.0,,,0
Export,API Pipe Clients (石油管客戶),0.0001764169833598,0.0,,,0
Distributors,General Piping (一般配管),0.0001764169833598,0.0,,,0
Service,Logistics Services (物流服務),0.0001764169833598,0.0,,,0
Recyclers,Scrap Sales (下腳料),0.0001764169833598,0.0,,,0
Suspended,Cold Rolled Coil Clients (冷軋),0.0001764169833598,0.0,,,0
Project,Steel Piling Clients (鋼管樁),0.0001764169833598,0.0,,,0
Region,Southeast Asia Export (東南亞),0.0001764169833598,0.0,,,0
Priv.,Others (其他),0.0001764169833598,0.0,,,0
SIE.DE,Siemens (西門子),0.0001750031945411,0.0,,,0
Publishers,Cultural Paper Clients (文化用紙),0.0001748624915963,0.0,,,0
Label/Ind.,Specialty Paper Clients (特殊用紙),0.0001748624915963,0.0,,,0
Packaging,Paperboard Clients (紙板),0.0001748624915963,0.0,,,0
Global/Local,Pulp Sales - External (外售紙漿),0.0001748624915963,0.0,,,0
Food/Retail,Green Packaging (綠色包裝),0.0001748624915963,0.0,,,0
VN Ops,Vietnam Market (越南市場),0.0001748624915963,0.0,,,0
Carbon Ex.,Carbon Trading (碳權交易),0.0001748624915963,0.0,,,0
Agri,Fertilizer/Chemicals (肥料/化工),0.0001748624915963,0.0,,,0
Priv.,Others (其他),0.0001748624915963,0.0,,,0
Local,Domestic Farmers (國內農友),0.0001747778055686,0.0,,,0
Google/Intel/AMD,Nankang Software Park Tenants (南港租戶),0.0001747778055686,0.0,,,0
TSMC/Micron,Tech Industry (科技業),0.0001747778055686,0.0,,,0
Local,Industrial Clients (工業客戶),0.0001747778055686,0.0,,,0
Priv.,Deep Ocean Water (深層海水),0.0001747778055686,0.0,,,0
ASML/Others,Hsinchu TFC ONE Tenants (新竹租戶),0.0001747778055686,0.0,,,0
Asia,Export Markets (外銷),0.0001747778055686,0.0,,,0
Gas Stations,Adblue Clients (車用尿素),0.0001747778055686,0.0,,,0
Hanlai (漢來),Hotel Tenants (飯店租戶),0.0001747778055686,0.0,,,0
Priv.,Others (其他),0.0001747778055686,0.0,,,0
Property,Real Estate - World Pearl (世界明珠),0.0001747778055686,0.0,,,0
Distributors,European Market (歐洲市場),0.0001747778055686,0.0,,,0
Distributors,North American Market (北美市場),0.0001747778055686,0.0,,,0
Local Auto,Taiwan Market (台灣內銷),0.0001747778055686,0.0,,,0
Region,Asian Market (亞洲市場),0.0001747778055686,0.0,,,0
EV Owners,EV Tire Market (電動車胎),0.0001747778055686,0.0,,,0
Racing Teams,Motorsport/Racing (賽車運動),0.0001747778055686,0.0,,,0
Region,Central/South America (中南美),0.0001747778055686,0.0,,,0
Enthusiasts,Off-Road/SUV (越野休旅),0.0001747778055686,0.0,,,0
Priv.,Others (其他),0.0001747778055686,0.0,,,0
INTC/2303,Intel/UMC (其他半導體),0.0001742263762758,0.0,,,0
Global,Machinery/Tooling (工具機客戶),0.0001742263762758,0.0,,,0
Unimicron,PCB/Substrate Makers (PCB載板),0.0001742263762758,0.0,,,0
Global IDM,Overseas IDM (歐美IDM),0.0001742263762758,0.0,,,0
Bosch,Bosch (博世),0.0001742263762758,0.0,,,0
SMIC/Others,China Market (大陸半導體),0.0001742263762758,0.0,,,0
Priv.,Others (其他),0.0001742263762758,0.0,,,0
7743.JP,SEED (日本SEED),0.0001742263762758,0.0,,,0
Ticon,Ticon (帝康 - 自有品牌),0.0001742263762758,0.0,,,0
7741.JP,HOYA (日本豪雅),0.0001742263762758,0.0,,,0
BLCO,Bausch + Lomb (中國博士倫),0.0001742263762758,0.0,,,0
Priv.,Hubble (美國電商),0.0001742263762758,0.0,,,0
Priv.,European Clients (歐洲),0.0001742263762758,0.0,,,0
Priv.,Other Japan Clients (其他日本),0.0001742263762758,0.0,,,0
Local Brands,Domestic OEM (國內代工),0.0001742263762758,0.0,,,0
Global,Other Asia (其他亞洲),0.0001742263762758,0.0,,,0
Priv.,Others (其他),0.0001742263762758,0.0,,,0
STM,STMicroelectronics (意法),0.0001742263762758,0.0,,,0
Tesla/ByD,Automotive Clients (車用電子),0.0001742263762758,0.0,,,0
Retail,Stationery Business (文具事業),0.0001742263762758,0.0,,,0
Global,Industrial (工業應用),0.0001742263762758,0.0,,,0
Global,Consumer (消費電子),0.0001742263762758,0.0,,,0
Server,AI Server (AI伺服器),0.0001742263762758,0.0,,,0
Priv.,Others (其他),0.0001742263762758,0.0,,,0
Global,Comms/Mobile Clients (通訊/手機),0.0001732015707143,0.0,,,0
Server ODMs,HPC/AI Server (高效運算),0.0001732015707143,0.0,,,0
002463.SZ,WUS China Invest. (滬士電),0.0001732015707143,0.0,,,0
Global,MEMS Clients (微機電),0.0001732015707143,0.0,,,0
Industry,Industrial/Control (工控),0.0001732015707143,0.0,,,0
Tier 1,Auto Electronics (汽車電子),0.0001732015707143,0.0,,,0
Niche,Medical/GPS (醫療/定位),0.0001732015707143,0.0,,,0
Priv.,Others (其他),0.0001732015707143,0.0,,,0
Priv.,Huawei (華為),0.0001731664405953,0.0,,,0
NOK/ERIC,Nokia/Ericsson,0.0001731664405953,0.0,,,0
State Farm,AM Market - USA (美國售後),0.0001728454941777,0.0,,,0
FAW/Changan,OEM - China Aggregates (大陸車廠),0.0001728454941777,0.0,,,0
Nissan/Toyota,OEM - Taiwan (台灣車廠),0.0001728454941777,0.0,,,0
Global,AM Market - Europe/Others (非美售後),0.0001728454941777,0.0,,,0
VOW3,Volkswagen (大眾汽車),0.0001728454941777,0.0,,,0
NSU,Audi (奧迪),0.0001728454941777,0.0,,,0
Priv.,Motorcycle Parts (機車),0.0001728454941777,0.0,,,0
Priv.,Cooling System Clients (冷卻),0.0001728454941777,0.0,,,0
Priv.,Others (其他),0.0001728454941777,0.0,,,0
Win Semi/Qorvo,Microelectronics (微電子),0.0001727992876113,0.0,,,0
Lumentum/Sony,Optoelectronics (光電子),0.0001727992876113,0.0,,,0
Win Semi/AWSC,Foundry Partners (代工夥伴),0.0001727992876113,0.0,,,0
Skyworks/Qorvo,IDM Clients (整合元件廠),0.0001727992876113,0.0,,,0
Local,Hospitals/Medical Centers (醫院/醫學中心),0.0001724509662083,0.0,,,0
Local,Clinics (診所通路),0.0001724509662083,0.0,,,0
6929,佑全,0.0001724509662083,0.0,,,1
ASEAN,Export - SE Asia (東南亞外銷),0.0001724509662083,0.0,,,0
Global,Export - API Sales (原料藥外銷),0.0001724509662083,0.0,,,0
China,China Market (大陸市場),0.0001724509662083,0.0,,,0
Global Pharma,Japan/US (CDMO業務),0.0001724509662083,0.0,,,0
Local/Export,Animal Health (動物用藥),0.0001724509662083,0.0,,,0
Priv.,Others (其他),0.0001724509662083,0.0,,,0
8279,生展,0.0001724509662083,0.0,,,1
IFX/ON/STM,IDM Clients (國際大廠),0.0001724272153846,0.0,,,0
Public,IC Design Houses (IC設計),0.0001724272153846,0.0,,,0
Public,Automotive Clients (車用),0.0001724272153846,0.0,,,0
Public,Green Energy (綠能),0.0001724272153846,0.0,,,0
Priv.,Construction Projects (民間營建),0.0001721428464074,0.0,,,0
Priv.,Taipower (台電 - 售電),0.0001721428464074,0.0,,,0
Gov.,Public Infrastructure (公共工程),0.0001721428464074,0.0,,,0
US/Singapore,Export Markets (外銷),0.0001721428464074,0.0,,,0
Yuan Long,Stainless Steel Clients (不黑鋼),0.0001721428464074,0.0,,,0
Priv.,Shipping Clients (航運),0.0001721428464074,0.0,,,0
Ya Tung,RMC Plants (預拌廠),0.0001721428464074,0.0,,,0
Priv.,Others (其他),0.0001721428464074,0.0,,,0
Priv.,Kioxia (鎧俠),0.0001717453460592,0.0,,,0
Priv.,Kingston (金士頓),0.0001717453460592,0.0,,,0
DELL/HPQ,PC OEMs (Dell/HP/Lenovo),0.0001717453460592,0.0,,,0
CRSR,Corsair/Patriot (通路品牌),0.0001717453460592,0.0,,,0
AMZN/BABA,Data Center (AWS/Alibaba),0.0001717453460592,0.0,,,0
Public,Other Clients (其他),0.0001704470206342,0.0,,,0
Public,Infrastructure Clients (基礎建設客戶),0.000170379014098,0.0,,,0
Public,WiFi Clients (WiFi客戶),0.000170379014098,0.0,,,0
6981.T,Murata (村田/Sony),0.000170379014098,1.5148764873746814e-05,,,0
1455,集盛,0.0001702912546376,3.880137483100708e-06,,,1
Li Peng/1447,Nylon Filament Makers (尼龍紡絲),0.0001702912546376,0.0,,,0
Formosa/Chi Mei,ABS/Acrylic Fiber (ABS/亞力克棉),0.0001702912546376,0.0,,,0
Priv.,Land Development (土地開發),0.0001702912546376,0.0,,,0
Rudong,China Market (大陸內銷),0.0001702912546376,0.0,,,0
Nantex,NBR Latex (手套原料),0.0001702912546376,0.0,,,0
Priv.,OPP (光學),0.0001702912546376,0.0,,,0
Taifer,Fertilizer (肥料),0.0001702912546376,0.0,,,0
Priv.,Others (其他),0.0001702912546376,0.0,,,0
Taipower,Taipower (台電 - 強韌電網),0.0001702912546376,0.0,,,0
SYM/Yamaha,Domestic Auto Makers (國內車廠),0.0001702912546376,0.0,,,0
Semi/Panel,Automation Clients (自動化),0.0001702912546376,0.0,,,0
US/Canada,Export Market (重電外銷),0.0001702912546376,0.0,,,0
CMC/Logistics,EV Supply Chain (電動車),0.0001702912546376,0.0,,,0
Priv.,Construction (營建),0.0001702912546376,0.0,,,0
Fair Friend,Machine Tool Makers (工具機),0.0001702912546376,0.0,,,0
Local,China Market (大陸內銷),0.0001702912546376,0.0,,,0
Priv.,Others (其他),0.0001702912546376,0.0,,,0
PTON,Peloton (派樂騰),0.0001702912546376,0.0,,,0
Other Fitness,Technogym/Precor,0.0001702912546376,0.0,,,0
Priv.,Woodworking Clients (木工),0.0001702912546376,0.0,,,0
New,Drone Alliance (無人機),0.0001702912546376,0.0,,,0
Life/Global,Other Fitness Brands (其他健身),0.0001702912546376,0.0,,,0
Priv.,Garden Tools (園藝),0.0001702912546376,0.0,,,0
Local,Domestic Market (國內市場),0.0001702912546376,0.0,,,0
Priv.,Others (其他),0.0001702912546376,0.0,,,0
Local,Taiwan Hospitals/Clinics (台灣醫療院所),0.0001702912546376,0.0,,,0
China Dist.,China Distributors (大陸經銷商),0.0001702912546376,0.0,,,0
Product,Joint Injection Clients (關節腔注射劑),0.0001702912546376,0.0,,,0
Product,Anti-Adhesion Clients (防沾黏),0.0001702912546376,0.0,,,0
Product,Dermal Fillers Clients (皮下填補),0.0001702912546376,0.0,,,0
EU Dist.,EU Distributors (歐洲經銷商),0.0001702912546376,0.0,,,0
Asia Dist.,SE Asia/Middle East (東南亞/中東),0.0001702912546376,0.0,,,0
Brazil,Central/South America (中南美),0.0001702912546376,0.0,,,0
Local,Aesthetic Clinics (醫美診所),0.0001702912546376,0.0,,,0
Priv.,Others (其他),0.0001702912546376,0.0,,,0
Taipower,Taipower (台電 - 強韌電網),0.0001700280594226,0.0,,,0
Local,Construction/Infra (營建/基建),0.0001700280594226,0.0,,,0
TECO/Others,Motor/Transformer Makers (馬達變壓器),0.0001700280594226,0.0,,,0
Taipower,Solar Power Gen (太陽能售電),0.0001700280594226,0.0,,,0
Foxconn/Others,Tech/Electronics (電子廠),0.0001700280594226,0.0,,,0
Thunder Tiger,Drone Makers (無人機國家隊),0.0001700280594226,0.0,,,0
Solar Farms,Green Energy Conn. (綠能併網),0.0001700280594226,0.0,,,0
Asia/China,Export Market (外銷),0.0001700280594226,0.0,,,0
Auto Parts,EV Supply Chain (電動車),0.0001700280594226,0.0,,,0
Priv.,Others (其他),0.0001700280594226,0.0,,,0
Local Builders,Construction/Housing (營建/住宅),0.0001700280594226,0.0,,,0
Tech Cluster,Industrial Plants (科技廠房),0.0001700280594226,0.0,,,0
Government,Public Infrastructure (公共工程),0.0001700280594226,0.0,,,0
Developers,Commercial Buildings (商辦大樓),0.0001700280594226,0.0,,,0
Fabricators,Steel Structure Fabrication (鋼構加工),0.0001700280594226,0.0,,,0
Global,Export Markets (外銷),0.0001700280594226,0.0,,,0
Construction,Civil Engineering (土木工程),0.0001700280594226,0.0,,,0
Energy,Green Energy Projects (綠能工程),0.0001700280594226,0.0,,,0
Distributors,General Distribution (一般經銷),0.0001700280594226,0.0,,,0
Priv.,Others (其他),0.0001700280594226,0.0,,,0
SIE/GE,Industrial Clients (Siemens/GE),0.0001698209219934,0.0,,,0
Priv.,Dyson (戴森),0.0001698209219934,0.0,,,0
PII,Polaris (北極星),0.0001698209219934,0.0,,,0
AMAT/LRCX,Phychem (半導體設備客戶),0.0001698209219934,0.0,,,0
DELL/HPQ,Dell/HP (資訊),0.0001698209219934,0.0,,,0
TMO,Thermo Fisher (醫療),0.0001698209219934,8.175869231922629e-05,,,0
RIVN/LCID,Rivian/Lucid,0.0001698209219934,0.0,,,0
Conti/Bosch,Automotive Clients (Tier 1),0.000169472655737,0.0,,,0
Priv.,Industrial Clients (Simens/Others),0.000169472655737,0.0,,,0
CSCO/Priv.,Networking Clients (Cisco/Huawei),0.000169472655737,0.0,,,0
DELL/HPQ,PC/Laptop OEMs (Dell/HP),0.000169472655737,0.0,,,0
6758.T/7974.T,Consumer Electronics (Sony/Nintendo),0.000169472655737,0.0,,,0
Priv.,IoT Clients,0.000169472655737,0.0,,,0
Priv.,Server Clients (BMC 搭配),0.000169472655737,0.0,,,0
Euro Defense,European Defense/Aerospace (歐洲國防航太),0.0001694628345271,0.0,,,0
BKR,Baker Hughes (貝克休斯),0.0001694628345271,0.0,,,0
SLB,Schlumberger (斯倫貝謝),0.0001694628345271,0.0,,,0
US Aero,Aerospace Clients (美系航太),0.0001694628345271,0.0,,,0
J&J/Biomet,Medical Device Clients (醫材),0.0001694628345271,0.0,,,0
NCSIST/Others,Domestic Defense (國內國防),0.0001694628345271,0.0,,,0
Priv.,Industrial/Energy (工業能源),0.0001694628345271,0.0,,,0
Priv.,Semiconductor Equip (半導體設備),0.0001694628345271,0.0,,,0
Korea/Japan,Asian Market (亞洲市場),0.0001694628345271,0.0,,,0
Priv.,Others (其他),0.0001694628345271,0.0,,,0
2344/2337,Winbond/Macronix,0.0001693984917021,0.0,,,0
0220.HK,Uni-President China (統一中控),0.0001686868449349,0.0,,,0
Priv.,Carrefour (家樂福),0.0001686868449349,0.0,,,0
Priv.,Starbucks (星巴克),0.0001686868449349,0.0,,,0
Priv.,Cosmed (康是美),0.0001686868449349,0.0,,,0
Priv.,Dream Mall (夢時代),0.0001686868449349,0.0,,,0
B2B,Food Service (大宗客戶),0.0001686868449349,0.0,,,0
Priv.,Logistics (捷盟/統昶),0.0001686868449349,0.0,,,0
9907,統一實,0.0001686868449349,2.8454341542738524e-06,,,1
Public,Mass Production Clients (量產客戶),0.0001683909790157,0.0,,,0
Public,NRE Clients (委託設計客戶),0.0001683909790157,0.0,,,0
Public,IP Licensees (IP授權客戶),0.0001683909790157,0.0,,,0
Public,Netcom Clients (網通客戶),0.0001683909790157,0.0,,,0
XOM/CVX,Oil & Gas Clients,0.0001681860471772,0.0,,,0
Ind,Machinery Clients,0.0001681860471772,0.0,,,0
ENR.DE,Siemens Energy,0.0001681860471772,9.105389293676329e-06,,,0
Priv.,Chinese Optical Module Makers (陸系光模組廠),0.0001673574933923,0.0,,,0
Priv.,Huawei (華為),0.0001673574933923,0.0,,,0
000921.SZ,Hisense (海信寬帶),0.0001673574933923,0.0,,,0
002281.SZ,Accelink (光迅科技),0.0001673574933923,0.0,,,0
Global_PC,PC Brands (Dell/HP/Lenovo),0.0001669146462768,0.0,,,0
Net_Brand,Netcom Clients (TP-Link/D-Link),0.0001669146462768,0.0,,,0
Tier1_Auto,Automotive Clients,0.0001669146462768,0.0,,,0
Samsung/LG,TV/Monitor Clients,0.0001669146462768,0.0,,,0
Consumer_Brand,Consumer (TWS/IoT),0.0001669146462768,0.0,,,0
Tier 1,Automotive Clients (車用電子),0.0001669082453957,0.0,,,0
Global,Industrial/Medical (工控/醫療),0.0001669082453957,0.0,,,0
Global,Consumer Electronics (消費電子),0.0001669082453957,0.0,,,0
PC/Net,Computer/Comms (電腦/通訊),0.0001669082453957,0.0,,,0
Fabless,Wafer Foundry (晶圓代工),0.0001669082453957,0.0,,,0
Priv.,Others (其他),0.0001669082453957,0.0,,,0
EMC/ITEQ,Taiwan CCL Makers (台灣銅箔基板廠),0.0001664756374699,0.0,,,0
Global,Industrial Yarn Clients (工業級紗),0.0001664756374699,0.0,,,0
US/EU,Export Markets (外銷 - 玻纖紗),0.0001664756374699,0.0,,,0
Shengyi,China CCL Makers (大陸銅箔基板廠),0.0001664756374699,0.0,,,0
Supply Chain,Auto Electronics (車用電子),0.0001664756374699,0.0,,,0
Industry,Building Materials (建材),0.0001664756374699,0.0,,,0
Priv.,Others (其他),0.0001664756374699,0.0,,,0
SIMO,Silicon Motion (慧榮),0.0001657245613913,0.0001358600577619,,,0
MPWR,MPS,0.0001657245145494,0.0,,,0
6723.T,Renesas (瑞薩),0.0001657245145494,1.713468712537271e-05,,,0
Pfizer/GSK/Teva,Global Generic Makers (全球學名藥廠),0.0001654202197228,0.0,,,0
Japanese Pharma,Japan Market Clients (日本客戶),0.0001654202197228,0.0,,,0
Global,Muscle Relaxant Agents (肌肉鬆弛劑),0.0001654202197228,0.0,,,0
Global,Local Anesthetic Agents (局部麻醉劑),0.0001654202197228,0.0,,,0
Global,CNS Agents (中樞神經用藥),0.0001654202197228,0.0,,,0
Global,Respiratory Agents (呼吸系統),0.0001654202197228,0.0,,,0
Local/Export,Animal Health (動物用藥),0.0001654202197228,0.0,,,0
China,China Market (大陸市場),0.0001654202197228,0.0,,,0
Priv.,Others (其他),0.0001654202197228,0.0,,,0
Global,Generic Drug Makers (學名藥廠),0.0001651011258112,0.0,,,0
Biotech/Pharma,CDMO Clients (代客研製客戶),0.0001651011258112,0.0,,,0
Product,Oncology API Clients (抗癌藥),0.0001651011258112,0.0,,,0
Product,CNS Drug Clients (中樞神經),0.0001651011258112,0.0,,,0
Product,Peptide Drug Clients (胜肽藥),0.0001651011258112,0.0,,,0
US Market,Injectable Products (針劑製劑),0.0001651011258112,0.0,,,0
US Partner,Glatiramer Acetate Client (多發性硬化症),0.0001651011258112,0.0,,,0
Global,Weight Management (減重藥),0.0001651011258112,0.0,,,0
Product,Topiramate Clients (癲癇),0.0001651011258112,0.0,,,0
Priv.,Others (其他),0.0001651011258112,0.0,,,0
Unimicron/Tripod,PCB Industry (印刷電路板),0.000164822824946,0.0,,,0
Nippon Paint/AkzoNobel,Paint & Coating Mfrs (塗料廠),0.000164822824946,0.0,,,0
3M/Symbio,Adhesive/Tape Mfrs (膠帶/接著劑),0.000164822824946,0.0,,,0
ASE/SPIL,Semiconductor Packaging (封裝),0.000164822824946,0.0,,,0
Global,UV Printing/Coating (UV應用),0.000164822824946,0.0,,,0
Local,Construction/Civil Eng (營建),0.000164822824946,0.0,,,0
AUO/Innolux,Display Panel (顯示器),0.000164822824946,0.0,,,0
Local,China Market (大陸內銷),0.000164822824946,0.0,,,0
Vietnam/Thailand,ASEAN Market (東南亞),0.000164822824946,0.0,,,0
Priv.,Others (其他),0.000164822824946,0.0,,,0
MND,Taiwan Navy (中華民國海軍),0.0001639164560303,0.0,,,0
CGA,Coast Guard Admin (海巡署),0.0001639164560303,0.0,,,0
Developers,Offshore Wind (離岸風電),0.0001639164560303,0.0,,,0
Evergreen/YM,Commercial Shipping (商船),0.0001639164560303,0.0,,,0
Service,Ship Repair/Maint. (維修),0.0001639164560303,0.0,,,0
Research,Defense Tech (國防科技),0.0001639164560303,0.0,,,0
CPC/FPC,Petrochemical (石化運輸),0.0001639164560303,0.0,,,0
Priv.,Others (其他),0.0001639164560303,0.0,,,0
Priv.,Bosch (博世),0.0001637279465124,0.0,,,0
066570.KS,LG Electronics (樂金),0.0001637279465124,0.0,,,0
WPG/Arrow,Distributors (通路商),0.0001637279465124,0.0,,,0
5930,Samsung (三星),0.0001637279465124,1.649058430317801e-05,,,1
Gov/Builders,Construction/Infrastructure (公共工程),0.0001634804899106,0.0,,,0
Solar Farms,Green Energy - Solar (太陽能),0.0001634804899106,0.0,,,0
Equipment,Machinery Industry (機械製造),0.0001634804899106,0.0,,,0
Developers,Green Energy - Wind (離岸風電),0.0001634804899106,0.0,,,0
Distributors,General Distribution (一般經銷),0.0001634804899106,0.0,,,0
Tier 2,Automotive/Parts (汽機車),0.0001634804899106,0.0,,,0
Water Res.,Water/Project Pipes (水利工程),0.0001634804899106,0.0,,,0
Logistics,Logistics Services (物流租賃),0.0001634804899106,0.0,,,0
Tech,Electronic Plants (科技廠房),0.0001634804899106,0.0,,,0
Priv.,Others (其他),0.0001634804899106,0.0,,,0
Lead Frames,Semiconductor Industry (半導體),0.0001630244444461,0.0,,,0
Tie 1 Auto,Automotive Connectors (車用連接器),0.0001630244444461,0.0,,,0
Thermal,Heat Sink/Spreaders (均熱片/散熱),0.0001630244444461,0.0,,,0
Components,General Electronics (一般電子),0.0001630244444461,0.0,,,0
Defense,Military Industry (兵工),0.0001630244444461,0.0,,,0
Construction,Construction/Decoration (建築裝潢),0.0001630244444461,0.0,,,0
China/SE Asia,Export Markets (外銷),0.0001630244444461,0.0,,,0
Mint,Coinage Materials (製幣),0.0001630244444461,0.0,,,0
EV Parts,EV Busbars (電動車匯流排),0.0001630244444461,0.0,,,0
Priv.,Others (其他),0.0001630244444461,0.0,,,0
Priv.,Vivo,0.0001630063692455,0.0,,,0
Priv.,Oppo,0.0001630063692455,0.0,,,0
688036,Transsion (傳音),0.0001630063692455,0.0,,,0
Priv.,Honor (榮耀),0.0001630063692455,0.0,,,0
AMAT/ASML,Semiconductor Equipment (半導體設備廠),0.0001629051740927,0.0,,,0
DMG Mori,Global Machine Tool Makers (工具機廠),0.0001629051740927,0.0,,,0
Priv.,Chinese Automation Clients,0.0001629051740927,0.0,,,0
7203.T,Toyota/Honda (日系車廠),0.0001629051740927,0.0,,,0
002008.SZ,Han's Laser (大族雷射),0.0001629051740927,0.0,,,0
Priv.,Dexterity (合作夥伴),0.0001629051740927,0.0,,,0
Priv.,Medical Clients (醫療),0.0001629051740927,0.0,,,0
AMZN/GOOG/MSFT,Data Center BBU (資料中心/AES),0.0001616997933242,0.0,,,0
Priv.,LEV Clients (歐美電動自行車),0.0001616997933242,0.0,,,0
Priv.,Industrial/Drone Clients,0.0001616997933242,0.0,,,0
Priv.,Energy Storage (儲能),0.0001616997933242,0.0,,,0
Priv.,Huawei (華為),0.0001616954708512,0.0,,,0
LEN.HK,Motorola (摩托羅拉),0.0001616954708512,0.0,,,0
AMZN/MSFT,US CSP (美系雲端),0.0001616954708512,0.0,,,0
688036.SS,Transsion (傳音),0.0001616954708512,0.0,,,0
Local/China,Construction Industry (建築業),0.0001607917623457,0.0,,,0
EMC/Zhen Ding,PCB/CCL Makers (玻纖布客戶),0.0001607917623457,0.0,,,0
Tesla/Xiaomi,Automotive Industry (汽車業),0.0001607917623457,0.0,,,0
Local,Processed Glass Clients (深加工),0.0001607917623457,0.0,,,0
Vestas/Auto,FRP/Composite Clients (FRP),0.0001607917623457,0.0,,,0
TG Brand,Glassware Retail (器皿),0.0001607917623457,0.0,,,0
Local,Solar Industry (太陽能),0.0001607917623457,0.0,,,0
Global,Export Markets (外銷),0.0001607917623457,0.0,,,0
Priv.,Others (其他),0.0001607917623457,0.0,,,0
2368/3044,PCB Makers (金像電/健鼎),0.0001607494138822,0.0,,,0
Tier1,Auto Clients (車用),0.0001607494138822,0.0,,,0
Others,Consumer Electronics,0.0001607494138822,0.0,,,0
Cisco,Networking (網通),0.0001607494138822,0.0,,,0
Global,Industrial Motor Clients (工業馬達),0.0001594018072461,0.0,,,0
Consumers,Home Appliance Consumers (家電用戶),0.0001594018072461,0.0,,,0
Taipower,Taipower/Green Energy (台電/綠能),0.0001594018072461,0.0,,,0
Bus Makers,EV Powertrain (電動車動力),0.0001594018072461,0.0,,,0
B2B,Commercial AC (商用空調),0.0001594018072461,0.0,,,0
宅配通,Logistics Services (物流),0.0001594018072461,0.0,,,0
Priv.,Financial/Software (金融/軟體),0.0001594018072461,0.0,,,0
Factories,Automation Solutions (自動化),0.0001594018072461,0.0,,,0
Priv.,Others (其他),0.0001594018072461,0.0,,,0
Tech/Auto,Plastics Clients (工程塑膠/瓶粒),0.0001592572567513,0.0,,,0
Apparel,Fiber Clients (紡織化纖),0.0001592572567513,0.0,,,0
Panel/Solar,Optoelectronics (光電材料),0.0001592572567513,0.0,,,0
Connector,AI Server Supply Chain (伺服器),0.0001592572567513,0.0,,,0
EV,Automotive (車用),0.0001592572567513,0.0,,,0
Beverage,Bottle Makers (製瓶廠),0.0001592572567513,0.0,,,0
MasterLink,Financial/Securities (金融),0.0001592572567513,0.0,,,0
Green Energy,Solar Backsheet (太陽能),0.0001592572567513,0.0,,,0
Recycle,Green Products (環保),0.0001592572567513,0.0,,,0
Priv.,Others (其他),0.0001592572567513,0.0,,,0
Holtek/Sonix,Consumer Electronics (消費性電子),0.0001590526742254,0.0,,,0
Realtek/Others,Computer (電腦周邊),0.0001590526742254,0.0,,,0
Realtek/Mediatek,Communication (網通),0.0001590526742254,0.0,,,0
Auto IC,Automotive (車用),0.0001590526742254,0.0,,,0
Ind,Others (其他),0.0001590526742254,0.0,,,0
6488,環球晶,0.0001588647697795,0.0004699126243834,0.000994259690454,11.0,1
AMZN/GOOG/MSFT,North American CSPs (美系雲端大廠),0.0001575658707056,0.0,,,0
Priv.,Optical Module Makers (光模組廠),0.0001575658707056,0.0,,,0
Priv.,Taiwan Networking Clients (台系網通),0.0001575658707056,0.0,,,0
Priv.,China Telecom Clients (陸系電信),0.0001575658707056,0.0,,,0
Priv.,European Telecom Clients,0.0001575658707056,0.0,,,0
600498.SS,FiberHome (烽火通信),0.0001575658707056,0.0,,,0
9983.T (Fast Retailing),Japanese Clients (日系客戶),0.0001575309266735,0.0,,,0
DKS,Dick's Sporting Goods (迪克斯),0.0001575309266735,0.0,,,0
KSS,Kohl's (柯爾百貨),0.0001575309266735,0.0,,,0
HM-B.ST/ITX.MC,H&M / Inditex (Zara),0.0001575309266735,0.0,,,0
UAA/NKE,Under Armour / Nike,0.0001575309266735,0.0,,,0
Amazon,E-commerce Clients (電商),0.0001575309266735,0.0,,,0
CSRC/Continental,Carbon Black Makers (碳煙廠),0.0001564388711454,0.0,,,0
Australia/Global,Aluminum Smelters (煉鋁廠),0.0001564388711454,0.0,,,0
SM Makers,Petrochemical/SM Makers (石化廠),0.0001564388711454,0.0,,,0
China/Japan,EV/Battery Makers (電池廠),0.0001564388711454,0.0,,,0
Local/Export,Refractory Industry (耐火材料),0.0001564388711454,0.0,,,0
China,China Market (大陸市場),0.0001564388711454,0.0,,,0
Vietnam,Vietnam Market (還需進一步確認),0.0001564388711454,0.0,,,0
Export,SE Asia/Japan (東南亞/日本),0.0001564388711454,0.0,,,0
Semi/Server,Advanced Carbon Clients (先進碳材),0.0001564388711454,0.0,,,0
Priv.,Others (其他),0.0001564388711454,0.0,,,0
Cheng Shin/Nankang,Tire Manufacturers (輪胎製造),0.0001563292973048,0.0,,,0
Orphan Drug,Biotech - Synpac (生技-永光),0.0001563292973048,0.0,,,0
Industrial,Rubber Goods (橡膠製品),0.0001563292973048,0.0,,,0
Plastics,Plastics/Masterbatch (塑膠色母),0.0001563292973048,0.0,,,0
Chemicals,Ink/Coatings (油墨塗料),0.0001563292973048,0.0,,,0
Tech,Electronics (電子應用),0.0001563292973048,0.0,,,0
EV/Battery,Green Energy (綠能應用),0.0001563292973048,0.0,,,0
E-One Moli,Battery Materials (電池材料),0.0001563292973048,0.0,,,0
Pou Chen,Footwear Industry (製鞋業),0.0001563292973048,0.0,,,0
Priv.,Others (其他),0.0001563292973048,0.0,,,0
Nan Ya/1303,Petrochemical Clients (石化同業),0.0001540466022991,0.0,,,0
Appliance/Auto,Plastics Industry (塑膠加工),0.0001540466022991,0.0,,,0
Far Eastern,Textile Industry (紡織業),0.0001540466022991,0.0,,,0
Ningbo,Mainland China Market (大陸內銷),0.0001540466022991,0.0,,,0
Haier/Midea,Appliance Makers (家電廠),0.0001540466022991,0.0,,,0
Priv.,Packaging Industry (包裝),0.0001540466022991,0.0,,,0
Maxxis/Kenda,Tire Industry (輪胎),0.0001540466022991,0.0,,,0
Priv.,Others (其他),0.0001540466022991,0.0,,,0
Local,Water Treatment Clients (水處理),0.0001536269226083,0.0,,,0
TSMC/Micron,Semiconductor Fabs (半導體廠),0.0001536269226083,0.0,,,0
Global/Local,Specialty Chem Clients (特用客戶),0.0001536269226083,0.0,,,0
Cheng Loong/YFY,Paper/Pulp Industry (造紙),0.0001536269226083,0.0,,,0
Local,Textile Industry (紡織),0.0001536269226083,0.0,,,0
Priv.,Aerospace/Defense (航太軍工),0.0001536269226083,0.0,,,0
Asia/Global,Export Markets (外銷),0.0001536269226083,0.0,,,0
Local,Chemical Industry (化學同業),0.0001536269226083,0.0,,,0
Local,Detergent Makers (清潔劑),0.0001536269226083,0.0,,,0
Priv.,Others (其他),0.0001536269226083,0.0,,,0
Coke/Pepsi,Beverage Brands (飲料大廠),0.0001526167611783,0.0,,,0
Nike/Adidas,Apparel Brands (服飾品牌),0.0001526167611783,0.0,,,0
Tire/Auto,Industrial Users (工業用),0.0001526167611783,0.0,,,0
Tpark,Property Development (房產),0.0001526167611783,0.0,,,0
Priv.,Petrochemical Clients (石化),0.0001526167611783,0.0,,,0
Global,Green Products (綠色產品),0.0001526167611783,0.0,,,0
Priv.,Medical/Hygiene (衛材),0.0001526167611783,0.0,,,0
SOGO/FEDjq,Retail/Group (集團綜效),0.0001526167611783,0.0,,,0
Priv.,Others (其他),0.0001526167611783,0.0,,,0
Taipower,Taipower (台電 - 強韌電網),0.0001515554652687,0.0,,,0
Local,Construction/Infra (營建/基建),0.0001515554652687,0.0,,,0
Global,Global Stainless Distributors (全球通路),0.0001515554652687,0.0,,,0
Unknown,EV Battery Chain (電池供應鏈),0.0001515554652687,0.0,,,0
CAS Clients,Aerospace/Oil&Gas (航太油氣),0.0001515554652687,0.0,,,0
Foxconn/Others,Tech/Electronics (科技廠),0.0001515554652687,0.0,,,0
Auto OEM,Automotive (車用),0.0001515554652687,0.0,,,0
Solar/Wind,Green Energy (綠能),0.0001515554652687,0.0,,,0
Local,China Market (大陸市場),0.0001515554652687,0.0,,,0
Priv.,Others (其他),0.0001515554652687,0.0,,,0
Global Dist.,Aftermarket (售後市場 AM),0.0001504119405053,0.0,,,0
Toyota/Benz,OE - Auto Makers (原廠配套),0.0001504119405053,0.0,,,0
PCR Market,Passenger Car Tires (轎車胎),0.0001504119405053,0.0,,,0
MC Market,Motorcycle Tires (機車胎),0.0001504119405053,0.0,,,0
TBR Market,Truck/Bus Tires (卡客車胎),0.0001504119405053,0.0,,,0
Bike Market,Bicycle Tires (自行車胎),0.0001504119405053,0.0,,,0
Tesla/BMW,EV Tire Market (電動車胎),0.0001504119405053,0.0,,,0
CN Region,China Market (中國內銷),0.0001504119405053,0.0,,,0
APAC,Asia Pacific (亞太市場),0.0001504119405053,0.0,,,0
Priv.,Others (其他),0.0001504119405053,0.0,,,0
STM,STM (意法半導體),0.0001493447781167,0.0,,,0
Priv.,Bosch (博世),0.0001493447781167,0.0,,,0
Nan Ya/1303,Petrochemical Clients (石化同業),0.0001451182515881,0.0,,,0
Appliance/Auto,Plastics Industry (塑膠加工),0.0001451182515881,0.0,,,0
Far Eastern,Textile Industry (紡織業),0.0001451182515881,0.0,,,0
Ningbo,Mainland China Market (大陸內銷),0.0001451182515881,0.0,,,0
Haier/Midea,Appliance Makers (家電廠),0.0001451182515881,0.0,,,0
Priv.,Packaging Industry (包裝),0.0001451182515881,0.0,,,0
Maxxis/Kenda,Tire Industry (輪胎),0.0001451182515881,0.0,,,0
Priv.,Others (其他),0.0001451182515881,0.0,,,0
Local Cluster,Screw & Nut Industry (螺絲螺帽業),0.000143282433044,0.0,,,0
Public/Private,Construction/Steel Structure (營建鋼構),0.000143282433044,0.0,,,0
Tesla/Local,Automotive Industry (汽車業),0.000143282433044,0.0,,,0
Local Cluster,Hand Tool Industry (手工具業),0.000143282433044,0.0,,,0
Local,General Machinery (一般機械),0.000143282433044,0.0,,,0
OEMs,Computers/Appliances (電腦家電),0.000143282433044,0.0,,,0
Vietnam/Others,Export - Southeast Asia (外銷-東南亞),0.000143282433044,0.0,,,0
CSBC,Shipbuilding/Defense (造船國防),0.000143282433044,0.0,,,0
EV Makers,Motor Core Consumers (馬達鐵芯),0.000143282433044,0.0,,,0
Priv.,Others (其他),0.000143282433044,0.0,,,0
Unimicron/Kinsus,PCB Manufacturers (電路板廠),0.0001348982970632,0.0,,,0
Global,Chemical Clients (化工客戶),0.0001348982970632,0.0,,,0
Far Eastern,Textile/Packaging (紡織/包裝),0.0001348982970632,0.0,,,0
Construction,Plastic Processing (塑膠加工),0.0001348982970632,0.0,,,0
US/Korea,Server/AI Supply Chain (伺服器),0.0001348982970632,0.0,,,0
Evs,Automotive Electronics (車用),0.0001348982970632,0.0,,,0
Priv.,Green Energy (綠能),0.0001348982970632,0.0,,,0
Priv.,Construction (營建),0.0001348982970632,0.0,,,0
Priv.,Others (其他),0.0001348982970632,0.0,,,0
2330 TW,TSMC (台積電),0.0001302874018154,0.0,,,0
005930 KS,Samsung Electronics (三星電子),0.0001302874018154,0.0,,,0
INTC US,Intel (英特爾),0.0001302874018154,0.0,,,0
2303 TW,UMC (聯電),0.0001302874018154,0.0,,,0
TXN US,Texas Instruments (德州儀器),0.0001302874018154,0.0,,,0
MU US,Micron (美光),0.0001302874018154,0.0,,,0
IFX DE,Infineon (英飛凌),0.0001302874018154,0.0,,,0
STM US,STMicroelectronics (意法半導體),0.0001302874018154,0.0,,,0
NXPI US,NXP Semiconductors (恩智浦),0.0001302874018154,0.0,,,0
5347 TW / 6770 TW,VIS/Powerchip (世界先進/力積電),0.0001302874018154,0.0,,,0
003670.KS,Posco Future M,0.0001238465740378,0.0,,,0
4188,安克,0.0001238465740378,0.0,,,1
Priv.,Limestone Mines (自有礦場),0.0001238465740378,0.0,,,0
Priv.,Coal Suppliers (國際煤商),0.0001238465740378,0.0,,,0
Priv.,Taipower (台電 - 脫硫石膏),0.0001238465740378,0.0,,,0
Priv.,Chiahui Power (嘉惠電力 - 子公司),0.0001238465740378,0.0,,,0
ADM,ADM (阿徹丹尼爾斯米德蘭),0.0001238465740378,0.0,,,0
Priv.,Cargill (嘉吉),0.0001238465740378,0.0,,,0
1232,大統益,0.0001238465740378,0.0,,,1
DSFIR,DSM (帝斯曼),0.0001238465740378,0.0,,,0
Priv.,Local Packaging Suppliers,0.0001238465740378,0.0,,,0
Priv.,CP Group Trading (卜蜂集團貿易),0.0001238465740378,0.0,,,0
Priv.,Cargill (嘉吉),0.0001238465740378,0.0,,,0
Priv.,AGP (AG Processing),0.0001238465740378,0.0,,,0
Priv.,Contract Farms (契作農場),0.0001238465740378,0.0,,,0
Priv.,International Grain Traders,0.0001238465740378,0.0,,,0
Priv.,Flavor/Additive Suppliers,0.0001238465740378,0.0,,,0
Priv.,Tetra Pak (利樂),0.0001238465740378,0.0,,,0
Priv.,US Soybean Export Council (美國黃豆協會認證),0.0001238465740378,0.0,,,0
Priv.,Prograin (加拿大),0.0001238465740378,0.0,,,0
Priv.,Vidoria (維多利亞莊園),0.0001238465740378,0.0,,,0
Priv.,Fonterra (恆天然),0.0001238465740378,0.0,,,0
Priv.,International Oil Traders,0.0001238465740378,0.0,,,0
Priv.,Local Oil Suppliers (內蒙古),0.0001238465740378,0.0,,,0
Priv.,Tetra Pak (利樂),0.0001238465740378,0.0,,,0
Priv.,Local Packaging,0.0001238465740378,0.0,,,0
Priv.,US Potato Suppliers (美國馬鈴薯協會),0.0001238465740378,0.0,,,0
Priv.,Nut Suppliers (堅果供應商),0.0001238465740378,0.0,,,0
Priv.,Seaweed Suppliers (海苔供應商),0.0001238465740378,0.0,,,0
Priv.,Local Rice/Veg Suppliers (在地農產),0.0001238465740378,0.0,,,0
Priv.,Packaging Suppliers (包材),0.0001238465740378,0.0,,,0
6505,台塑化,0.0001238465740378,0.0,0.0017087431159873,21.0,1
3110.JP,Nittobo (日東紡),0.0001238465740378,0.0,,,0
4183.JP,Mitsui Chemicals (三井化學),0.0001238465740378,0.0,,,0
Priv.,Copper Suppliers,0.0001238465740378,0.0,,,0
Priv.,Mailiao Power (麥寮汽電),0.0001238465740378,0.0,,,0
Priv.,CPC Corp (台灣中油),0.0001238465740378,0.0,,,0
Priv.,International Ammonia Suppliers (國際氨商),0.0001238465740378,0.0,,,0
Priv.,Benzene/Cyclohexane Suppliers,0.0001238465740378,0.0,,,0
Priv.,CPC Corp/Formosa (中油/台塑),0.0001238465740378,0.0,,,0
Priv.,Coal Suppliers (煤炭),0.0001238465740378,0.0,,,0
4005.JP,Sumitomo Chemical (住友化學),0.0001238465740378,0.0,,,0
1309,台達化,0.0001238465740378,0.0,,,1
4612.JP,Nippon Paint (立邦塗料),0.0001238465740378,0.0,,,0
China Steel,Steel Suppliers (鋼材廠),0.0001238465740378,0.0,,,0
1326/1305,FCFC Aromatics Div (台化芳香烴部),0.0001238465740378,0.0,,,0
Priv.,Mailiao Power (麥寮汽電),0.0001238465740378,0.0,,,0
1710,東聯,0.0001238465740378,0.0,,,1
Priv.,FENC Petrochemical (亞東石化),0.0001238465740378,0.0,,,0
Priv.,Indorama/Alpek (合資夥伴),0.0001238465740378,0.0,,,0
Priv.,PX Suppliers (對二甲苯),0.0001238465740378,0.0,,,0
1326/1305,Formosa Chemicals (台化),0.0001238465740378,0.0,,,0
CPDC,CPL Suppliers,0.0001238465740378,0.0,,,0
1440,南紡,0.0001238465740378,0.0,,,1
4401,東隆興,0.0001238465740378,0.0,,,1
Priv.,Invista (英威達/Lycra),0.0001238465740378,0.0,,,0
DD,DuPont (杜邦),0.0001238465740378,0.0,,,0
Priv.,Huntsman/DyStar (亨斯邁/德司達),0.0001238465740378,0.0,,,0
Priv.,Makalot Subs. (聚益/南方紡織),0.0001238465740378,0.0,,,0
Priv.,Copper Suppliers (銅供應商),0.0001238465740378,0.0,,,0
China Steel/Nippon,Silicon Steel Suppliers (矽鋼片),0.0001238465740378,0.0,,,0
6503.JP,Mitsubishi Electric (三菱電機),0.0001238465740378,0.0,,,0
Infineon/TI,Semiconductor Suppliers (晶片),0.0001238465740378,0.0,,,0
Priv.,Copper Suppliers (銅供應商),0.0001238465740378,0.0,,,0
Priv.,Magnet Suppliers (磁鐵),0.0001238465740378,0.0,,,0
Priv.,Danfoss (丹佛斯),0.0001238465740378,0.0,,,0
Priv.,Copper Suppliers (銅供應商),0.0001238465740378,0.0,,,0
China Steel,Steel Suppliers (鋼材商),0.0001238465740378,0.0,,,0
Priv.,SF6 Gas Suppliers (絕緣氣體),0.0001238465740378,0.0,,,0
Subsidiaries,CNC Components (精密加工),0.0001238465740378,0.0,,,0
Ballard,Hydrogen Fuel Cells (氫能),0.0001238465740378,0.0,,,0
Internal,Rexon Motor Div (力山馬達部),0.0001238465740378,0.0,,,0
Priv.,Local Hardware Suppliers (五金),0.0001238465740378,0.0,,,0
China Steel,Steel Suppliers (鋼材商),0.0001238465740378,0.0,,,0
Priv.,Electronic Components (電控),0.0001238465740378,0.0,,,0
Priv.,Copper Suppliers (銅供應商),0.0001238465740378,0.0,,,0
China Steel/Nippon,Silicon Steel Suppliers (矽鋼片),0.0001238465740378,0.0,,,0
Priv.,Insulating Oil Suppliers (絕緣油),0.0001238465740378,0.0,,,0
6501.JP,Hitachi (日立),0.0001238465740378,0.0,,,0
Priv.,Components Suppliers (零組件),0.0001238465740378,0.0,,,0
Priv.,Scrap Steel Suppliers (廢鋼供應商),0.0001238465740378,0.0,,,0
Priv.,Pig Iron Suppliers (生鐵供應商),0.0001238465740378,0.0,,,0
Priv.,Coke Suppliers (焦炭供應商),0.0001238465740378,0.0,,,0
Priv.,Foundry Equipment (鑄造設備),0.0001238465740378,0.0,,,0
Priv.,Resin/Sand (樹脂/砂),0.0001238465740378,0.0,,,0
TI/Infineon,Chip Suppliers (晶片供應商),0.0001238465740378,0.0,,,0
Yageo/Others,PCB/Passive Components (被動元件),0.0001238465740378,0.0,,,0
CATL/Others,Battery Cell Suppliers (鋰電池芯),0.0001238465740378,0.0,,,0
Priv.,Copper/Metals (銅/金屬),0.0001238465740378,0.0,,,0
2237,Wah Hong Energy (華德動能),0.0001238465740378,0.0,,,1
China Steel (中鋼),Steel Suppliers (鋼材商),0.0001238465740378,0.0,,,0
Gloria/Sanyo,Specialty Steel (特殊鋼),0.0001238465740378,0.0,,,0
Tongtai/Others,Machine Tool Suppliers (工具機),0.0001238465740378,0.0,,,0
Priv.,Heat Treatment Equip (熱處理),0.0001238465740378,0.0,,,0
Hiwin/Others,Robotics/Automation (自動化),0.0001238465740378,0.0,,,0
Priv.,Diamond Powder Suppliers (鑽石粉),0.0001238465740378,0.0,,,0
Priv.,Abrasives Suppliers (磨料),0.0001238465740378,0.0,,,0
Priv.,Resin/Bonding Agents (結合劑),0.0001238465740378,0.0,,,0
Yamana/Others,Tech Partners (技術合作),0.0001238465740378,0.0,,,0
Priv.,Equipment Suppliers (設備商),0.0001238465740378,0.0,,,0
Priv.,HEMA Suppliers (單體),0.0001238465740378,0.0,,,0
Formosa Plastics,PP Suppliers (聚丙烯),0.0001238465740378,0.0,,,0
Priv.,Additives Suppliers (添加劑),0.0001238465740378,0.0,,,0
Priv.,Packaging Suppliers (包材),0.0001238465740378,0.0,,,0
Priv.,Automation Equip (自動化),0.0001238465740378,0.0,,,0
Priv.,Titanium Sponge Suppliers (海綿鈦),0.0001238465740378,0.0,,,0
Gloria/Others,Nickel Alloy Suppliers (鎳合金原料),0.0001238465740378,0.0,,,0
Priv.,Melting Equip (熔煉設備),0.0001238465740378,0.0,,,0
Priv.,Finishing Equip (精整設備),0.0001238465740378,0.0,,,0
Priv.,Pig Iron Suppliers (生鐵),0.0001238465740378,0.0,,,0
Priv.,Scrap Steel Suppliers (廢鋼),0.0001238465740378,0.0,,,0
Priv.,Ferroalloys (鐵合金),0.0001238465740378,0.0,,,0
Priv.,Resin Suppliers (樹脂),0.0001238465740378,0.0,,,0
Priv.,Foundry Sand (鑄造砂),0.0001238465740378,0.0,,,0
Priv.,Local Aluminum Suppliers (當地鋁廠),0.0001238465740378,0.0,,,0
7240.T,NOK,0.0001238465740378,0.0,,,0
TREL-B,Trelleborg,0.0001238465740378,0.0,,,0
6954.T,Fanuc (發那科),0.0001238465740378,0.0,,,0
Sunny Metal (印尼旭日),Nickel Ore/Matte (鎳礦/冰鎳),0.0001238465740378,0.0,,,0
Global Markets,Copper Cathode (銅極),0.0001238465740378,0.0,,,0
Global Markets,Scrap Steel (廢鋼),0.0001238465740378,0.0,,,0
Priv.,Ferrochrome (鉻鐵),0.0001238465740378,0.0,,,0
CAS,CAS (Cogne Acciai Speciali),0.0001238465740378,0.0,,,0
Glencore/Others,Copper Suppliers (進口銅板),0.0001238465740378,0.0,,,0
Subsidiary,Dazhan Wire (大展電線),0.0001238465740378,0.0,,,0
Priv.,Aluminum Suppliers (鋁),0.0001238465740378,0.0,,,0
Formosa/USI,PVC/XLPE Suppliers (塑膠),0.0001238465740378,0.0,,,0
Priv.,Insulating Varnish (絕緣漆),0.0001238465740378,0.0,,,0
Self/Import,Mushroom/Herbs Suppliers (菌種/藥材),0.0001238465740378,0.0,,,0
Taisun/Others,Sugar/Glucose (糖/葡萄糖),0.0001238465740378,0.0,,,0
Global,Functional Additives (機能添加物),0.0001238465740378,0.0,,,0
Great China Metal,Packaging Suppliers (瓶罐),0.0001238465740378,0.0,,,0
Cheng Loong,Paper/Carton (紙箱包材),0.0001238465740378,0.0,,,0
1312,國喬,0.0001238465740378,0.0,,,1
Priv.,Dairen Chemical (大連化工),0.0001238465740378,0.0,,,0
Priv.,Photoinitiator Suppliers (光起始劑),0.0001238465740378,0.0,,,0
Global,Solvent Suppliers (溶劑),0.0001238465740378,0.0,,,0
Global,Global API Suppliers (進口原料),0.0001238465740378,0.0,,,0
Priv.,Excipient Suppliers (賦形劑),0.0001238465740378,0.0,,,0
Priv.,Packaging Suppliers (包材),0.0001238465740378,0.0,,,0
Priv.,CPC Corp (台灣中油),0.0001238465740378,0.0,,,0
SABIC,SABIC (沙烏地基礎工業),0.0001238465740378,0.0,,,0
Global,Phosphate/Potash Suppliers (磷鉀礦),0.0001238465740378,0.0,,,0
Subsidiary,Jubail Fertilizer (朱拜爾),0.0001238465740378,0.0,,,0
Priv.,Taipower (台電),0.0001238465740378,0.0,,,0
Subsidiary,Dragon Steel (中龍鋼鐵),0.0001238465740378,0.0,,,0
FHS,Formosa Ha Tinh (越南河靜),0.0001238465740378,0.0,,,0
Global,Imported Oil (進口油品),0.0001238465740378,0.0,,,0
Priv.,Industrial Salt Suppliers (工業鹽),0.0001238465740378,0.0,,,0
Taipower,Utilities (公用設施),0.0001238465740378,0.0,,,0
Local/Global,Steel Suppliers (鋼材),0.0001238465740378,0.0,,,0
Internal/Priv.,Motor Suppliers (馬達),0.0001238465740378,0.0,,,0
Subsidiary,Plastic Injection (塑膠射出),0.0001238465740378,0.0,,,0
Au Optronics/Others,Electronics/Panels (面板/電子),0.0001238465740378,0.0,,,0
Priv.,Belt/Deck Suppliers (跑帶/跑板),0.0001238465740378,0.0,,,0
Peru/Global,Fish Oil Suppliers (魚油),0.0001238465740378,0.0,,,0
Taisun/Global,Glucose/Sugar (葡萄糖/糖),0.0001238465740378,0.0,,,0
Global,Solvents (溶劑),0.0001238465740378,0.0,,,0
China/India,Chemical Precursors (前驅物),0.0001238465740378,0.0,,,0
Priv.,Fermentation Tanks (發酵槽),0.0001238465740378,0.0,,,0
Global,Chemical Precursor Suppliers (前驅物),0.0001238465740378,0.0,,,0
Priv.,Specialty Chem Suppliers (特用化學),0.0001238465740378,0.0,,,0
Local,Solvent Suppliers (溶劑),0.0001238465740378,0.0,,,0
AU/NZ,Bovine Tendon Suppliers (牛筋),0.0001238465740378,0.0,,,0
Global,HA Raw Material Suppliers (玻尿酸原料),0.0001238465740378,0.0,,,0
Local,Chemical Reagents (化學試劑),0.0001238465740378,0.0,,,0
Local,Packaging Suppliers (包材),0.0001238465740378,0.0,,,0
TSMC/Others,Semiconductor Fab Waste (半導體廢料),0.0001238465740378,0.0,,,0
Local,E-Waste Recycling (電子廢料),0.0001238465740378,0.0,,,0
Panel Makers,Indium Scrap (銦廢料),0.0001238465740378,0.0,,,0
Global,Precious Metal Traders (貴金屬交易商),0.0001238465740378,0.0,,,0
China/Aus,Rare Earth Suppliers (稀土),0.0001238465740378,0.0,,,0
Global,Fermentation Raw Materials (發酵原料),0.0001238465740378,0.0,,,0
Merck/Others,Chemical Reagents (化學試劑),0.0001238465740378,0.0,,,0
Local,Packaging Suppliers (包材),0.0001238465740378,0.0,,,0
European,Equipment Suppliers (設備),0.0001238465740378,0.0,,,0
ScinoPharm Changshu,Chemical Intermediates (化學中間體),0.0001238465740378,0.0,,,0
Global,Chemical Suppliers (化學原料商),0.0001238465740378,0.0,,,0
Local,Packaging Materials (包材),0.0001238465740378,0.0,,,0
Subsidiary,Shihlien Chemical (實聯化工),0.0001238465740378,0.0,,,0
Global,Silica Sand Suppliers (矽砂),0.0001238465740378,0.0,,,0
Local,Limestone/Dolomite (石灰石),0.0001238465740378,0.0,,,0
Priv.,CPC Corp (台灣中油),0.0001238465740378,0.0,,,0
Priv.,Taipower (台電),0.0001238465740378,0.0,,,0
Global,Clay Suppliers (黏土),0.0001238465740378,0.0,,,0
Self/Import,Glaze Suppliers (釉料),0.0001238465740378,0.0,,,0
Local,Metal Component Suppliers (金屬件),0.0001238465740378,0.0,,,0
Local/China,Electronic Parts (電子件),0.0001238465740378,0.0,,,0
Global,Carbon Fiber Suppliers (碳纖維),0.0001238465740378,0.0,,,0
US/China,Kaolin Suppliers (高嶺土),0.0001238465740378,0.0,,,0
Global,Silica Sand Suppliers (矽砂),0.0001238465740378,0.0,,,0
Local,Limestone Suppliers (石灰石),0.0001238465740378,0.0,,,0
Global,Chemical Suppliers (化學品),0.0001238465740378,0.0,,,0
CPC/Taipower,Natural Gas/Power (能源),0.0001238465740378,0.0,,,0
KNH/Nan Liu,Non-woven Fabric Suppliers (不織布),0.0001238465740378,0.0,,,0
Global,Chemical Ingredients (保養品原料),0.0001238465740378,0.0,,,0
Import,Paper Pulp/Base Paper (紙漿/原紙),0.0001238465740378,0.0,,,0
Local,OEM Manufacturers (代工廠),0.0001238465740378,0.0,,,0
Local,Construction Firms (營造商),0.0001238465740378,0.0,,,0
Local,Local Waste Paper Suppliers (國內回收商),0.0001238465740378,0.0,,,0
Import,US Waste Paper (美國廢紙),0.0001238465740378,0.0,,,0
Import,Japan/EU Waste Paper (日歐廢紙),0.0001238465740378,0.0,,,0
Global,Pulp Suppliers (木漿),0.0001238465740378,0.0,,,0
Global,Coal/Gas Suppliers (煤炭/天然氣),0.0001238465740378,0.0,,,0
Subsidiary,Dayuan Cogen (大園汽電),0.0001238465740378,0.0,,,0
Global,Wood Chip Suppliers (木片),0.0001238465740378,0.0,,,0
Local,Recycled Paper (回收紙),0.0001238465740378,0.0,,,0
Internal,Biomass Energy (生質能),0.0001238465740378,0.0,,,0
Global,Coal Suppliers (燃煤),0.0001238465740378,0.0,,,0
Global,Imported Pulp (進口紙漿),0.0001238465740378,0.0,,,0
Local,Local Waste Paper (國內廢紙),0.0001238465740378,0.0,,,0
US/EU,Imported Waste Paper (進口廢紙),0.0001238465740378,0.0,,,0
Internal,Bio-Energy (生質能),0.0001238465740378,0.0,,,0
Global,Coal Suppliers (燃煤),0.0001238465740378,0.0,,,0
Local,Local Waste Paper (國內廢紙),0.0001238465740378,0.0,,,0
AOCC/JOCC,Imported Waste Paper (進口廢紙),0.0001238465740378,0.0,,,0
Internal,Co-generation Plants (汽電共生),0.0001238465740378,0.0,,,0
Internal,SRF/Biomass (固體再生燃料),0.0001238465740378,0.0,,,0
Global,Chemical Suppliers (化學品),0.0001238465740378,0.0,,,0
Global,Rio Tinto/BHP (澳洲礦商),0.0001238465740378,0.0,,,0
Global,Vale (淡水河谷),0.0001238465740378,0.0,,,0
Global,Met Coal Suppliers (冶金煤),0.0001238465740378,0.0,,,0
Local,Limestone Suppliers (石灰石),0.0001238465740378,0.0,,,0
Global,Equipment Suppliers (設備商),0.0001238465740378,0.0,,,0
Internal/Grid,Energy (能源),0.0001238465740378,0.0,,,0
Global,Imported Scrap Steel (進口廢鋼),0.0001238465740378,0.0,,,0
Local,Local Scrap Steel (國內廢鋼),0.0001238465740378,0.0,,,0
Global,Pig Iron Suppliers (銑鐵),0.0001238465740378,0.0,,,0
Global,Graphite Electrode (石墨電極),0.0001238465740378,0.0,,,0
Priv.,Taipower (台電),0.0001238465740378,0.0,,,0
2014,中鴻,0.0001238465740378,0.0,,,1
Subsidiary,Dragon Steel (中龍),0.0001238465740378,0.0,,,0
Global,Zinc Suppliers (鋅塊),0.0001238465740378,0.0,,,0
Global,Imported HRC (進口熱軋),0.0001238465740378,0.0,,,0
Priv.,Taipower (台電),0.0001238465740378,0.0,,,0
Global/Walsin,Copper Cathode Suppliers (電解銅),0.0001238465740378,0.0,,,0
Global,Zinc/Tin/Nickel Suppliers (鋅/錫/鎳),0.0001238465740378,0.0,,,0
Local/Import,Scrap Copper (廢銅),0.0001238465740378,0.0,,,0
Priv.,Taipower (台電),0.0001238465740378,0.0,,,0
CPC,Natural Gas (天然氣),0.0001238465740378,0.0,,,0
9957,Yusco (燁聯),0.0001238465740378,0.0,,,1
Global,Outokumpu (奧托昆普),0.0001238465740378,0.0,,,0
Internal,Texarkana Plant (德州廠),0.0001238465740378,0.0,,,0
Local,Recycled Aluminum (再生鋁),0.0001238465740378,0.0,,,0
Global,Alcoa/Rio Tinto (鋁錠),0.0001238465740378,0.0,,,0
Global,Nickel Suppliers (鎳礦),0.0001238465740378,0.0,,,0
Subsidiary,Dragon Steel (中龍),0.0001238465740378,0.0,,,0
Global,Imported Steel (進口鋼材),0.0001238465740378,0.0,,,0
Global,Machinery Suppliers (設備商),0.0001238465740378,0.0,,,0
6464.T,Tsubaki Nakashima (椿中島),0.0001238465740378,0.0,,,0
4576,大銀微系統,0.0001238465740378,0.0,,,1
2002.0,China Steel (中鋼),0.0001238465740378,0.0,,,0
1301.0,Formosa Plastics (台塑),0.0001238465740378,0.0,,,0
5401.0,Nippon Steel (日本製鐵),0.0001238465740378,0.0,,,0
4533.0,Seyi (協易機),0.0001238465740378,0.0,,,0
Global,Natural Rubber Suppliers (天然橡膠),0.0001238465740378,0.0,,,0
2103,台橡,0.0001238465740378,0.0,,,1
CSRC/Global,Carbon Black Suppliers (碳煙),0.0001238465740378,0.0,,,0
Global,Tire Cord Suppliers (簾布),0.0001238465740378,0.0,,,0
Global,Steel Cord Suppliers (鋼絲),0.0001238465740378,0.0,,,0
Global,Imported Feedstock (進口油料),0.0001238465740378,0.0,,,0
Recyclers,Pyrolysis Oil Suppliers (熱裂解油),0.0001238465740378,0.0,,,0
Global,Natural Rubber Suppliers (天然橡膠),0.0001238465740378,0.0,,,0
Global,Steel Cord Suppliers (鋼絲簾線),0.0001238465740378,0.0,,,0
2258,鴻華先進-創,0.0001238465740378,0.0,,,1
Global,Nissan Japan (日產),0.0001238465740378,0.0,,,0
Local,Local Parts Suppliers (國內零件廠),0.0001238465740378,0.0,,,0
Global,Cosworth/Bosch (引擎技術),0.0001238465740378,0.0,,,0
1525,江申,0.0001238465740378,0.0,,,1
Internal,Hwa-Ching (華擎機械),0.0001238465740378,0.0,,,0
Global,MEGA Tech (上汽動力),0.0001238465740378,0.0,,,0
Local,Uni-Auto (友聯車材),0.0001238465740378,0.0,,,0
Local,Lioho Machine (六和機械),0.0001238465740378,0.0,,,0
Global,Hyundai Motor (現代汽車),0.0001238465740378,0.0,,,0
Local,Local Auto Parts (國內汽車零件),0.0001238465740378,0.0,,,0
Internal,Internal Mfg (自製零件),0.0001238465740378,0.0,,,0
Local,K-Star (機車零件),0.0001238465740378,0.0,,,0
Local,Rong Mei (戎美),0.0001238465740378,0.0,,,0
2105/2106,Tire Suppliers (輪胎),0.0001238465740378,0.0,,,0
Local,Electronic Parts (電子零件),0.0001238465740378,0.0,,,0
Global/Local,Battery Suppliers (電池),0.0001238465740378,0.0,,,0
Global,Toyota Motor Corp (豐田汽車),0.0001238465740378,0.0,,,0
Global,Hino Motors (日野汽車),0.0001238465740378,0.0,,,0
Subsidiary,Kuozui Motors (國瑞汽車),0.0001238465740378,0.0,,,0
Global,Denso Taiwan (台灣電綜),0.0001238465740378,0.0,,,0
Subsidiary,Carmax (車美仕),0.0001238465740378,0.0,,,0
Subsidiary,Hotai Insurance (和泰產險),0.0001238465740378,0.0,,,0
Global,Engine Manufacturers (主機廠商),0.0001238465740378,0.0,,,0
Local/Global,Marine Equipment (船舶裝備),0.0001238465740378,0.0,,,0
Government,NCSIST (中科院),0.0001238465740378,0.0,,,0
Rainbow,Paint Suppliers (塗料),0.0001238465740378,0.0,,,0
Global,Nissan Motor (日產汽車),0.0001238465740378,0.0,,,0
Global,Infiniti (無限),0.0001238465740378,0.0,,,0
Local,Local Parts Suppliers (零件供應商),0.0001238465740378,0.0,,,0
NXP/Infineon,IC Suppliers (通用晶片),0.0001238465740378,0.0,,,0
Maxell/Murata,Battery Suppliers (電池),0.0001238465740378,0.0,,,0
Local,Plastic Parts (塑膠件),0.0001238465740378,0.0,,,0
Local,PCB Suppliers (印刷電路板),0.0001238465740378,0.0,,,0
Local/Global,Steel Suppliers (鋼材供應商),0.0001238465740378,0.0,,,0
Local,Copper/Brass Suppliers (銅材),0.0001238465740378,0.0,,,0
Local,Aluminum Suppliers (鋁材),0.0001238465740378,0.0,,,0
Global,Machinery Suppliers (加工設備),0.0001238465740378,0.0,,,0
Local,Surface Treatment (表面處理),0.0001238465740378,0.0,,,0
Local/Global,Steel Suppliers (鋼材),0.0001238465740378,0.0,,,0
Global,Motor/Drive Suppliers (馬達/驅動),0.0001238465740378,0.0,,,0
Global,Controller Suppliers (控制器),0.0001238465740378,0.0,,,0
Sensors,Robot Components (機器人零件),0.0001238465740378,0.0,,,0
STM,STMicro (意法半導體),0.0001238465740378,0.0,,,0
AMS,Osram (歐司朗),0.0001238465740378,0.0,,,0
6762,達亞,0.0001238465740378,0.0,,,1
6997,博弘,0.0001238465740378,0.0,,,1
DIOD,Lite-On Semi (敦南/達爾),0.0001238465740378,0.0,,,0
4063,Shin-Etsu (信越化學),0.0001238465740378,0.0,,,1
3436,SUMCO (勝高),0.0001238465740378,0.0,,,1
WAF,Siltronic,0.0001238465740378,0.0,,,0
MRK.DE,Merck (默克),0.0001238465740378,0.0,,,0
4185,JSR Corporation,0.0001238465740378,0.0,,,1
LRCX,Lam Research (科林研發),0.0001238465740378,0.0,,,0
KLAC,KLA (柯磊),0.0001238465740378,0.0,,,0
8035,Tokyo Electron (TEL),0.0001238465740378,0.0,,,1
STM,STMicro (意法半導體),0.0001238465740378,0.0,,,0
MCHP,Microchip,0.0001238465740378,0.0,,,0
6963,ROHM (羅姆),0.0001238465740378,0.0,,,1
6594,Nidec (尼得科),0.0001238465740378,0.0,,,1
Qualcomm/Internal,Chip Suppliers (控制晶片),0.0001238465740378,0.0,,,0
Subsidiary,Cal-Comp Precision (泰金寶精密),0.0001238465740378,0.0,,,0
Local/Thai,PCB Suppliers (電路板),0.0001238465740378,0.0,,,0
Global,Memory Suppliers (記憶體),0.0001238465740378,0.0,,,0
AcBel,Power Supply (電源供應),0.0001238465740378,0.0,,,0
600183.SS,Shengyi (生益科技),0.0001238465740378,0.0,,,0
6727,亞泰金屬,0.0001238465740378,0.0,,,1
Global,Kingboard (建滔),0.0001238465740378,0.0,,,0
Local,Gold/Chemicals (化學品),0.0001238465740378,0.0,,,0
6981,Murata (村田製作所),0.0001238465740378,0.0,,,1
6088.HK,FIT Hon Teng (鴻騰精密),0.0001238465740378,0.0,,,0
6456,GIS-KY,0.0001238465740378,0.0,0.0009664353586409,9.0,1
6753,龍德造船,0.0001238465740378,0.0,,,1
Subsidiary,Henghao Tech (恆顥科技),0.0001238465740378,0.0,,,0
Samsung,Memory Suppliers (記憶體),0.0001238465740378,0.0,,,0
6282,康舒,0.0001238465740378,0.0,0.0048464429837313,128.0,1
4078.T,Sakai Chemical (堺化學),0.0001238465740378,0.0,,,0
Priv.,Ferro (Vibrant),0.0001238465740378,0.0,,,0
Priv.,Kyoritsu (共立),0.0001238465740378,0.0,,,0
Priv.,Shoei Chemical (昭榮),0.0001238465740378,0.0,,,0
6245.T,Hirano (平野),0.0001238465740378,0.0,,,0
6207,雷科,0.0001238465740378,0.0,,,1
Local,Copper Suppliers (銅材),0.0001238465740378,0.0,,,0
Global,PVC/Plastic Suppliers (塑膠),0.0001238465740378,0.0,,,0
Internal/Local,Connector Parts (連接器零件),0.0001238465740378,0.0,,,0
Group,PCB Materials (PCB材料),0.0001238465740378,0.0,,,0
Distributors,IC/Passive (電子元件),0.0001238465740378,0.0,,,0
CWTC/SDI,Leadframe Suppliers (導線架),0.0001238465740378,0.0,,,0
Local,Substrate Suppliers (基板),0.0001238465740378,0.0,,,0
Kioxia/Micron,Wafer (晶圓 - 客供),0.0001238465740378,0.0,,,0
Local,PCB Suppliers (電路板),0.0001238465740378,0.0,,,0
Yageo/Walsin,Passive Components (被動元件),0.0001238465740378,0.0,,,0
TOELY,Tokyo Electron (TEL),0.0001238465740378,0.0,,,0
6857,Advantest,0.0001238465740378,0.0,,,1
7751,Canon,0.0001238465740378,0.0,,,1
7735,SCREEN,0.0001238465740378,0.0,,,1
4004,Resonac,0.0001238465740378,0.0,,,1
5020,JX Advanced Metals,0.0001238465740378,0.0,,,1
ENTG,Entegris,0.0001238465740378,0.0,,,0
6142,友勁,0.0001238465740378,0.0,,,1
Global,ODM Partners (其他代工),0.0001238465740378,0.0,,,0
2369,菱生,0.0001238465740378,0.0,,,1
3436.JP,SUMCO (勝高),0.0001238465740378,0.0,,,0
SDI/Chang Wah,Leadframe Suppliers (導線架),0.0001238465740378,0.0,,,0
4063.JP,Shin-Etsu Quartz (信越石英),0.0001238465740378,0.0,,,0
Local,Crowning Tech (冠橙科技),0.0001238465740378,0.0,,,0
TOK/JSR,Photoresist Suppliers (光阻液),0.0001238465740378,0.0,,,0
Global,Equipment Suppliers (設備商),0.0001238465740378,0.0,,,0
Local,Gases/Chemicals (氣體/化學),0.0001238465740378,0.0,,,0
1773,勝一,0.0001238465740378,0.0,,,1
MRK,Merck (默克),0.0001238465740378,0.0,,,0
8035.T,Tokyo Electron (TEL),0.0001238465740378,0.0,,,0
IBM,IBM,0.0001238465740378,0.0,,,0
Priv.,Kingston (金士頓),0.0001238465740378,0.0,,,0
Land,Land Owners (私地主),0.0001238465740378,0.0,,,0
Private,Fuchin Construction (福清營造),0.0001238465740378,0.0,,,0
Multiple,Partner Developers (合作建商),0.0001238465740378,0.0,,,0
Client,Construction Companies (各大建商),0.0001238465740378,0.0,,,0
Subsidiary,Chao Hsin Metal (朝新金屬),0.0001238465740378,0.0,,,0
5771.JP,Mitsubishi Shindoh (三菱),0.0001238465740378,0.0,,,0
5486.JP,Hitachi Metals (日立金屬),0.0001238465740378,0.0,,,0
8002.JP,Marubeni (丸紅),0.0001238465740378,0.0,,,0
Yamada,Stamping Equipment (沖壓設備),0.0001238465740378,0.0,,,0
Novatek,Driver IC,0.0001238465740378,0.0,,,0
Realtek/Broadcom,Network Chips,0.0001238465740378,0.0,,,0
Samsung,DRAM/Flash,0.0001238465740378,0.0,,,0
Global,Aluminum Suppliers (鋁材),0.0001238465740378,0.0,,,0
CN/Global,Magnesium Suppliers (鎂合金),0.0001238465740378,0.0,,,0
Local,Copper Suppliers (銅材),0.0001238465740378,0.0,,,0
Global,Thermal Interface Mat. (散熱介面),0.0001238465740378,0.0,,,0
Fanuc/Brother,CNC Equipment (加工設備),0.0001238465740378,0.0,,,0
Priv.,Isola,0.0001238465740378,0.0,,,0
Samsung/Hynix,Memory Suppliers,0.0001238465740378,0.0,,,0
Yageo,Passive Components,0.0001238465740378,0.0,,,0
000725,BOE (京東方),0.0001238465740378,0.0,,,0
ROK,Rockwell Automation (羅克威爾),0.0001238465740378,0.0,,,0
Basler,Camera Suppliers,0.0001238465740378,0.0,,,0
Cummins,Generator Suppliers,0.0001238465740378,0.0,,,0
TI/ADI,IC Suppliers,0.0001238465740378,0.0,,,0
Xilinx/Intel,FPGA Suppliers,0.0001238465740378,0.0,,,0
Samtec,Connector Suppliers,0.0001238465740378,0.0,,,0
Local_PCB,PCB Suppliers,0.0001238465740378,0.0,,,0
Delta,Power Module,0.0001238465740378,0.0,,,0
6457,Hycon (紘康),0.0001238465740378,0.0,,,1
Global_IP,Memory IP,0.0001238465740378,0.0,,,0
3645,達邁,0.0001238465740378,0.0,0.0003052813676605,0.0,1
Atotech,Process Chem,0.0001238465740378,0.0,,,0
2383.0,Elite Material Co. (台光電),0.0001238465740378,0.0,,,0
6213.0,ITEQ (聯茂),0.0001238465740378,0.0,,,0
6274.0,TUC (台燿),0.0001238465740378,0.0,,,0
1303.0,Nan Ya (南亞),0.0001238465740378,0.0,,,0
6752.0,Panasonic (松下),0.0001238465740378,0.0,,,0
8358.0,Co-Tech (金居),0.0001238465740378,0.0,,,0
4626.0,Taiyo Ink (太陽油墨),0.0001238465740378,0.0,,,0
1717.0,Eternal (長興),0.0001238465740378,0.0,,,0
Local,Copper Suppliers (銅材),0.0001238465740378,0.0,,,0
Hitachi/Metglas,Amorphous Alloy (非晶質合金),0.0001238465740378,0.0,,,0
Global,IC Suppliers (晶片),0.0001238465740378,0.0,,,0
OV,OmniVision,0.0001238465740378,0.0,,,0
Ability_Inhouse,Lens Suppliers,0.0001238465740378,0.0,,,0
Ambarella,IC Components,0.0001238465740378,0.0,,,0
Local_CN,Aluminum Foil Suppliers,0.0001238465740378,0.0,,,0
Giga_Solar,Metal Paste,0.0001238465740378,0.0,,,0
Motor_Parts,Fan Motor Suppliers,0.0001238465740378,0.0,,,0
Chem_Supplier,Chemicals,0.0001238465740378,0.0,,,0
3715,定穎投控,0.0001238465740378,0.0,,,1
8358.0,Co-Tech (金居),0.0001238465740378,0.0,,,0
1704.0,LCY (李長榮),0.0001238465740378,0.0,,,0
5801.0,Furukawa Electric (古河電工),0.0001238465740378,0.0,,,0
1303.0,Nan Ya (南亞),0.0001238465740378,0.0,,,0
1802.0,TGI (台玻),0.0001238465740378,0.0,,,0
1815.0,Fulltech (富喬),0.0001238465740378,0.0,,,0
3407.0,Asahi Kasei (旭化成),0.0001238465740378,0.0,,,0
4182.0,Mitsubishi Gas Chemical,0.0001238465740378,0.0,,,0
TI/NXP,IC Suppliers,0.0001238465740378,0.0,,,0
Sony/OmniVision,Sensor Suppliers,0.0001238465740378,0.0,,,0
Local_Supplier,Key Switch,0.0001238465740378,0.0,,,0
Everlight,LED Suppliers,0.0001238465740378,0.0,,,0
Yageo,Passive Components,0.0001238465740378,0.0,,,0
5215,科嘉-KY,0.0001238465740378,0.0,,,1
4935,茂林-KY,0.0001238465740378,0.0,,,1
5803.JP,Fujikura (藤倉),0.0001238465740378,0.0,,,0
300115.CN,Changying (長盈精密),0.0001238465740378,0.0,,,0
Global,Foundry Partners (代工夥伴),0.0001238465740378,0.0,,,0
ARM,Arm,0.0001238465740378,0.0,,,0
First_Copper,Copper Suppliers,0.0001238465740378,0.0,,,0
Nan_Ya,Plastic Suppliers,0.0001238465740378,0.0,,,0
Walsin,Cable Materials,0.0001238465740378,0.0,,,0
Local_Plate,Plating Service,0.0001238465740378,0.0,,,0
Power_IC,IC Suppliers,0.0001238465740378,0.0,,,0
600703.SS,San'an Optoelectronics (三安),0.0001238465740378,0.0,,,0
Chang_Wah,Lead Frame Suppliers,0.0001238465740378,0.0,,,0
Intematix,Phosphor Suppliers,0.0001238465740378,0.0,,,0
Tanaka,Wire Suppliers,0.0001238465740378,0.0,,,0
Unimicron/Tripod,PCB Suppliers,0.0001238465740378,0.0,,,0
Samsung/Micron,Memory Suppliers,0.0001238465740378,0.0,,,0
Arm,IP Suppliers,0.0001238465740378,0.0,,,0
Taimide,PI Film Suppliers,0.0001238465740378,0.0,,,0
Nan_Ya,Copper Foil,0.0001238465740378,0.0,,,0
Local_Mat,Keypad Materials,0.0001238465740378,0.0,,,0
SMT_Equip,Equipment,0.0001238465740378,0.0,,,0
Local,Sub-contractors (協力廠商),0.0001238465740378,0.0,,,0
Global/Local,Equipment Vendors (設備商),0.0001238465740378,0.0,,,0
Local,Material Suppliers (材料商),0.0001238465740378,0.0,,,0
Priv.,Formosa Daikin (台塑大金),0.0001238465740378,0.0,,,0
GLW,Corning (康寧),0.0001238465740378,0.0,,,0
6854,錼創科技-KY創,0.0001238465740378,0.0,,,1
NOK,Nokia (諾基亞),0.0001238465740378,0.0,,,0
China Steel,Steel Suppliers (鋼鐵廠),0.0001238465740378,0.0,,,0
Local,Copper Suppliers (銅材廠),0.0001238465740378,0.0,,,0
Nan Ya,Plastic Suppliers (塑膠廠),0.0001238465740378,0.0,,,0
Rohm/Global,Driver IC (驅動IC),0.0001238465740378,0.0,,,0
China,Magnet Suppliers (磁鐵),0.0001238465740378,0.0,,,0
Local/Japan,Bearing Suppliers (軸承),0.0001238465740378,0.0,,,0
1809,中釉,0.0001238465740378,0.0,,,1
Global,Metal Paste Suppliers (漿料廠),0.0001238465740378,0.0,,,0
Local,Wire Suppliers (線材廠),0.0001238465740378,0.0,,,0
Local,Chemical Suppliers (化學品),0.0001238465740378,0.0,,,0
4943,康控-KY,0.0001238465740378,0.0,,,1
China,Magnet Suppliers (磁鐵廠),0.0001238465740378,0.0,,,0
Local,Coil Suppliers (線圈廠),0.0001238465740378,0.0,,,0
Local,Plastic Suppliers (塑膠廠),0.0001238465740378,0.0,,,0
5285,界霖,0.0001238465740378,0.0,,,1
Tanaka,Gold Wire Suppliers (金線廠),0.0001238465740378,0.0,,,0
6857.T,Advantest (愛德萬),0.0001238465740378,0.0,,,0
6510,精測,0.0001238465740378,0.0,0.0023635980074796,58.0,1
FORM,FormFactor,0.0001238465740378,0.0,,,0
7769,Hon Precision (鴻勁),0.0001238465740378,0.0,,,1
Priv.,Dyson (戴森),0.0001238465740378,0.0,,,0
000660,SK Hynix (海力士),0.0001238465740378,0.0,,,0
Priv.,Freiberger (弗萊堡),0.0001238465740378,0.0,,,0
5802.T,Sumitomo Electric (住友電工),0.0001238465740378,0.0,,,0
Global,Metalorganic Suppliers (MO源),0.0001238465740378,0.0,,,0
Local,Transformer Suppliers (變壓器),0.0001238465740378,0.0,,,0
Global/Local,Capacitor Suppliers (電容),0.0001238465740378,0.0,,,0
Infineon/Onsemi,Semi Suppliers (功率半導體),0.0001238465740378,0.0,,,0
Priv.,Key Foundry (MagnaChip),0.0001238465740378,0.0,,,0
Priv.,Mutto (介面光電),0.0001238465740378,0.0,,,0
3622,洋華,0.0001238465740378,0.0,,,1
Global,Market/Scrap Metal (廢銅回收),0.0001238465740378,0.0,,,0
German/Japan,Equipment Suppliers (設備商),0.0001238465740378,0.0,,,0
Priv.,Syntec (新代科技),0.0001238465740378,0.0,,,0
Priv.,Mirle-Eng (盟英科技),0.0001238465740378,0.0,,,0
Global,Servo Motor Suppliers (伺服馬達),0.0001238465740378,0.0,,,0
Keyence/Omron,Sensor Suppliers (感測器),0.0001238465740378,0.0,,,0
Priv.,Ablecom (大訊),0.0001238465740378,0.0,,,0
Priv.,Compuware (肯微),0.0001238465740378,0.0,,,0
6640,均華,0.0001238465740378,0.0,,,1
Local,Component Suppliers (零組件廠),0.0001238465740378,0.0,,,0
Local,Material Suppliers (材料商),0.0001238465740378,0.0,,,0
Priv.,SWIFT,0.0001238465740378,0.0,,,0
6175,立敦,0.0001238465740378,0.0,,,1
600673,HEC (東陽光),0.0001238465740378,0.0,,,0
Local,Material Suppliers (其他材料),0.0001238465740378,0.0,,,0
Global,Aluminum Suppliers (鋁錠廠),0.0001238465740378,0.0,,,0
Local,Machine Tool Suppliers (工具機),0.0001238465740378,0.0,,,0
NTAP,NetApp,0.0001238465740378,0.0,,,0
Global,Wafer Suppliers (晶圓供應商),0.0001238465740378,0.0,,,0
Discre,Equipment Suppliers (設備商),0.0001238465740378,0.0,,,0
NXP/ST,IC Suppliers (晶片供應商),0.0001238465740378,0.0,,,0
AUO/Innolux,Panel Suppliers (面板廠),0.0001238465740378,0.0,,,0
Local,PCB Suppliers (電路板),0.0001238465740378,0.0,,,0
Local,Plastic/Case (機構件),0.0001238465740378,0.0,,,0
Local,Copper Suppliers (銅材廠),0.0001238465740378,0.0,,,0
Global,Indium Suppliers (銦片供應商),0.0001238465740378,0.0,,,0
Local/Jp,Electroplating Chemicals (電鍍液),0.0001238465740378,0.0,,,0
Tech,Graphene Suppliers (石墨烯),0.0001238465740378,0.0,,,0
Priv.,Shoei Chemical (昭榮),0.0001238465740378,0.0,,,0
Priv.,NCI Chemical,0.0001238465740378,0.0,,,0
Priv.,DCT Material (韓國DCT),0.0001238465740378,0.0,,,0
4966.T,Uemura (上村工業),0.0001238465740378,0.0,,,0
M5Z.DE,Manz,0.0001238465740378,0.0,,,0
Local,Local Suppliers (國內供應商),0.0001238465740378,0.0,,,0
Local/CN,Optical Lens Suppliers (光學鏡片),0.0001238465740378,0.0,,,0
AUO/Innolux,TFT-LCD Suppliers (面板廠),0.0001238465740378,0.0,,,0
Global,IC Suppliers (晶片供應商),0.0001238465740378,0.0,,,0
Local,Mechanism Suppliers (機構件),0.0001238465740378,0.0,,,0
Priv.,San Ching (三井工程),0.0001238465740378,0.0,,,0
2504,國產,0.0001238465740378,0.0,,,1
8463,潤泰材,0.0001238465740378,0.0,,,1
Priv.,Pin Hsing (品興營造),0.0001238465740378,0.0,,,0
Local,Cement Suppliers (水泥廠),0.0001238465740378,0.0,,,0
Local,Steel Suppliers (鋼筋廠),0.0001238465740378,0.0,,,0
Yungtay/Toshiba,Elevator Suppliers (電梯廠),0.0001238465740378,0.0,,,0
010140.KS,Samsung Heavy Ind (三星重工),0.0001238465740378,0.0,,,0
Priv.,Imabari Shipbuilding (今治造船),0.0001238465740378,0.0,,,0
Priv.,Hudong-Zhonghua (滬東中華),0.0001238465740378,0.0,,,0
Gov,CPC Corp (中油),0.0001238465740378,0.0,,,0
Priv.,Textainer,0.0001238465740378,0.0,,,0
Priv.,Oshima Shipbuilding (大島造船),0.0001238465740378,0.0,,,0
7014.T,Namura (名村造船),0.0001238465740378,0.0,,,0
Global,Second-hand Market (二手船市),0.0001238465740378,0.0,,,0
Global,Fuel Suppliers (燃油供應商),0.0001238465740378,0.0,,,0
600150.SS,Shanghai Waigaoqiao (上海外高橋),0.0001238465740378,0.0,,,0
Priv.,Oshima Shipbuilding (大島造船),0.0001238465740378,0.0,,,0
Priv.,New Dayang (新大洋造船),0.0001238465740378,0.0,,,0
Gov,CPC Corp (中油),0.0001238465740378,0.0,,,0
329180.KS,Hyundai Heavy Ind (現代重工),0.0001238465740378,0.0,,,0
Priv.,Imabari Shipbuilding (今治造船),0.0001238465740378,0.0,,,0
TRTN,Triton International,0.0001238465740378,0.0,,,0
Priv.,Textainer,0.0001238465740378,0.0,,,0
GE,GE Aerospace (奇異),0.0001238465740378,0.0,,,0
Gov,CPC Corp (中油),0.0001238465740378,0.0,,,0
NESTE.HE,Neste,0.0001238465740378,0.0,,,0
Priv.,TAMECO (台灣飛機維修),0.0001238465740378,0.0,,,0
Priv.,HAECO (港機工程),0.0001238465740378,0.0,,,0
VWAPY,Scania (斯堪尼亞),0.0001238465740378,0.0,,,0
VOLV-B.ST,Volvo Trucks,0.0001238465740378,0.0,,,0
Gov,CPC Corp (中油),0.0001238465740378,0.0,,,0
Priv.,JMU (日本聯合造船),0.0001238465740378,0.0,,,0
009540.KS,HD Hyundai Samho (現代三湖),0.0001238465740378,0.0,,,0
Global,Container Leasing (租櫃公司),0.0001238465740378,0.0,,,0
GE,GE Aerospace (奇異),0.0001238465740378,0.0,,,0
2645,長榮航太,0.0001238465740378,0.0,,,1
Gov,CPC Corp (中油),0.0001238465740378,0.0,,,0
5021.T,COSMO Oil,0.0001238465740378,0.0,,,0
Priv.,Ye Fong Aluminum (燁鋒輕合金),0.0001238465740378,0.0,,,0
Priv.,CSM (中鋼精材),0.0001238465740378,0.0,,,0
6618,UHT (永虹先進),0.0001238465740378,0.0,,,1
SYENS.BR,Solvay/SYENSQO,0.0001238465740378,0.0,,,0
Local/Global,Forging/Casting Suppliers (鍛鑄件廠),0.0001238465740378,0.0,,,0
Priv.,Imabari Shipbuilding (今治造船),0.0001238465740378,0.0,,,0
Priv.,Tsuneishi Shipbuilding (常石造船),0.0001238465740378,0.0,,,0
Priv.,Oshima Shipbuilding (大島造船),0.0001238465740378,0.0,,,0
Global,Fuel Suppliers (燃油供應商),0.0001238465740378,0.0,,,0
Priv.,THL (欣臨企業),0.0001238465740378,0.0,,,0
Local,Local Farmers (在地小農),0.0001238465740378,0.0,,,0
Various,Beverage Suppliers (酒水商),0.0001238465740378,0.0,,,0
Group,Wellspring SPA (沐蘭),0.0001238465740378,0.0,,,0
Luxury,Hermès/Diptyque,0.0001238465740378,0.0,,,0
BKNG/Klook,OTAs (訂房平台),0.0001238465740378,0.0,,,0
Global,Coffee Bean Suppliers (咖啡豆供應商),0.0001238465740378,0.0,,,0
Internal,Central Kitchen (自建央廚),0.0001238465740378,0.0,,,0
Local,Dairy Suppliers (乳源供應商),0.0001238465740378,0.0,,,0
Local,Sugar/Syrup Suppliers (糖漿供應商),0.0001238465740378,0.0,,,0
Local,Packaging Suppliers (包材廠),0.0001238465740378,0.0,,,0
Global,US Beef Suppliers (美國牛肉商),0.0001238465740378,0.0,,,0
Global,Aus Beef Suppliers (澳洲牛肉商),0.0001238465740378,0.0,,,0
Local,Local Fishermen (在地漁會),0.0001238465740378,0.0,,,0
Local,Local Farmers (契約農戶),0.0001238465740378,0.0,,,0
Subsidiary,Wan Xian (萬鮮),0.0001238465740378,0.0,,,0
2646,星宇航空,0.0001238465740378,0.0,,,1
6757,台灣虎航,0.0001238465740378,0.0,,,1
4755.T,Rakuten Travel (樂天旅遊),0.0001238465740378,0.0,,,0
NCLH,Norwegian Cruise (挪威郵輪),0.0001238465740378,0.0,,,0
CCL,Costa Cruises (歌詩達),0.0001238465740378,0.0,,,0
AMS.MC,Amadeus,0.0001238465740378,0.0,,,0
UIS,Unisys (台灣優利),0.0001238465740378,0.0,,,0
2453,凌群,0.0001238465740378,0.0,,,1
Public,Depositors (存款戶),0.0001238465740378,0.0,,,0
Gov,Central Bank (央行),0.0001238465740378,0.0,,,0
MUV2.DE,Munich Re (慕尼黑再保),0.0001238465740378,0.0,,,0
SREN.SW,Swiss Re (瑞士再保),0.0001238465740378,0.0,,,0
Global,Capital Markets (資本市場),0.0001238465740378,0.0,,,0
Group,Evergreen Group (長榮集團),0.0001238465740378,0.0,,,0
Public,Depositors (存款戶),0.0001238465740378,0.0,,,0
Various,Fund Houses (投信公司),0.0001238465740378,0.0,,,0
Global,Reinsurers (再保公司),0.0001238465740378,0.0,,,0
6811,宏碁資訊,0.0001238465740378,0.0,,,1
Public,Depositors (存款戶),0.0001238465740378,0.0,,,0
Global,Reinsurers (再保公司),0.0001238465740378,0.0,,,0
Various,Fund Houses (投信),0.0001238465740378,0.0,,,0
Public,Depositors (存款戶),0.0001238465740378,0.0,,,0
Global,Reinsurers (再保公司),0.0001238465740378,0.0,,,0
Various,Fund Houses (投信),0.0001238465740378,0.0,,,0
Public,Depositors (存款戶),0.0001238465740378,0.0,,,0
Global,Capital Markets (資本市場),0.0001238465740378,0.0,,,0
Global,Reinsurers (再保公司),0.0001238465740378,0.0,,,0
Public,Depositors (存款戶),0.0001238465740378,0.0,,,0
Various,Fund Houses (投信),0.0001238465740378,0.0,,,0
Public,Depositors (存款戶),0.0001238465740378,0.0,,,0
Global,Capital Markets (資本市場),0.0001238465740378,0.0,,,0
Various,Fund Houses (投信),0.0001238465740378,0.0,,,0
6183,關貿,0.0001238465740378,0.0,,,1
Public,Depositors (存款戶),0.0001238465740378,0.0,,,0
Gov,Central Bank (央行),0.0001238465740378,0.0,,,0
Global,Capital Markets (資本市場),0.0001238465740378,0.0,,,0
Private,Pershing (北祥科技),0.0001238465740378,0.0,,,0
Public,Depositors (存款戶),0.0001238465740378,0.0,,,0
Various,Fund Houses (投信),0.0001238465740378,0.0,,,0
TEMN,Temenos,0.0001238465740378,0.0,,,0
Public,Depositors (存款戶),0.0001238465740378,0.0,,,0
Various,Fund Houses (投信),0.0001238465740378,0.0,,,0
SAP,SAP,0.0001238465740378,0.0,,,0
Public,Depositors (存款戶),0.0001238465740378,0.0,,,0
Various,Fund Houses (投信),0.0001238465740378,0.0,,,0
6163,華電網,0.0001238465740378,0.0,,,1
Public,Depositors (存款戶),0.0001238465740378,0.0,,,0
Gov,Central Bank (央行),0.0001238465740378,0.0,,,0
Various,Fund Houses (投信),0.0001238465740378,0.0,,,0
KER.PA,Kering Group (開雲集團),0.0001238465740378,0.0,,,0
EL,Estee Lauder (雅詩蘭黛),0.0001238465740378,0.0,,,0
Gov,Taipower (台電),0.0001238465740378,0.0,,,0
Group,Far Eastern General Contractor (遠東建經),0.0001238465740378,0.0,,,0
1702,南僑,0.0001238465740378,0.0,,,1
Private,President Transnet (統一速達),0.0001238465740378,0.0,,,0
Private,Retail Support (捷盟行銷),0.0001238465740378,0.0,,,0
Private,Textile OEMs (成衣代工廠),0.0001238465740378,0.0,,,0
Various,Fabric Suppliers (布料廠),0.0001238465740378,0.0,,,0
5874,Nan Shan Life (南山人壽),0.0001238465740378,0.0,,,1
Brands,Nautica/Eden Park,0.0001238465740378,0.0,,,0
Private,Chang Chun Plastics (長春化工),0.0001238465740378,0.0,,,0
Various,Machine Tool Suppliers (工具機廠),0.0001238465740378,0.0,,,0
CRS,Carpenter Tech,0.0001238465740378,0.0,,,0
Global,Harkness / Others,0.0001238465740378,0.0,,,0
Various,Heat Treatment Partners (熱處理廠),0.0001238465740378,0.0,,,0
AUO/Innolux,Panel Suppliers (面板廠),0.0001238465740378,0.0,,,0
Global,Magnesium Alloy Suppliers (鎂合金供應商),0.0001238465740378,0.0,,,0
Formosa,Plastic Resin Suppliers (塑膠粒供應商),0.0001238465740378,0.0,,,0
688249.SH,Hefei Nexchip (合肥晶合),0.0001238465740378,0.0,,,0
8131,福懋科,0.0001238465740378,0.0,,,1
4205.T,Zeon (瑞翁),0.0001238465740378,0.0,,,0
Priv.,Polyplastics (寶理),0.0001238465740378,0.0,,,0
4183.T,Mitsui Chemicals (三井化學),0.0001238465740378,0.0,,,0
4185.T,JSR,0.0001238465740378,0.0,,,0
6143.T,Sodick (沙迪克),0.0001238465740378,0.0,,,0
6384.T,Showa Shinku (昭和真空),0.0001238465740378,0.0,,,0
6235.T,Optorun (光馳),0.0001238465740378,0.0,,,0
Global,Aluminum Suppliers (鋁材供應商),0.0001238465740378,0.0,,,0
Various,Cooling Component Partners (液冷零組件廠),0.0001238465740378,0.0,,,0
Delta/Sunon,Fan Suppliers (風扇供應商),0.0001238465740378,0.0,,,0
3436.T,Sumco (勝高),0.0001238465740378,0.0,,,0
WOLF,Wolfspeed,0.0001238465740378,0.0,,,0
6963.T,ROHM (羅姆),0.0001238465740378,0.0,,,0
4004.T,Resonac (昭和電工),0.0001238465740378,0.0,,,0
NDA,Aurubis,0.0001238465740378,0.0,,,0
5711,Mitsubishi Materials,0.0001238465740378,0.0,,,1
6479,MinebeaMitsumi,0.0001238465740378,0.0,,,1
DOW,Dow (陶氏化學),0.0001238465740378,0.0,,,0
5218.T,Ohara (小原光學),0.0001238465740378,0.0,,,0
Private,Schott (蕭特),0.0001238465740378,0.0,,,0
Various,Plastic Resin Suppliers (塑膠粒廠),0.0001238465740378,0.0,,,0
Private,OmniVision (豪威),0.0001238465740378,0.0,,,0
Various,Memory Suppliers (記憶體廠),0.0001238465740378,0.0,,,0
6806.T,Hirose (廣瀨),0.0001238465740378,0.0,,,0
APH,Amphenol (安費諾),0.0001238465740378,0.0,,,0
Various,Copper Suppliers (銅材廠),0.0001238465740378,0.0,,,0
6779.T,NDK (日本電波),0.0001238465740378,0.0,,,0
Private,Ferro,0.0001238465740378,0.0,,,0
Private,Shoei Chemical (昭榮化學),0.0001238465740378,0.0,,,0
SEDG,SolarEdge,0.0001238465740378,0.0,,,0
Private,Growatt (古瑞瓦特),0.0001238465740378,0.0,,,0
Broadcom/Qualcomm,Chip Suppliers (晶片廠),0.0001238465740378,0.0,,,0
Yageo/Walsin,Passive Component Suppliers (被動元件廠),0.0001238465740378,0.0,,,0
BSL,Basler,0.0001238465740378,0.0,,,0
Various,Optical Lens Suppliers (光學鏡頭廠),0.0001238465740378,0.0,,,0
HIWIN (上銀),Linear Guide Suppliers (導軌廠),0.0001238465740378,0.0,,,0
Advantech (研華),Industrial PC Suppliers (工業電腦廠),0.0001238465740378,0.0,,,0
Hamamatsu,X-Ray Source Suppliers (X光光源),0.0001238465740378,0.0,,,0
Various,Steel Suppliers (鋼材供應商),0.0001238465740378,0.0,,,0
Sunon (建準),Fan Suppliers (風扇廠),0.0001238465740378,0.0,,,0
Lelon (立隆),Capacitor Suppliers (電容廠),0.0001238465740378,0.0,,,0
Various,IC Suppliers (晶片廠),0.0001238465740378,0.0,,,0
STM,STMicroelectronics (意法),0.0001238465740378,0.0,,,0
2802.T,Ajinomoto (味之素),0.0001238465740378,0.0,,,0
5706.T,Mitsui Mining (三井金屬),0.0001238465740378,0.0,,,0
MKSI,Atotech (MKS),0.0001238465740378,0.0,,,0
Priv.,Schmoll,0.0001238465740378,0.0,,,0
6361.T,Ebara (荏原),0.0001238465740378,0.0,,,0
6971.T,Kyocera (京瓷),0.0001238465740378,0.0,,,0
5334.T,NGK/NTK,0.0001238465740378,0.0,,,0
Various,Quartz Material Suppliers (石英材料廠),0.0001238465740378,0.0,,,0
Various,Metal Lid Suppliers (金屬上蓋廠),0.0001238465740378,0.0,,,0
6664,群翊,0.0001238465740378,0.0,,,1
AUO/Innolux,Panel Suppliers (面板廠),0.0001238465740378,0.0,,,0
6664.T,OPTOELECTRONICS,0.0001238465740378,0.0,,,0
3405.T,Kuraray (可樂麗),0.0001238465740378,0.0,,,0
4901.T,Fujifilm (富士軟片),0.0001238465740378,0.0,,,0
4902.T,Konica Minolta,0.0001238465740378,0.0,,,0
Private,Dahua (達輝),0.0001238465740378,0.0,,,0
Subsidiary,Polytronics (聚晶),0.0001238465740378,0.0,,,0
Various,Lens Suppliers (鏡頭廠),0.0001238465740378,0.0,,,0
6449,鈺邦,0.0001238465740378,0.0,0.0022818657400789,55.0,1
Private,Grenergy (綠達),0.0001238465740378,0.0,,,0
Various,Fan Suppliers (風扇廠),0.0001238465740378,0.0,,,0
AXTI,AXT (通美晶體),0.0001238465740378,0.0,,,0
Priv.,Freiberger,0.0001238465740378,0.0,,,0
LIN,Linde (林德/聯華氣體),0.0001238465740378,0.0,,,0
AIXA,Aixtron (愛思強),0.0001238465740378,0.0,,,0
VECO,Veeco,0.0001238465740378,0.0,,,0
6997.T,Nippon Chemi-Con (日本佳美工),0.0001238465740378,0.0,,,0
YAGEO (2327),KEMET (基美),0.0001238465740378,0.0,,,0
009150.KS,Samsung Electro-Mechanics (三星電機),0.0001238465740378,0.0,,,0
IQE.L,IQE,0.0001238465740378,0.0,,,0
Private,Freiberger,0.0001238465740378,0.0,,,0
Zero One (3029),System Integrators (系統整合商),0.0001238465740378,0.0,,,0
Subsidiary,Tianhong (添鴻科技),0.0001238465740378,0.0,,,0
Private,Sigray,0.0001238465740378,0.0,,,0
Local/Global,Component Suppliers (零件供應商),0.0001238465740378,0.0,,,0
Chemical,Raw Material Suppliers (化學原料),0.0001238465740378,0.0,,,0
FOE,Ferro,0.0001238465740378,0.0,,,0
Private,Heraeus (賀利氏),0.0001238465740378,0.0,,,0
Local,Local Material Suppliers,0.0001238465740378,0.0,,,0
Raw Material,Aluminum Smelters (鋁熔煉廠),0.0001238465740378,0.0,,,0
Subsidiary,Recycling Partners (回收鋁),0.0001238465740378,0.0,,,0
Local,Mold/Die Suppliers (模具供應商),0.0001238465740378,0.0,,,0
Global,Equipment Suppliers (加工設備),0.0001238465740378,0.0,,,0
6426,統新,0.0001238465740378,0.0,,,1
Corning/Others,Fiber Suppliers,0.0001238465740378,0.0,,,0
Local/China,Connector Parts,0.0001238465740378,0.0,,,0
4182.T,Mitsubishi Gas Chemical,0.0001238465740378,0.0,,,0
Global,Equipment Suppliers,0.0001238465740378,0.0,,,0
006400.KS,Samsung SDI (三星SDI),0.0001238465740378,0.0,,,0
373220.KS,LG Energy Solution,0.0001238465740378,0.0,,,0
TI/RichWave,Protection IC Suppliers,0.0001238465740378,0.0,,,0
AUO/Innolux,Panel Suppliers (面板廠),0.0001238465740378,0.0,,,0
Micron/Samsung,Memory Suppliers (記憶體廠),0.0001238465740378,0.0,,,0
Local,Chassis Makers (機殼廠),0.0001238465740378,0.0,,,0
Dynapack (3211),Battery Suppliers,0.0001238465740378,0.0,,,0
Raw Material,Metal Material Suppliers (金屬材料商),0.0001238465740378,0.0,,,0
Raw Material,Plastic Resin Suppliers (塑膠粒商),0.0001238465740378,0.0,,,0
Internal/Local,Plating Service (電鍍廠),0.0001238465740378,0.0,,,0
Global,Equipment Suppliers (設備商),0.0001238465740378,0.0,,,0
AFX.DE,Carl Zeiss Meditec (蔡司),0.0001238465740378,0.0,,,0
ALC,Alcon (愛爾康),0.0001238465740378,0.0,,,0
1734,杏輝,0.0001238465740378,0.0,,,1
Subsidiary,Siliconware (矽品),0.0001238465740378,0.0,,,0
Andes/Internal,IP Providers,0.0001238465740378,0.0,,,0
6740,JDI (日本顯示器),0.0001238465740378,0.0,,,1
Transcend(6251)?,Packaging Firms (封測廠),0.0001238465740378,0.0,,,0
COHU,Cohu,0.0001238465740378,0.0,,,0
Local,Materials Suppliers (材料商),0.0001238465740378,0.0,,,0
Unimicron/Kinsus,Substrate Suppliers (載板廠),0.0001238465740378,0.0,,,0
Private,Incal Technology,0.0001238465740378,0.0,,,0
Local,Local Equipment Suppliers,0.0001238465740378,0.0,,,0
Private,Zotac (索泰),0.0001238465740378,0.0,,,0
Raw Material,Global Tin Suppliers (全球錫礦商),0.0001238465740378,0.0,,,0
Raw Material,Silver Suppliers (白銀供應商),0.0001238465740378,0.0,,,0
Chemicals,Chemical Suppliers (助焊劑原料),0.0001238465740378,0.0,,,0
Raw Material,Copper Suppliers (銅供應商),0.0001238465740378,0.0,,,0
UBXN,U-blox,0.0001238465740378,0.0,,,0
STM,STM (意法半導體),0.0001238465740378,0.0,,,0
Raw Material,Copper Suppliers (銅材供應商),0.0001238465740378,0.0,,,0
Raw Material,Aluminum Suppliers (鋁材供應商),0.0001238465740378,0.0,,,0
Subsidiary,Zehong (澤鴻 - 子公司),0.0001238465740378,0.0,,,0
Subsidiary,Peihong (霈鴻 - 子公司),0.0001238465740378,0.0,,,0
6594.T,Nidec (尼得科),0.0001238465740378,0.0,,,0
Raw Material,Copper Suppliers (銅材供應商),0.0001238465740378,0.0,,,0
Raw Material,Aluminum Suppliers (鋁材供應商),0.0001238465740378,0.0,,,0
8075.T,Shinsho Corporation (神商),0.0001238465740378,0.0,,,0
Local,Fan Component Suppliers,0.0001238465740378,0.0,,,0
Private,OmniVision (豪威),0.0001238465740378,0.0,,,0
Local,Lens Suppliers (光學鏡頭廠),0.0001238465740378,0.0,,,0
Raw Material,Plastic Resin Suppliers (光學塑膠),0.0001238465740378,0.0,,,0
Local,Equipment Suppliers (光學設備),0.0001238465740378,0.0,,,0
Local,Mold Makers (模具廠),0.0001238465740378,0.0,,,0
Elan/FocalTech,IC Suppliers (感測與觸控IC),0.0001238465740378,0.0,,,0
6789,采鈺,0.0001238465740378,0.0,,,1
ASM/K&S,Equipment Suppliers (設備商),0.0001238465740378,0.0,,,0
Raw Material,Material Suppliers (材料商),0.0001238465740378,0.0,,,0
MPI/Chunghwa,Probe Card Suppliers (探針卡),0.0001238465740378,0.0,,,0
Nippon Steel/CSC,Steel Suppliers (鋼材供應商),0.0001238465740378,0.0,,,0
BASF/Epson,MIM Powder Suppliers (金屬粉末),0.0001238465740378,0.0,,,0
Shimadzu,Equipment Suppliers (燒結設備),0.0001238465740378,0.0,,,0
Local,Precision Tooling (精密模具),0.0001238465740378,0.0,,,0
Local,Plating Suppliers (電鍍廠),0.0001238465740378,0.0,,,0
Local,PCB Suppliers (印刷電路板),0.0001238465740378,0.0,,,0
Yageo/Walsin,Passive Components (被動元件),0.0001238465740378,0.0,,,0
9532.T,Osaka Gas Chemicals (大阪瓦斯化學),0.0001238465740378,0.0,,,0
SR,Sabic,0.0001238465740378,0.0,,,0
5486.T,Hitachi Metals (日立金屬),0.0001238465740378,0.0,,,0
Priv.,Assab (一勝百),0.0001238465740378,0.0,,,0
Priv.,Cheng Fwa (正華),0.0001238465740378,0.0,,,0
Raw Material,Aluminum/Steel Suppliers,0.0001238465740378,0.0,,,0
Local,Precision Machining Shops,0.0001238465740378,0.0,,,0
Chemicals,Specialty Chemical Suppliers,0.0001238465740378,0.0,,,0
Distributors,Electronic Component Suppliers,0.0001238465740378,0.0,,,0
THK/HIWIN,Linear Motion Suppliers,0.0001238465740378,0.0,,,0
AUO/Innolux,LCD Panel Suppliers (面板廠),0.0001238465740378,0.0,,,0
Local,Chassis Makers (機殼廠),0.0001238465740378,0.0,,,0
SNPS,Synopsys (新思科技),0.0001238465740378,0.0,,,0
CDNS,Cadence (益華電腦),0.0001238465740378,0.0,,,0
ASE/Amkor,Packaging/Testing (封測廠),0.0001238465740378,0.0,,,0
Private,Source Photonics (源傑 - 子公司),0.0001238465740378,0.0,,,0
Local/Global,Wafer Foundries (晶圓代工),0.0001238465740378,0.0,,,0
Sumitomo/Kyocera,Packaging Materials (封裝材料),0.0001238465740378,0.0,,,0
Local,Optical Components (光學元件),0.0001238465740378,0.0,,,0
Semtech/Macom,IC Suppliers (驅動IC),0.0001238465740378,0.0,,,0
Private,Kneron (耐能),0.0001238465740378,0.0,,,0
AMBA,Ambarella (安霸),0.0001238465740378,0.0,,,0
Local,Lens Suppliers (鏡頭廠),0.0001238465740378,0.0,,,0
Private,Chengping Tech (誠屏 - 子公司),0.0001238465740378,0.0,,,0
AUO/Innolux,Panel Suppliers (面板廠),0.0001238465740378,0.0,,,0
Local,IPC Component Suppliers,0.0001238465740378,0.0,,,0
4961,天鈺,0.0001238465740378,0.0,,,1
3585,Lien Chih (聯致),0.0001238465740378,0.0,,,1
8064,東捷,0.0001238465740378,0.0,,,1
6479.JP,MinebeaMitsumi (美倍亞三美),0.0001238465740378,0.0,,,0
6594.JP,Nidec (尼得科),0.0001238465740378,0.0,,,0
First Copper (2009),Copper Suppliers (銅材廠),0.0001238465740378,0.0,,,0
Global,Aluminum Suppliers (鋁材廠),0.0001238465740378,0.0,,,0
Weltrend (2436),IC Suppliers (控制IC),0.0001238465740378,0.0,,,0
Local,Metal Machining Shops (精密加工廠),0.0001238465740378,0.0,,,0
Local,Plating Services (電鍍廠),0.0001238465740378,0.0,,,0
Global,Copper/Aluminum Suppliers,0.0001238465740378,0.0,,,0
Global,Resonator Materials,0.0001238465740378,0.0,,,0
Local/Global,Connector Suppliers,0.0001238465740378,0.0,,,0
Samsung/SK Hynix,Memory Suppliers (記憶體廠),0.0001238465740378,0.0,,,0
Local,PCB Suppliers (印刷電路板),0.0001238465740378,0.0,,,0
4043.JP,Tokuyama (德山),0.0001238465740378,0.0,,,0
Global,Graphite/Consumables,0.0001238465740378,0.0,,,0
Global,Slurry Suppliers,0.0001238465740378,0.0,,,0
Global,Plastic Resin Suppliers (塑膠粒),0.0001238465740378,0.0,,,0
Local,Plating Chemicals,0.0001238465740378,0.0,,,0
Global,Mold Steel Suppliers,0.0001238465740378,0.0,,,0
Local,Equipment Suppliers,0.0001238465740378,0.0,,,0
Basler/Tamron,Optical Lens Suppliers,0.0001238465740378,0.0,,,0
Hiwin,Linear Guide,0.0001238465740378,0.0,,,0
Coherent,Laser Source,0.0001238465740378,0.0,,,0
Delta/Yaskawa,Motion Control,0.0001238465740378,0.0,,,0
Advantech,Industrial PC,0.0001238465740378,0.0,,,0
ASE/ChipMOS,Backend Houses (封測廠),0.0001238465740378,0.0,,,0
Taiwan Mask (2338),Mask Suppliers (光罩廠),0.0001238465740378,0.0,,,0
ARM/Synopsys,IP Suppliers (IP授權),0.0001238465740378,0.0,,,0
Local,Steel/Metal Suppliers,0.0001238465740378,0.0,,,0
Internal,MIM Process (自製),0.0001238465740378,0.0,,,0
Local,Plating Services (電鍍廠),0.0001238465740378,0.0,,,0
Global,Plastic Suppliers (塑膠廠),0.0001238465740378,0.0,,,0
Local,Mold Makers (模具廠),0.0001238465740378,0.0,,,0
3605,宏致,0.0001238465740378,0.0,,,1
Private,OmniVision (豪威),0.0001238465740378,0.0,,,0
300136.SZ,Shenzhen Sunway (信維),0.0001238465740378,0.0,,,0
Local,PCB Suppliers (印刷電路板),0.0001238465740378,0.0,,,0
Basler/Local,Optical Lens Suppliers (光學鏡頭),0.0001238465740378,0.0,,,0
Local/Japan,Motion Control (運動控制),0.0001238465740378,0.0,,,0
Advantech (2395),Industrial PC (工業電腦),0.0001238465740378,0.0,,,0
Local,Lighting Modules (光源模組),0.0001238465740378,0.0,,,0
Local,Machining Parts (機構件),0.0001238465740378,0.0,,,0
Global,Silicon Wafer Suppliers (矽晶圓廠),0.0001238465740378,0.0,,,0
3691,碩禾,0.0001238465740378,0.0,,,1
Local,Glass Suppliers (玻璃廠),0.0001238465740378,0.0,,,0
Global,EVA/Backsheet Suppliers,0.0001238465740378,0.0,,,0
Delta/Sungrow,Inverter Suppliers,0.0001238465740378,0.0,,,0
Global,Equipment Principals (原廠),0.0001238465740378,0.0,,,0
Local,Precision Machining (精密加工),0.0001238465740378,0.0,,,0
Local,Chemical Suppliers (化學品),0.0001238465740378,0.0,,,0
Global,Pump/Valve Suppliers,0.0001238465740378,0.0,,,0
Global,Robot Suppliers (機械手臂),0.0001238465740378,0.0,,,0
8036.JP (Delisted),Hitachi High-Tech (日立),0.0001238465740378,0.0,,,0
6951.JP,JEOL (日本電子),0.0001238465740378,0.0,,,0
6965.JP,Hamamatsu Photonics,0.0001238465740378,0.0,,,0
Local/Global,Consumables Suppliers,0.0001238465740378,0.0,,,0
2330/5347,TSMC/Vanguard (晶圓代工),0.0001238465740378,0.0,,,0
002185.SZ,Tianshui Huatian (華天科技),0.0001238465740378,0.0,,,0
002156.SZ,TongFu Micro (通富微電),0.0001238465740378,0.0,,,0
Global,Memory Suppliers (記憶體),0.0001238465740378,0.0,,,0
1537,廣隆,0.0001238465740378,0.0,,,1
Private,CSB Battery (神戶電池),0.0001238465740378,0.0,,,0
Local,Plastic Case Suppliers,0.0001238465740378,0.0,,,0
TI/Infineon,Power Management IC,0.0001238465740378,0.0,,,0
Local,PCB Suppliers,0.0001238465740378,0.0,,,0
6127,九豪,0.0001238465740378,0.0,,,1
Global,Metal Paste Suppliers (漿料),0.0001238465740378,0.0,,,0
Global,Film Material Suppliers,0.0001238465740378,0.0,,,0
Global,Laser Equipment,0.0001238465740378,0.0,,,0
Local,Plating Materials,0.0001238465740378,0.0,,,0
Mitsubishi/Nippon Mining,Copper Suppliers (銅材廠),0.0001238465740378,0.0,,,0
Atotech/Local,Plating Chemicals (電鍍液),0.0001238465740378,0.0,,,0
Hitachi Metals,Mold Steel (模具鋼),0.0001238465740378,0.0,,,0
Global,Stamping Equipment,0.0001238465740378,0.0,,,0
Local,Packing Materials,0.0001238465740378,0.0,,,0
AWE.L,Alphawave,0.0001238465740378,0.0,,,0
4062.T,Ibiden (揖斐電),0.0001238465740378,0.0,,,0
1602,Pacific Electric (太電),0.0001238465740378,0.0,,,1
6190,萬泰科,0.0001238465740378,0.0,,,1
TEL,TE Connectivity,0.0001238465740378,0.0,,,0
Priv.,Molex,0.0001238465740378,0.0,,,0
1304,台聚,0.0001238465740378,0.0,,,1
7915.JP,Nissha (日本寫真),0.0001238465740378,0.0,,,0
6988.JP,Nitto Denko (日東電工),0.0001238465740378,0.0,,,0
Private,Cambrios (天材),0.0001238465740378,0.0,,,0
Internal,Wafer Fab (自製晶圓),0.0001238465740378,0.0,,,0
Global,Tanaka (田中貴金屬),0.0001238465740378,0.0,,,0
DIOD,Diodes Fab (達爾晶圓),0.0001238465740378,0.0,,,0
Private,Taiwan Polymer (台灣聚化),0.0001238465740378,0.0,,,0
Private,J-Space (家宇航太),0.0001238465740378,0.0,,,0
Local,Machining Suppliers (加工),0.0001238465740378,0.0,,,0
Private/Global,Game Developers (遊戲開發商),0.0001238465740378,0.0,,,0
Public,Banking Partners (合作銀行),0.0001238465740378,0.0,,,0
AMZN/GOOGL,AWS/Google Cloud,0.0001238465740378,0.0,,,0
Global,Security Solutions,0.0001238465740378,0.0,,,0
Local/Global,Copper Suppliers (銅材廠),0.0001238465740378,0.0,,,0
DuPont/Local,Plastic Suppliers (塑膠粒),0.0001238465740378,0.0,,,0
Local,Plating Services (電鍍),0.0001238465740378,0.0,,,0
Local,Mold Suppliers (模具),0.0001238465740378,0.0,,,0
Local,LED Components,0.0001238465740378,0.0,,,0
Internal,Chassis Manufacturing (自製機殼),0.0001238465740378,0.0,,,0
STX/WDC,Seagate/WD,0.0001238465740378,0.0,,,0
Local,PCB/Motherboard,0.0001238465740378,0.0,,,0
Local,PCB Suppliers,0.0001238465740378,0.0,,,0
Internal,Chassis Manuf. (自製機殼),0.0001238465740378,0.0,,,0
Micron/Samsung,Memory Suppliers (記憶體),0.0001238465740378,0.0,,,0
AMAT/TEL,Equipment Suppliers,0.0001238465740378,0.0,,,0
Local,Chemicals/Gases,0.0001238465740378,0.0,,,0
Private,Chang Chun Group (長春),0.0001238465740378,0.0,,,0
011780.KS,Kumho P&B,0.0001238465740378,0.0,,,0
Toray/Formosa,Carbon Fiber Precursor,0.0001238465740378,0.0,,,0
KLIC,Kulicke & Soffa (K&S),0.0001238465740378,0.0,,,0
6548,長科*,0.0001238465740378,0.0,,,1
FME.DE,Fresenius (費森尤斯),0.0001238465740378,0.0,,,0
BAX,Baxter (百特),0.0001238465740378,0.0,,,0
7702.T,JMS,0.0001238465740378,0.0,,,0
Private,Lumenis,0.0001238465740378,0.0,,,0
PFE,Pfizer (輝瑞),0.0001238465740378,0.0,,,0
Global,Fine Chemical Suppliers (原料藥廠),0.0001238465740378,0.0,,,0
Global,Liposome Materials (微脂體原料),0.0001238465740378,0.0,,,0
Schott/Nipro,Glass Vials (藥用玻璃),0.0001238465740378,0.0,,,0
Local,Packaging Materials (包材),0.0001238465740378,0.0,,,0
Sartorius/Merck,Biotech Equipment,0.0001238465740378,0.0,,,0
Local,Motor/Pump Suppliers (馬達/幫浦),0.0001238465740378,0.0,,,0
Formosa Plastics (台塑),Plastic Materials (塑膠原料),0.0001238465740378,0.0,,,0
Local,PCB Suppliers (電路板),0.0001238465740378,0.0,,,0
Global,Electronics (電子元件),0.0001238465740378,0.0,,,0
Local,Packaging (包材),0.0001238465740378,0.0,,,0
Global,Medical PVC Suppliers,0.0001238465740378,0.0,,,0
Lubrizol/Covestro,TPU Suppliers,0.0001238465740378,0.0,,,0
Global,Component Suppliers,0.0001238465740378,0.0,,,0
Local,Packaging Materials,0.0001238465740378,0.0,,,0
Local,Sterilization Services,0.0001238465740378,0.0,,,0
NVS,Novartis (諾華),0.0001238465740378,0.0,,,0
4569.T,Kyorin (杏林製藥),0.0001238465740378,0.0,,,0
Private,Tolmar,0.0001238465740378,0.0,,,0
068270.KS,Celltrion,0.0001238465740378,0.0,,,0
Global,NAC API Suppliers,0.0001238465740378,0.0,,,0
China/India,Fine Chemical Suppliers (中間體),0.0001238465740378,0.0,,,0
Local,Basic Chemicals (基礎化工),0.0001238465740378,0.0,,,0
Local,Packaging Materials,0.0001238465740378,0.0,,,0
Global,Equipment Suppliers,0.0001238465740378,0.0,,,0
Private,Investment Partners,0.0001238465740378,0.0,,,0
Academic,Research Institutions,0.0001238465740378,0.0,,,0
Global,Raw Material Suppliers,0.0001238465740378,0.0,,,0
Private,Shih-Kuen Plastics (世堃塑膠),0.0001238465740378,0.0,,,0
Private,Yuanyu Rubber (元裕橡膠),0.0001238465740378,0.0,,,0
4150,Sunder (善德),0.0001238465740378,0.0,,,1
Local,Sterilization,0.0001238465740378,0.0,,,0
Global,Herbal Material Suppliers,0.0001238465740378,0.0,,,0
Global,Organic Food Suppliers,0.0001238465740378,0.0,,,0
Local,Fermentation Substrates,0.0001238465740378,0.0,,,0
Local,Packaging Materials,0.0001238465740378,0.0,,,0
Global,Equipment Suppliers,0.0001238465740378,0.0,,,0
Global,Metal Suppliers (金屬原料),0.0001238465740378,0.0,,,0
Private,CeramTec (Biolox),0.0001238465740378,0.0,,,0
Global,Plastic Suppliers (塑膠原料),0.0001238465740378,0.0,,,0
Internal,Forging/Casting (鍛造/鑄造),0.0001238465740378,0.0,,,0
Global,Coating Materials,0.0001238465740378,0.0,,,0
Local,SPF Egg Suppliers (胚蛋),0.0001238465740378,0.0,,,0
Merck/Thermo,Culture Media (培養基),0.0001238465740378,0.0,,,0
Schott/Nipro,Glass Vials (針劑瓶),0.0001238465740378,0.0,,,0
Global,Adjuvants (佐劑),0.0001238465740378,0.0,,,0
Global,Equipment (生產設備),0.0001238465740378,0.0,,,0
2269.HK,WuXi Biologics (藥明生物),0.0001238465740378,0.0,,,0
207940.KS,Samsung Biologics (三星生物),0.0001238465740378,0.0,,,0
Global,Raw Material Suppliers,0.0001238465740378,0.0,,,0
Global,Testing Services,0.0001238465740378,0.0,,,0
Global,Clinical Partners (CRO),0.0001238465740378,0.0,,,0
Private,CMO Partners,0.0001238465740378,0.0,,,0
Private,CRO Partners,0.0001238465740378,0.0,,,0
Technology,Nanotype Tech,0.0001238465740378,0.0,,,0
Private,HLS (Hermes),0.0001238465740378,0.0,,,0
Global,Titanium Suppliers,0.0001238465740378,0.0,,,0
Global,Electronic Components,0.0001238465740378,0.0,,,0
Japan/Germany,Machining Equipment,0.0001238465740378,0.0,,,0
EKTA-B.ST,Elekta (醫科達),0.0001238465740378,0.0,,,0
IBAB.BR,IBA (Ion Beam),0.0001238465740378,0.0,,,0
Private,Swissray (瑞士雷),0.0001238465740378,0.0,,,0
ARAY,Accuray,0.0001238465740378,0.0,,,0
Local,Local Maintenance,0.0001238465740378,0.0,,,0
Global,Medical Device Brands (各類醫材廠),0.0001238465740378,0.0,,,0
ABT,Abbott (亞培),0.0001238465740378,0.0,,,0
NESN,Nestle (雀巢),0.0001238465740378,0.0,,,0
Local,Diaper Manufacturers (紙尿褲廠),0.0001238465740378,0.0,,,0
Internal,Private Label (自有品牌),0.0001238465740378,0.0,,,0
Private,Technoble,0.0001238465740378,0.0,,,0
Private,H. Reynaud & Fils,0.0001238465740378,0.0,,,0
Local,Local Bio-Tech (國內生技),0.0001238465740378,0.0,,,0
Local,Packaging Suppliers,0.0001238465740378,0.0,,,0
Local,Solvent Suppliers (溶劑廠),0.0001238465740378,0.0,,,0
Local,Fabric Suppliers (基布廠),0.0001238465740378,0.0,,,0
Global,Steel Suppliers (鋼材廠),0.0001238465740378,0.0,,,0
Global,Copper Suppliers (銅材廠),0.0001238465740378,0.0,,,0
Subsidiary,Rechi Motor (瑞展動能),0.0001238465740378,0.0,,,0
Local,Electronic Controllers,0.0001238465740378,0.0,,,0
ATI,Allegheny Tech (ATI),0.0001238465740378,0.0,,,0
Local,Local Machining Tools,0.0001238465740378,0.0,,,0
Global,Aluminum Suppliers,0.0001238465740378,0.0,,,0
Global,Copper Suppliers,0.0001238465740378,0.0,,,0
Local,Mold/Die Suppliers,0.0001238465740378,0.0,,,0
China/Global,Steel Bar Suppliers,0.0001238465740378,0.0,,,0
Global,Aluminum Suppliers,0.0001238465740378,0.0,,,0
Local,Plating Services,0.0001238465740378,0.0,,,0
4045.T,Toagosei (東亞合成),0.0001238465740378,0.0,,,0
Local,Chemical Traders (弘光/亙祥),0.0001238465740378,0.0,,,0
6202,盛群,0.0001238465740378,0.0,,,1
5471,松翰,0.0001238465740378,0.0,,,1
Local,Plastic Suppliers (塑膠射出),0.0001238465740378,0.0,,,0
Global,Chemical Reagents,0.0001238465740378,0.0,,,0
Global,Battery Suppliers,0.0001238465740378,0.0,,,0
Private,CMO Partners,0.0001238465740378,0.0,,,0
Private,CRO Partners,0.0001238465740378,0.0,,,0
Internal,Internal Planting Bases,0.0001238465740378,0.0,,,0
Private,Testing Services,0.0001238465740378,0.0,,,0
Local,Packaging Suppliers,0.0001238465740378,0.0,,,0
Global,Chemical Suppliers,0.0001238465740378,0.0,,,0
Local,Local Chemical Plants,0.0001238465740378,0.0,,,0
Local,Solvent Suppliers,0.0001238465740378,0.0,,,0
Local,Packaging,0.0001238465740378,0.0,,,0
Global,Equipment Suppliers,0.0001238465740378,0.0,,,0
5803.T,Fujikura (藤倉),0.0001238465740378,0.0,,,0
Local,Cable Material Suppliers,0.0001238465740378,0.0,,,0
Local,Steel Wire Suppliers,0.0001238465740378,0.0,,,0
Global,Equipment Suppliers,0.0001238465740378,0.0,,,0
Private,OPPO/Vivo,0.0001238465740378,0.0,,,0
Global,Memory Suppliers,0.0001238465740378,0.0,,,0
Japan/US,Laser Diode Suppliers,0.0001238465740378,0.0,,,0
Global,Driver IC Suppliers,0.0001238465740378,0.0,,,0
MTSI,Macom,0.0001238465740378,0.0,,,0
SMTC,Semtech,0.0001238465740378,0.0,,,0
Local,PCB Suppliers,0.0001238465740378,0.0,,,0
Subsidiary,Tymphany,0.0001238465740378,0.0,,,0
Global,Lens Suppliers,0.0001238465740378,0.0,,,0
Local,Mechanism Parts,0.0001238465740378,0.0,,,0
Local,PCB Suppliers,0.0001238465740378,0.0,,,0
Global,Connector Suppliers,0.0001238465740378,0.0,,,0
Local,Cable Suppliers,0.0001238465740378,0.0,,,0
Local,Chassis/Metal Parts,0.0001238465740378,0.0,,,0
Global,IC Suppliers,0.0001238465740378,0.0,,,0
Internal,Nuvoton (Owned Fab),0.0001238465740378,0.0,,,0
0981.HK,SMIC (中芯國際),0.0001238465740378,0.0,,,0
6213/6274,ITEQ (台虹/台燿),0.0001238465740378,0.0,,,0
Local,Chemical Suppliers,0.0001238465740378,0.0,,,0
China,Silicon Wafer Suppliers,0.0001238465740378,0.0,,,0
Invest,SiC Substrate (Shenghsin),0.0001238465740378,0.0,,,0
Local,Screen Suppliers,0.0001238465740378,0.0,,,0
Global,Chemical Suppliers,0.0001238465740378,0.0,,,0
Subsidiary/002475,Casetek/Luxshare (鎧勝/立訊),0.0001238465740378,0.0,,,0
Human,IT Talent Pool (專業人才),0.0001238465740378,0.0,,,0
Partner,Subcontractors (外包商),0.0001238465740378,0.0,,,0
AWS/Azure,Cloud Providers (雲端平台),0.0001238465740378,0.0,,,0
Global,Software Tool Vendors,0.0001238465740378,0.0,,,0
Local,Recruitment Agencies,0.0001238465740378,0.0,,,0
4944,Crystalwise (兆遠),0.0001238465740378,0.0,,,1
Japan/China,Substrate Suppliers,0.0001238465740378,0.0,,,0
Global,Gas Suppliers (Specialty Gases),0.0001238465740378,0.0,,,0
Local,Metal Target Suppliers,0.0001238465740378,0.0,,,0
Global,Equipment Parts,0.0001238465740378,0.0,,,0
4939,亞電,0.0001238465740378,0.0,,,1
Global,CCL Suppliers,0.0001238465740378,0.0,,,0
Global,Equipment Suppliers (Manz/Others),0.0001238465740378,0.0,,,0
Global,Chemical Suppliers,0.0001238465740378,0.0,,,0
Subsidiary,SPIL (矽品),0.0001238465740378,0.0,,,0
Local,Testing Houses,0.0001238465740378,0.0,,,0
Private,Nouryon,0.0001238465740378,0.0,,,0
Private,Vital Materials,0.0001238465740378,0.0,,,0
Global,Substrate Suppliers,0.0001238465740378,0.0,,,0
Linde/AirLiq,Gas Suppliers,0.0001238465740378,0.0,,,0
Local,PCB Suppliers,0.0001238465740378,0.0,,,0
IQE,IQE,0.0001238465740378,0.0,,,0
6706,惠特,0.0001238465740378,0.0,,,1
4005.T,Sumitomo Chemical,0.0001238465740378,0.0,,,0
Global,Gas Suppliers,0.0001238465740378,0.0,,,0
Local,Metal Target Suppliers,0.0001238465740378,0.0,,,0
Global,Scrap Steel Suppliers,0.0001238465740378,0.0,,,0
Global,Nickel Suppliers,0.0001238465740378,0.0,,,0
Global,Chrome Suppliers,0.0001238465740378,0.0,,,0
Global,Molybdenum Suppliers,0.0001238465740378,0.0,,,0
000825.SZ,TISCO (太鋼不鏽鋼),0.0001238465740378,0.0,,,0
8053.T,Sumitomo Corp (住友),0.0001238465740378,0.0,,,0
005490.KS,Posco (浦項),0.0001238465740378,0.0,,,0
Govt,TWSE (台灣證交所),0.0001238465740378,0.0,,,0
Govt,TAIFEX (台灣期交所),0.0001238465740378,0.0,,,0
Global,Global Data Feeds,0.0001238465740378,0.0,,,0
JP,Japanese Chemical Suppliers,0.0001238465740378,0.0,,,0
EU,European Chemical Suppliers,0.0001238465740378,0.0,,,0
Local,Local Solvent Suppliers,0.0001238465740378,0.0,,,0
600019.SH,Baosteel (寶鋼),0.0001238465740378,0.0,,,0
Global,Aluminum Suppliers,0.0001238465740378,0.0,,,0
Local,Mold Component Suppliers,0.0001238465740378,0.0,,,0
Local,Surface Treatment,0.0001238465740378,0.0,,,0
Global,IP Providers,0.0001238465740378,0.0,,,0
Unimicron,Substrate Suppliers,0.0001238465740378,0.0,,,0
Global,Cupola360 Suppliers,0.0001238465740378,0.0,,,0
Vietnam/Global,Aluminum Suppliers,0.0001238465740378,0.0,,,0
Formosa/ChinaSteel,Steel Suppliers,0.0001238465740378,0.0,,,0
Local,Coating Materials,0.0001238465740378,0.0,,,0
JP/TW,Machining Tools,0.0001238465740378,0.0,,,0
Local,Mold Materials,0.0001238465740378,0.0,,,0
Private,Kioxia (鎧俠),0.0001238465740378,0.0,,,0
5401.T,Nippon Steel (日本製鐵),0.0001238465740378,0.0,,,0
Local,Local Steel Suppliers,0.0001238465740378,0.0,,,0
Local,Surface Treatment,0.0001238465740378,0.0,,,0
Local,Packaging Suppliers,0.0001238465740378,0.0,,,0
STM,STMicro,0.0001238465740378,0.0,,,0
Private,Ginko (金可),0.0001238465740378,0.0,,,0
1813,寶利徠,0.0001238465740378,0.0,,,1
EL.PA,Luxottica,0.0001238465740378,0.0,,,0
7741.T,Hoya,0.0001238465740378,0.0,,,0
Local,Drone Component Suppliers,0.0001238465740378,0.0,,,0
Local,OSAT Providers,0.0001238465740378,0.0,,,0
Local,Software Partners,0.0001238465740378,0.0,,,0
Global,Silane Suppliers,0.0001238465740378,0.0,,,0
Kinsus,Substrate Suppliers,0.0001238465740378,0.0,,,0
Priv.,Nichia (日亞化),0.0001238465740378,0.0,,,0
MMM,3M,0.0001238465740378,0.0,,,0
Suntak/HannStar,PCB Suppliers,0.0001238465740378,0.0,,,0
Yageo/Walsin,Passive Comp,0.0001238465740378,0.0,,,0
Local,Aluminum Suppliers,0.0001238465740378,0.0,,,0
Hitachi/Daido,Mold Steel,0.0001238465740378,0.0,,,0
Global,Plastic Resins,0.0001238465740378,0.0,,,0
JP/TW,Processing Tools,0.0001238465740378,0.0,,,0
Local,Surface Treatment,0.0001238465740378,0.0,,,0
4063.T,Shin-Etsu Chemical (信越化學),0.0001238465740378,0.0,,,0
5384.T,Fujimi,0.0001238465740378,0.0,,,0
4186.T,TOK,0.0001238465740378,0.0,,,0
Atotech,Process Chemicals,0.0001238465740378,0.0,,,0
6861.T,Keyence (基恩斯),0.0001238465740378,0.0,,,0
6481.T,THK,0.0001238465740378,0.0,,,0
Local,Local Machining,0.0001238465740378,0.0,,,0
Advantech,Industrial PC,0.0001238465740378,0.0,,,0
Global,Copper Suppliers,0.0001238465740378,0.0,,,0
Dupont/Polyplastics,Plastic Resin,0.0001238465740378,0.0,,,0
Local,Plating Services,0.0001238465740378,0.0,,,0
In-house,Mold Makers,0.0001238465740378,0.0,,,0
Local,Aluminum Suppliers,0.0001238465740378,0.0,,,0
Chimei,Plastic Resins,0.0001238465740378,0.0,,,0
Yageo,Electronic Comp,0.0001238465740378,0.0,,,0
Delta/Sunon,Fans/Cooling,0.0001238465740378,0.0,,,0
603228.SH,Kinwong (景旺),0.0001238465740378,0.0,,,0
Private,AGY,0.0001238465740378,0.0,,,0
Local,Local Yarn Suppliers,0.0001238465740378,0.0,,,0
Global,Game Developers (原廠),0.0001238465740378,0.0,,,0
2912/5903,Convenience Stores,0.0001238465740378,0.0,,,0
WCH.DE,Wacker Chemie,0.0001238465740378,0.0,,,0
Private,Hemlock Semiconductor,0.0001238465740378,0.0,,,0
010060.KS,OCI Company,0.0001238465740378,0.0,,,0
4043.T,Tokuyama,0.0001238465740378,0.0,,,0
Toyo Tanso,Graphite Parts,0.0001238465740378,0.0,,,0
SAND.ST,Sandvik,0.0001238465740378,0.0,,,0
KMT,Kennametal,0.0001238465740378,0.0,,,0
Local,Local Equipment,0.0001238465740378,0.0,,,0
Subsidiary,Farglory Construction,0.0001238465740378,0.0,,,0
Local_Const,Construction Contractors,0.0001238465740378,0.0,,,0
Local_Stone,Stone Suppliers,0.0001238465740378,0.0,,,0
Local,Funeral Supplies,0.0001238465740378,0.0,,,0
Local_Design,Interior Design,0.0001238465740378,0.0,,,0
Private,Land Owners,0.0001238465740378,0.0,,,0
Subsidiary,Hong Lin Construction (宏林營造),0.0001238465740378,0.0,,,0
Local_Arch,Architects,0.0001238465740378,0.0,,,0
Private,Land Owners,0.0001238465740378,0.0,,,0
Subsidiary,Farglory Construction (遠雄營造),0.0001238465740378,0.0,,,0
Local_SI,System Integrators,0.0001238465740378,0.0,,,0
Local_Sec,Security Services,0.0001238465740378,0.0,,,0
Taipower,Utilities,0.0001238465740378,0.0,,,0
Local_Maint,Maintenance,0.0001238465740378,0.0,,,0
Oshima/Imabari,Japan Shipyards (日本造船廠),0.0001238465740378,0.0,,,0
Bunker_Global,Fuel Suppliers,0.0001238465740378,0.0,,,0
Global_Ports,Port Services,0.0001238465740378,0.0,,,0
Global_Ins,Insurance P&I,0.0001238465740378,0.0,,,0
Global_Crew,Crew Agencies,0.0001238465740378,0.0,,,0
CCL/Private,Costa/MSC Cruises,0.0001238465740378,0.0,,,0
Global_Hotel,Global Hotels,0.0001238465740378,0.0,,,0
Local_Ops,Local Operators,0.0001238465740378,0.0,,,0
Banks,Partner Banks (聯貸銀行團),0.0001238465740378,0.0,,,0
Local_Solar,Solar Module Makers,0.0001238465740378,0.0,,,0
Global_Mach,Machinery Suppliers,0.0001238465740378,0.0,,,0
Investors,Bond Investors,0.0001238465740378,0.0,,,0
Insurance,Insurance Co,0.0001238465740378,0.0,,,0
B2B_Dep,Corporate Depositors,0.0001238465740378,0.0,,,0
B2C_Dep,Retail Depositors,0.0001238465740378,0.0,,,0
CBC,Central Bank (央行),0.0001238465740378,0.0,,,0
Banks,Interbank Market,0.0001238465740378,0.0,,,0
B2C_Dep,Retail Depositors,0.0001238465740378,0.0,,,0
B2B_Dep,Corporate Depositors,0.0001238465740378,0.0,,,0
Global_IT,HCL/IBM,0.0001238465740378,0.0,,,0
Govt_Partner,Chunghwa Post (中華郵政),0.0001238465740378,0.0,,,0
Subsidiary,TDC (全台物流),0.0001238465740378,0.0,,,0
Subsidiary,Fubi Bread (福比麵包),0.0001238465740378,0.0,,,0
Subsidiary,Jin Hsin Food (晉欣食品),0.0001238465740378,0.0,,,0
OR.PA,L'Oreal Taiwan,0.0001238465740378,0.0,,,0
4911.T,Shiseido Taiwan,0.0001238465740378,0.0,,,0
4452.T,Kao Taiwan (花王),0.0001238465740378,0.0,,,0
OEM,Private Label Suppliers,0.0001238465740378,0.0,,,0
PG,P&G Taiwan,0.0001238465740378,0.0,,,0
ARM/Synopsys,IP Vendors,0.0001238465740378,0.0,,,0
Private,Chang Chun (長春),0.0001238465740378,0.0,,,0
Local,Chemical Suppliers,0.0001238465740378,0.0,,,0
Local,Aluminum Suppliers,0.0001238465740378,0.0,,,0
Delta/Sunon,Fan Suppliers,0.0001238465740378,0.0,,,0
Auras/AVC,Liquid Cooling Parts,0.0001238465740378,0.0,,,0
Local,Paint/Coating,0.0001238465740378,0.0,,,0
Priv.,S-82xx (Ricoh/Ablic),0.0001238465740378,0.0,,,0
Siemens/Fanuc,Motor/Drive Suppliers,0.0001238465740378,0.0,,,0
Research,ITRI (工研院),0.0001238465740378,0.0,,,0
Local,Steel Structure,0.0001238465740378,0.0,,,0
Tainergy (太極),Solar Cells,0.0001238465740378,0.0,,,0
Lingsen/Greatek,OSAT Partners,0.0001238465740378,0.0,,,0
GlobalWafers,Silicon Wafer,0.0001238465740378,0.0,,,0
Global_IP,IP Vendors,0.0001238465740378,0.0,,,0
Local_Eq,Equipment Suppliers,0.0001238465740378,0.0,,,0
Local_Steel,Steel/Piping,0.0001238465740378,0.0,,,0
Local_Sub,Sub-Contractors,0.0001238465740378,0.0,,,0
Schneider/ABB,Electrical Parts,0.0001238465740378,0.0,,,0
Global_Inst,Instrumentation,0.0001238465740378,0.0,,,0
AUO/Innolux,Panel Suppliers,0.0001238465740378,0.0,,,0
Fitipower (天鈺),Driver IC,0.0001238465740378,0.0,,,0
Local_PCB,PCB Suppliers,0.0001238465740378,0.0,,,0
Local_Mech,Case/Mechanical,0.0001238465740378,0.0,,,0
Private,Rohde & Schwarz (R&S),0.0001238465740378,0.0,,,0
6754.T,Anritsu (安立知),0.0001238465740378,0.0,,,0
ETS-Lindgren,Chamber Suppliers,0.0001238465740378,0.0,,,0
Passive,Component Suppliers,0.0001238465740378,0.0,,,0
Simmtech,Substrate Suppliers,0.0001238465740378,0.0,,,0
Local_Chem,Chemical Suppliers,0.0001238465740378,0.0,,,0
Advantest/Teradyne,Equipment_T,0.0001238465740378,0.0,,,0
Disco/K&S,Equipment_P,0.0001238465740378,0.0,,,0
Tanaka,Gold/Metal,0.0001238465740378,0.0,,,0
Private,Jiasheng (佳勝),0.0001238465740378,0.0,,,0
Local,Chemical Suppliers,0.0001238465740378,0.0,,,0
Local_Chem,Iron Oxide Suppliers,0.0001238465740378,0.0,,,0
Giga_Solar,Silver Paste Suppliers,0.0001238465740378,0.0,,,0
Local_Wire,Wire Suppliers,0.0001238465740378,0.0,,,0
Self/Local,Core Materials,0.0001238465740378,0.0,,,0
Local_Plas,Plastic Parts,0.0001238465740378,0.0,,,0
Internal,Self-manufactured (自製),0.0001238465740378,0.0,,,0
Giga_Solar,Silver Paste,0.0001238465740378,0.0,,,0
Local,Chemical Suppliers,0.0001238465740378,0.0,,,0
Local,Packaging Materials,0.0001238465740378,0.0,,,0
Subsidiary,Nanocomp Oy,0.0001238465740378,0.0,,,0
Nichia/Epistar,LED Suppliers,0.0001238465740378,0.0,,,0
Chimei/MGC,Plastic Resins,0.0001238465740378,0.0,,,0
Tripod,PCB Suppliers,0.0001238465740378,0.0,,,0
Private,Hemlock,0.0001238465740378,0.0,,,0
010060.Ks,OCI,0.0001238465740378,0.0,,,0
Toyo_Tanso,Graphite Parts,0.0001238465740378,0.0,,,0
Local,Cutting Fluid,0.0001238465740378,0.0,,,0
6273.T,SMC,0.0001238465740378,0.0,,,0
Kioxia/Micron,NAND Flash Makers,0.0001238465740378,0.0,,,0
6324.T,Harmonic Drive,0.0001238465740378,0.0,,,0
Panasonic,Motor Suppliers,0.0001238465740378,0.0,,,0
Yageo/Walsin,Component Suppliers,0.0001238465740378,0.0,,,0
ChangChun,Copper Foil,0.0001238465740378,0.0,,,0
Global_IC,IC Suppliers,0.0001238465740378,0.0,,,0
6215,和椿,0.0001238465740378,0.0,,,1
SMC/CKD,Pneumatic Parts,0.0001238465740378,0.0,,,0
Local_Steel,Raw Materials,0.0001238465740378,0.0,,,0
Omron/Keyence,Controller,0.0001238465740378,0.0,,,0
Local_Eng,Sub-contractors,0.0001238465740378,0.0,,,0
Walsin/First,Copper Suppliers,0.0001238465740378,0.0,,,0
Formosa,Plastic Resins,0.0001238465740378,0.0,,,0
Local_Plate,Plating Service,0.0001238465740378,0.0,,,0
Source_US/JP,Optical Comp,0.0001238465740378,0.0,,,0
Ti/NXP,IC Suppliers,0.0001238465740378,0.0,,,0
Nippon_Chemi,Capacitor Makers,0.0001238465740378,0.0,,,0
Infineon,Mosfet Suppliers,0.0001238465740378,0.0,,,0
Honghua,Fan Suppliers,0.0001238465740378,0.0,,,0
Local_Metal,Case/Metal,0.0001238465740378,0.0,,,0
Local_PCB,PCB Suppliers,0.0001238465740378,0.0,,,0
Ohara/Schott,Glass Suppliers,0.0001238465740378,0.0,,,0
Zeon/Mitsubishi,Plastic Resins,0.0001238465740378,0.0,,,0
Local_Chem,Coating Material,0.0001238465740378,0.0,,,0
Internal/Local,Mold Makers,0.0001238465740378,0.0,,,0
Sony/Omni,Sensor Suppliers,0.0001238465740378,0.0,,,0
Private,Chang Chun (長春),0.0001238465740378,0.0,,,0
HPQ/DELL,HP/Dell,0.0001238465740378,0.0,,,0
CRM,Tableau/Salesforce,0.0001238465740378,0.0,,,0
Local_Metal,Metal Suppliers,0.0001238465740378,0.0,,,0
Local_Plate,Plating Service,0.0001238465740378,0.0,,,0
Local_Spring,Spring Suppliers,0.0001238465740378,0.0,,,0
Internal,Machining,0.0001238465740378,0.0,,,0
JP/CH_Equip,Equipment,0.0001238465740378,0.0,,,0
MTRN,Materion,0.0001238465740378,0.0,,,0
Local_Copper,Copper Suppliers,0.0001238465740378,0.0,,,0
Local_Alu,Aluminum Suppliers,0.0001238465740378,0.0,,,0
Internal/Nidec,Liquid Cooling Parts,0.0001238465740378,0.0,,,0
ShinEtsu/Dow,Thermal Grease,0.0001238465740378,0.0,,,0
CN_Mg,Magnesium Suppliers,0.0001238465740378,0.0,,,0
Local_Alu,Aluminum Suppliers,0.0001238465740378,0.0,,,0
Local_Steel,Mold Materials,0.0001238465740378,0.0,,,0
Paint_Supplier,Coating Material,0.0001238465740378,0.0,,,0
DieCast_Equip,Equipment,0.0001238465740378,0.0,,,0
6146.T,Disco,0.0001238465740378,0.0,,,0
Unimicron/Kinsus,Substrate Suppliers,0.0001238465740378,0.0,,,0
SDI/ChangWah,Leadframe,0.0001238465740378,0.0,,,0
K&S,Wire Bonding,0.0001238465740378,0.0,,,0
Advantest/Teradyne,Testing Equipment,0.0001238465740378,0.0,,,0
Local_PCB,PCB Suppliers,0.0001238465740378,0.0,,,0
Transcend/Apacer,DRAM Modules,0.0001238465740378,0.0,,,0
Local_Metal,Chassis,0.0001238465740378,0.0,,,0
MPI/CHPT,Probe Card,0.0001238465740378,0.0,,,0
Yamaichi,Socket,0.0001238465740378,0.0,,,0
4118.T,Kaneka,0.0001238465740378,0.0,,,0
Kyocera/Maruwa,Ceramic Powder,0.0001238465740378,0.0,,,0
Laser_Eq,Substrate Equipment,0.0001238465740378,0.0,,,0
Atotech,Plating Chemicals,0.0001238465740378,0.0,,,0
Local_Copper,DBC/DPC Materials,0.0001238465740378,0.0,,,0
Teradyne,Testing Equipment,0.0001238465740378,0.0,,,0
Co-Tech/Nanya,Copper Foil,0.0001238465740378,0.0,,,0
ChangChun,Resin Suppliers,0.0001238465740378,0.0,,,0
Fulltech,Glass Fabric,0.0001238465740378,0.0,,,0
JP_Chem,Fillers,0.0001238465740378,0.0,,,0
Local_Motor,Motor Parts,0.0001238465740378,0.0,,,0
Formosa,Plastic Resins,0.0001238465740378,0.0,,,0
Rohm/Toshiba,IC Controller,0.0001238465740378,0.0,,,0
Local_PCB,PCB Suppliers,0.0001238465740378,0.0,,,0
CN_Magnet,Magnet Suppliers,0.0001238465740378,0.0,,,0
Zhen_Ding/Tripod,PCB Makers,0.0001238465740378,0.0,,,0
Epistar/Osram,LED Chips,0.0001238465740378,0.0,,,0
Yageo/Murata,Passive Components,0.0001238465740378,0.0,,,0
Driver_IC,IC Suppliers,0.0001238465740378,0.0,,,0
Senju,Solder Paste,0.0001238465740378,0.0,,,0
First_Copper,Copper Suppliers,0.0001238465740378,0.0,,,0
DuPont/Formosa,Plastic Resins,0.0001238465740378,0.0,,,0
Local_Plate,Plating Service,0.0001238465740378,0.0,,,0
Internal,Mold Makers,0.0001238465740378,0.0,,,0
Local_Rubber,Rubber Parts,0.0001238465740378,0.0,,,0
STM,STMicroelectronics (意法),0.0001238465740378,0.0,,,0
Priv.,CSB Energy (神戶電池/希世比),0.0001238465740378,0.0,,,0
Priv.,Schott (蕭特),0.0001238465740378,0.0,,,0
Priv.,Hesheng (合聖科技),0.0001238465740378,0.0,,,0
TPRO,Technoprobe,0.0001238465740378,0.0,,,0
SMIN.L,Smiths Interconnect,0.0001238465740378,0.0,,,0
6683,雍智科技,0.0001238465740378,0.0,,,1
SOLB,Torlon (Solvay),0.0001238465740378,0.0,,,0
MU/000660.KS,Micron/SK Hynix,0.0001238465740378,0.0,,,0
Priv.,Hung-Yao (鋐耀精工),0.0001238465740378,0.0,,,0
Priv.,Arburg,0.0001238465740378,0.0,,,0
7701.T,Shimadzu (島津),0.0001238465740378,0.0,,,0
MX,MagnaChip,0.0001238465740378,0.0,,,0
China_Tungsten,Tungsten Suppliers,0.0001238465740378,0.0,,,0
5711.T,Mitsubishi Materials,0.0001238465740378,0.0,,,0
SAND,Sandvik,0.0001238465740378,0.0,,,0
Rollomatic,Grinding Machines,0.0001238465740378,0.0,,,0
Local_Chem,Coating Materials,0.0001238465740378,0.0,,,0
Private,Auterion,0.0001238465740378,0.0,,,0
Private,T-Motor,0.0001238465740378,0.0,,,0
TW_CNC,Local Machining,0.0001238465740378,0.0,,,0
Local_CF,Carbon Fiber,0.0001238465740378,0.0,,,0
US_Factory,US Component JV,0.0001238465740378,0.0,,,0
8171,天宇,0.0001238465740378,0.0,,,1
CATA/BYD,Battery Cells,0.0001238465740378,0.0,,,0
Local_IC,BMS Components,0.0001238465740378,0.0,,,0
Local_Metal,Enclosure,0.0001238465740378,0.0,,,0
Nanya/Co-Tech,Copper Foil,0.0001238465740378,0.0,,,0
Toray,Protective Film,0.0001238465740378,0.0,,,0
Showa_Denko,Aluminum Foil,0.0001238465740378,0.0,,,0
Local_Chem,Electrolyte Chems,0.0001238465740378,0.0,,,0
Seal_Supplier,Rubber Seals,0.0001238465740378,0.0,,,0
Case_Supplier,Aluminum Case,0.0001238465740378,0.0,,,0
2357/2353,3C Brands (Asus/Acer/HP),0.0001238465740378,0.0,,,0
Uni-Pre/P&G,FMCG Brands,0.0001238465740378,0.0,,,0
Logistics,Logistics (Pickupp/Lalamove),0.0001238465740378,0.0,,,0
Pi_Wallet,Payment Systems,0.0001238465740378,0.0,,,0
Csun/Manz,Equipment Suppliers,0.0001238465740378,0.0,,,0
Atotech,Chemicals,0.0001238465740378,0.0,,,0
Transcend/Apacer,Memory Suppliers,0.0001238465740378,0.0,,,0
Local_PCB,PCB Makers,0.0001238465740378,0.0,,,0
Local_Metal,Chassis Makers,0.0001238465740378,0.0,,,0
Internal,Starblaze (星河 - 子公司),0.0001238465740378,0.0,,,0
5713.T,Sumitomo Metal Mining (住友金屬礦山),0.0001238465740378,0.0,,,0
4203.T,Sumitomo Bakelite (住友電木),0.0001238465740378,0.0,,,0
Global_Copper,Metal Suppliers,0.0001238465740378,0.0,,,0
Yamada,Equipment Makers,0.0001238465740378,0.0,,,0
Greatek/Lingsen,Packaging,0.0001238465740378,0.0,,,0
Local_Copper,Copper Alloy Suppliers,0.0001238465740378,0.0,,,0
Local_Plastic,Plastic Suppliers,0.0001238465740378,0.0,,,0
Local_Plating,Plating Services,0.0001238465740378,0.0,,,0
Local_Wire,Cable Suppliers,0.0001238465740378,0.0,,,0
Internal/Local,Mold Makers,0.0001238465740378,0.0,,,0
Advantest/Teradyne,Equipment Suppliers,0.0001238465740378,0.0,,,0
Sumitomo,Material Suppliers,0.0001238465740378,0.0,,,0
CWTC (長科),Leadframe Suppliers,0.0001238465740378,0.0,,,0
Local_Metal,Leadframe Suppliers,0.0001238465740378,0.0,,,0
Intematix,Phosphor Suppliers,0.0001238465740378,0.0,,,0
TSMC/ASE,Silicon Photonics Alliance,0.0001238465740378,0.0,,,0
6105 (Delisted),Portwell (瑞傳 - 子公司),0.0001238465740378,0.0,,,0
AUO/Innolux,Panel Suppliers,0.0001238465740378,0.0,,,0
Module_Maker,Memory/Storage,0.0001238465740378,0.0,,,0
Global_Chem,Iron Oxide Suppliers,0.0001238465740378,0.0,,,0
Raw_Material,Manganese/Zinc,0.0001238465740378,0.0,,,0
Sintering,Equipment,0.0001238465740378,0.0,,,0
Internal,Internal (SiC),0.0001238465740378,0.0,,,0
Unimicron,Substrate Suppliers,0.0001238465740378,0.0,,,0
SDI,Leadframe Suppliers,0.0001238465740378,0.0,,,0
Tanaka,Gold Wire,0.0001238465740378,0.0,,,0
CCP/Nanya,Copper Foil,0.0001238465740378,0.0,,,0
Csun,Equipment,0.0001238465740378,0.0,,,0
Private,Haikon (海昌 - 子公司),0.0001238465740378,0.0,,,0
Panasonic,Battery Cells,0.0001238465740378,0.0,,,0
Local_Supplier,Plastic/Metal,0.0001238465740378,0.0,,,0
Fuji_Ti,MLCC Materials,0.0001238465740378,0.0,,,0
Private,Darfon Energy (達宇 - 子公司),0.0001238465740378,0.0,,,0
Local_Conn,Connector Suppliers,0.0001238465740378,0.0,,,0
Sunon/Delta,Fan Suppliers,0.0001238465740378,0.0,,,0
Kuraray,PVA Film Suppliers,0.0001238465740378,0.0,,,0
Fujifilm,TAC Film Suppliers,0.0001238465740378,0.0,,,0
Global_Chem,Medical Raw Materials,0.0001238465740378,0.0,,,0
Private,Webio (衛普實業),0.0001238465740378,0.0,,,0
Local/Japan,Equipment,0.0001238465740378,0.0,,,0
Global_Steel,Specialty Steel Suppliers,0.0001238465740378,0.0,,,0
Trumpf,Equipment Suppliers,0.0001238465740378,0.0,,,0
Local_Chem,Chemical Suppliers,0.0001238465740378,0.0,,,0
Local_Tool,Tooling Suppliers,0.0001238465740378,0.0,,,0
Local_Coat,Coating Services,0.0001238465740378,0.0,,,0
Local_Copper,Copper Base,0.0001238465740378,0.0,,,0
Sumitomo,Epoxy Molding,0.0001238465740378,0.0,,,0
Soldering,Equipment,0.0001238465740378,0.0,,,0
Foundry,Foundry Partners,0.0001238465740378,0.0,,,0
Global_SiC,SiC Substrate,0.0001238465740378,0.0,,,0
Private,Kioxia (鎧俠),0.0001238465740378,0.0,,,0
Local_Equip,Equipment Suppliers,0.0001238465740378,0.0,,,0
Local_Chem,Chemical Suppliers,0.0001238465740378,0.0,,,0
Chin_Sim (青新),Fleet/Logistics,0.0001238465740378,0.0,,,0
Taipower,Energy Suppliers,0.0001238465740378,0.0,,,0
Cement_Co,Cement Plants,0.0001238465740378,0.0,,,0
Local_Coat,Coating Suppliers,0.0001238465740378,0.0,,,0
Local_Heat,Heat Treatment,0.0001238465740378,0.0,,,0
Local_Mold,Tooling Makers,0.0001238465740378,0.0,,,0
Global_Mine,Copper Suppliers,0.0001238465740378,0.0,,,0
Gov,Taipower (台電),0.0001238465740378,0.0,,,0
Local_Chem,Chemical Suppliers,0.0001238465740378,0.0,,,0
Japan_Equip,Drum Makers,0.0001238465740378,0.0,,,0
Local_Pack,Packaging,0.0001238465740378,0.0,,,0
Private,SilverStone (銀泰),0.0001238465740378,0.0,,,0
6407.T,CKD,0.0001238465740378,0.0,,,0
US_Brand,E-Switch,0.0001238465740378,0.0,,,0
Private,Festo,0.0001238465740378,0.0,,,0
Global_Al,Aluminum Suppliers,0.0001238465740378,0.0,,,0
Local_Steel,Steel Suppliers,0.0001238465740378,0.0,,,0
Local_Motor,Motor/Control,0.0001238465740378,0.0,,,0
Local_Coat,Surface Treatment,0.0001238465740378,0.0,,,0
6829,千附精密,0.0001238465740378,0.0,,,1
Local_Steel,Steel Mills,0.0001238465740378,0.0,,,0
Local_Tech,Electronics Factories,0.0001238465740378,0.0,,,0
Cement_Chem,Solidification Agents,0.0001238465740378,0.0,,,0
Logistics,Transport Fleet,0.0001238465740378,0.0,,,0
Heavy_Equip,Excavation Equip,0.0001238465740378,0.0,,,0
Global_Bio,Natural Extract Suppliers,0.0001238465740378,0.0,,,0
Internal,Bio-Mining (Self),0.0001238465740378,0.0,,,0
Bottle/Box,Packaging Suppliers,0.0001238465740378,0.0,,,0
Japan/EU,Collagen Suppliers,0.0001238465740378,0.0,,,0
Local_Farm,Fruit/Veg Suppliers,0.0001238465740378,0.0,,,0
Global_Brand,Brand Vendors (3C/Home/Beauty),0.0001238465740378,0.0,,,0
2642,宅配通,0.0001238465740378,0.0,,,1
Private,HCT Logistics (新竹物流),0.0001238465740378,0.0,,,0
Local_Paper,Packaging Suppliers,0.0001238465740378,0.0,,,0
Formosa,PVC Suppliers,0.0001238465740378,0.0,,,0
Global_Al,Aluminum Suppliers,0.0001238465740378,0.0,,,0
Global_Wood,Wood Suppliers,0.0001238465740378,0.0,,,0
Local_Textile,Textile Suppliers,0.0001238465740378,0.0,,,0
Long_Chen,Carton Suppliers,0.0001238465740378,0.0,,,0
Formosa/China,PVC Suppliers,0.0001238465740378,0.0,,,0
UPC (聯成),Plasticizer Suppliers,0.0001238465740378,0.0,,,0
Local_Mine,Stone Powder,0.0001238465740378,0.0,,,0
Local_Film,Print Film,0.0001238465740378,0.0,,,0
Extruder,Equipment,0.0001238465740378,0.0,,,0
Toray/Formosa,Carbon Fiber Suppliers,0.0001238465740378,0.0,,,0
Swancor (上緯),Resin Suppliers,0.0001238465740378,0.0,,,0
Local_Rubber,Grip Materials,0.0001238465740378,0.0,,,0
GE,GE Vernova,0.0001238465740378,0.0,,,0
Delta/Phihong,Charging Pile Makers,0.0001238465740378,0.0,,,0
URE/AUO,Solar Module Suppliers,0.0001238465740378,0.0,,,0
Sub_Const,Construction Co.,0.0001238465740378,0.0,,,0
Yusco (燁聯),Stainless Steel Suppliers,0.0001238465740378,0.0,,,0
Global_Metal,Copper/Nickel Suppliers,0.0001238465740378,0.0,,,0
Vacuum_Furnace,Equipment Suppliers,0.0001238465740378,0.0,,,0
CPC/Staubli,Quick Connectors,0.0001238465740378,0.0,,,0
Local_Metal,Manifold Materials,0.0001238465740378,0.0,,,0
1307,三芳,0.0001238465740378,0.0,,,1
Local_Rubber,Soles Suppliers,0.0001238465740378,0.0,,,0
Internal,Local Molds,0.0001238465740378,0.0,,,0
Japan_Valve,Gas Valve Suppliers,0.0001238465740378,0.0,,,0
Local_Glass,Glass Suppliers,0.0001238465740378,0.0,,,0
Local_Motor,Motor Suppliers,0.0001238465740378,0.0,,,0
EU_Import,Cabinet Board,0.0001238465740378,0.0,,,0
Private,SRAM (速聯),0.0001238465740378,0.0,,,0
2106,建大,0.0001238465740378,0.0,,,1
Internal/Local,Frame Suppliers,0.0001238465740378,0.0,,,0
Sub_Mfg,Li-Jie International (立捷國際),0.0001238465740378,0.0,,,0
Local_Opt,Camera Module,0.0001238465740378,0.0,,,0
Local_IT,Server Suppliers,0.0001238465740378,0.0,,,0
Car_Maker,Vehicle Fleet,0.0001238465740378,0.0,,,0
Private,SRAM (速聯),0.0001238465740378,0.0,,,0
FOXF,Fox (Fox Factory),0.0001238465740378,0.0,,,0
GE,GE Vernova,0.0001238465740378,0.0,,,0
Local_Civil,Civil Subcontractors,0.0001238465740378,0.0,,,0
China_Steel_Str,Steel Structure,0.0001238465740378,0.0,,,0
Local_Pipe,Piping Materials,0.0001238465740378,0.0,,,0
Local_Rubber,Rubber Suppliers,0.0001238465740378,0.0,,,0
Local_Chem,Dye Suppliers,0.0001238465740378,0.0,,,0
Formosa_Chem,Nylon Yarn,0.0001238465740378,0.0,,,0
Cheng_Loong,Paper Suppliers,0.0001238465740378,0.0,,,0
Local_Ink,Ink Suppliers,0.0001238465740378,0.0,,,0
Nan_Ya_Film,Film Suppliers,0.0001238465740378,0.0,,,0
Bank_Syn,Domestic Banks (銀行團),0.0001238465740378,0.0,,,0
Bond_Mkt,Bond Investors,0.0001238465740378,0.0,,,0
6592,和潤企業,0.0001238465740378,0.0,,,1
DuPont/JSR,Rubber Suppliers,0.0001238465740378,0.0,,,0
Local_Metal,Metal Shell Suppliers,0.0001238465740378,0.0,,,0
Local_Spring,Spring Suppliers,0.0001238465740378,0.0,,,0
Chemour,Teflon Suppliers,0.0001238465740378,0.0,,,0
Logistics,Shipping Co.,0.0001238465740378,0.0,,,0
2597,潤弘,0.0001238465740378,0.0,,,1
China_Steel,Steel Suppliers,0.0001238465740378,0.0,,,0
Private_Land,Land Owners,0.0001238465740378,0.0,,,0
Investment,Nan Shan Life (南山人壽),0.0001238465740378,0.0,,,0
Local_Textile,Fabric Suppliers,0.0001238465740378,0.0,,,0
Local_Plastic,Plastic Injection,0.0001238465740378,0.0,,,0
Local_Metal,Metal Stamping,0.0001238465740378,0.0,,,0
Small_Motor,Motor Suppliers,0.0001238465740378,0.0,,,0
Local_Al,Aluminum Extrusion,0.0001238465740378,0.0,,,0
TSMC/UMC,Tech Factors (Semi/PCB),0.0001238465740378,0.0,,,0
Unimicron,PCB Makers,0.0001238465740378,0.0,,,0
B2B_Ind,Industrial Waste,0.0001238465740378,0.0,,,0
Local_Chem,Chemical Suppliers,0.0001238465740378,0.0,,,0
Incinerator,Equipment,0.0001238465740378,0.0,,,0
Partner,Bladt Industries,0.0001238465740378,0.0,,,0
Local_Weld,Welding Material,0.0001238465740378,0.0,,,0
Nippon_Paint,Paint Suppliers,0.0001238465740378,0.0,,,0
